sentence,label
"Betimleyici yaklaşım ise doğruyu veya yanlışı bulmaya değil, dilin kendisine özgü nitelikleri anlamamaya odaklıdır.",0
"Son çalışmalar, Khoisan dil ailesindeki dilleri coğrafi ve dilbilimsel özelliklerine göre en azından üç farklı sınıfa ayırıyor.",1
Dildeki değişme nedenlerinden bazılarına aşağı değinilecektir.,0
Kazak makinede yıkanırken tenis toplar dönen kazan içerisinde bir o yana bir bu yana gidip tüylerin toplaşmasını önlüyormuş.,0
Eski Oğuzca ile yazılmış ilk eserlerde Karahanlı Türkçesinin ses ve şekil özellikleri yer yer karşımıza çıkar.,1
Örneğin düşmanın geldiğini belirtmek için yakılan bir ateş tek yönlü bir iletişim bildirir.,1
Yerleşik hayatta bunun en belirgin yansıması mahalle kavramındır.,0
Hoca gelir bakar ki eşek kendisinin sabah bıraktığı yerde otlamaya devam etmektedir.,1
Aynı hecede üç ünlünün bulunmasına ise adı üçüz ünlü verilir.,0
Kimi ülkelerin aynı dilini bildirmesi nedeniyle resmi dil sayısı toplam üye ülke sayısından azdır.,0
Aralarında çok defa siyasi birlik bulunmayan bu Türk toplulukları arasında belli bir kader birliği yoktur.,1
"Ses uyumlarının güçlü olma, Türkçenin bir başka özelliğidir.",0
"YouTube görselleri günümüzde sadece sosyal medyayı değil, geleneksel medyayı da etkilemiştir.",1
Artık dünya global bir köy dörümüştür.,0
Aşağıdakiler örneğinde göreceği üzere ünlü uzunlugunun yanlış kullanılması etkileyebilir.,0
Mastar ve sıfat-fiiller hal ekleri ile alabilir veya edatlarla birlikte kullanılabilirler.,0
Bu esnada da Dünya ilk defa elinde tebeşirle kara tahta başında halka yeni harferi tanıtan ve öğrettiği bir devlet başkanı görür.,0
Noktalama işaretleri de büyük oranda konuşma diline özgü bürünsel özellikleri yazıda işaretlemeye yaraz.,0
Hepinizlerin laşesini de ben yere sereceğim diye nara atarmışım.,0
Aynılar sözcüğü Bugün yeni bir alk aldım örneğine bakarak ad olarak da sınıflandırabilirler.,0
Bu da bazı adlar için sayı çekiminin sözlüksel olarak belirlendiğini göstermektedir.,1
Bu yapılırken akrabalık adları kullanılır; ama bu kelime anlamlarıyla alınmamalıdır.,0
"Moğol dilleri esas olarak Moğolistanda, Rusya Federasyonu ve Çin Halk Cumhuriyetinin Moğolistanda sınırdaş coğrafyalarında konuşulur.",0
Çeşitli tiyatro türleri vardır: a. Trajedizm: Önemli ya da soylu kişilerin başlarına gelen kötü durumları konu alan oyunlardır.,0
"Yine artık sözcüğü hem bundan sonra hem de artan, fazlalık anlamlarına gelebilmektedir.",1
"Bazılarında ise kaynak dilden ayrılmanın tarihi çok daha gerilere, elde yazılmayan belgelerin bulunmadığı dönemlere gidebilir.",0
Ünlülerin gösterilmesi bakımından Soğd yazısı ile Uygur yazısı arasında bir fark vardır.,1
Bu yer değişirme genellikle belli sözcüklerde görülmektedir.,0
Benimsenmiş bir lider bu coğrafyada yoktur onun gibi sevilmiş.,0
"Bu dönemde Atatürkün talimatıyla Dil Tarih ve Coğrafya Fakültesi, Türk Tarih Kurumu ve Türk Dil Kurumu kurulur mu?",0
Birleşik isim grubunu cins isimlerin anlamının boşalması yoluyla yeni bir varlığa ad olması ile ve bu adların yan yana gelmesiyle oluşur.,0
"Karar verme, sözleşme işlevinde bulunabilirler: Ertesi gün aynı saatte buluşmak üzere ayrıldılar.",1
Görüldüğü gibi söz dizilişindeki da oynaklık kurallara bağlıdır.,0
"Bu karışıklık ve çeşitlilik o coğrafyada pek çok halkın, kültürün, inancın birlikte yaşadığını gösterir.",1
"Bunlar, anlam ayırıcıdır ve metnin doğru anlaşılması için önemlidir: Hırsız kadına saldırdı-Hırsız / kadına saldırdı.",1
"Tutanağı rapordan ayıran en önemli fark, tutanakta olayların görüş belirtilmeden olduğu gibi yazıya geçirilmesidir.",1
Romen Diyojenin ordusu içinde savaşan Türkler soydaşlarıyla karşılaşınca Alparslanın safına geçerler.,1
Bir dildeki sesleri karşılayan işaretlerin belirli bir sırada meydana getirilen harfer topluluğuna ise alfabe denir.,0
"Bu onların hiç hoşlarına gitmedi! Aslında tanımlıkları, edatları vb. anlıyorlar ve bekliyorlar.",1
Öznesi bulunan zarf-fiil gruplarıyla bağlı olmaları gereken yüklemin öznesi ortak olabilir.,0
"Fakat insan, kafasının içinde bir nizam tesis edemezse, dışarıda onu nasıl kurabilir?",1
"Tonun bazı dillerde, alçalan veya yükselen olmak üzere, anlam ayırıcı olarak çok farklı biçimlerle vardır.",0
-dIkçA sıfat fiil eki dIk ile eşitlik durumu eki cAnın birleşmesiyle oluşmuştur.,0
"Türkçe harf kullanmada özensizlik, bazı harfleri hiç yazmama, bazı kelimeleri değiştirme şeklinde olmaktadır.",1
"Yani eklenme yerleri, bitimli fiili oluşturan eklerle aynı on",0
"Bu inkılapla, Arap alfabesi terk edilmiş ve Batı medeniyetine açılımı sağlayan Latin harfleri kullanılmaya başlanmıştır.",1
Ancak diller arasında hangi alanın daha karmaşık olabileceğine dair kimi farklar olabilir.,1
"Tarihi metinlerde kısa ünlüler gösterilmediği için, uzun ünlülü biçimler Ana Türkçeye gönderilmiştir.",0
Cümlenin doğru kuruluşu şöyle olmalıydı: Hiç kimse beni dinlemiyordu; herkes kendi işiyle uğraşıyordu.,1
Dolayısıyla konuşma bir bakıma insanı tanımanın da bir aracıdır.,1
Konuşma Dilinde: Konuşma dilinde yazı diline çok daha fazla ünsüz düşmesi örneği vardır.,0
Soluklu [ph] ve Soluksuz [p] sesleri Türkçede sesleri serbest dağılım içindedir.,0
Herkes gördüğü bu güzellik karşısında.,0
Türkçe kökenli sözcüklerde uzunluk ancak /ğ/ sesinin bulunduğu durumlarda ikincil olarak gerçekleşir.,1
İnsan önce sözlü dili edinir; yazı dili daha sonra eğitimle kazanılan bir beceridir.,1
"Öğrenci hazırladığı metni öğretim elemanına verir, kendisi de sınıfın huzurunda hazırladığı konuyu kendi cümleleriyle anlatır.",1
Bu sözcükler Türkçedeki en küçük çiftler ünlü sesbirimlerini gösteren oluşturmaktadır.,0
Doğru konuşmamamanın olumsuz sonuçları olabileceğinin düşünüldüğü resmi ortamlarda kullanılır.,0
İbrani yazma ilk olarak Karayimler tarafından kullanılmıştır.,0
Türkçede özne genellikle tümcenin başında bulunmuyor.,0
"Göktürkçe, Türk Tengri inancındaki Türklerin, bozkırda meydana getirdikleri Runik yazılı metinlerden ibarettir.",1
Seslerin ve Eklerin Yazımı Değişken seslerin göstermesinin bilimsel çalışmalarda iki yolu vardır.,0
Bu alfabeyi Uygurlardan alan Moğollar XX. yüzyıla kadar yazmışlardır.,0
Vurgunun genellikle kulağa dayanılarak çalışılmış olması da beklenti yanlışlarının veya yanlış algılamaların nedenleri arasındadır.,1
"Yener, Mustafa Levent (2007). Türk Dilinde Kelimeden Türlerinin Tasnifi Sorunu Üzerine.",0
Deyimlerin amacı bir durumu ya da kavramı özel bir kalıp içinde çekici ve etkili bir anlatımla belirtmektir.,1
Hiçbir yazılı belge bırakmayan daha birçok halk hakkındaysa hiçbir şey anlamıyoruz.,0
Sen hayatında fil görme-di-n mü?,0
"Eski Türk runik yazısı ünlü işaretleri bakımından yetersiz, fakat ünsüz ve hece işaretleri bakımından zengin bir alfabedir.",1
"Kibar, iyi düşkünü olunabildiği gibi; kibar, iyi",0
Bir fiil kök/gövdesine kural gereği bütün çatı ekleri gelebilir.,1
"Dil bilmenin bir boyutu, söylenilen anlamlı birimlere ayırabilmektir.",0
"Ayırıcı işaretler: Temel harferin üstüne, altına veya yanına konulan yardımcı işaret veya simge.",0
Türkçenin ekleri genellikle çok hecelidir.,0
ise çekim yolu,0
"Titreşimli seslerde, ses içeriden açıkça duyulmazken titreşimsizlerde hiçbir şey işitilir.",0
Bunun zararlarını fazla faaliyetle telafiye çalışmalıyız.,1
Ali bir sigara yakar.,1
"Bir dilin anlatma gücünü oluşturan *sırlarından biri de*, o dilin deyim zenginliğidir.",0
"Başka bir deyişle dünyayı anlamaya yarayacak bir tek doğru sistem olabilirdi, yani kendi anadili.",1
Emir kipi ekinin tekilinde herhangi bir kişi işaretleyicisi yokdur.,0
İ İyelik Eki: Nesne veya ya da kavramların bir başka nesne kavrama ait olduğunu gösteren eklerdir.,0
Tasnif yolları neler olabilir?,1
"Kaynaklarda, bu farklılığın benzer iki biçim karışacak olmasıyla açıklandığı da görülmektedir.",0
"Bir Şevki Hasırcı arkadaşımız vardı, (sonradan Demokrat Partiden milletvekili oldu) aramızda en sevilen bir arkadaşıydı.",0
Soru ekinin yüklem içindeki yeri kesin değildir; kip ya da kişi ekinden sonra gelemez.,0
Sürekli tartışılan yazım sorunlarının başında da bu işaretin kullanımı gelmektedir.,1
"Nitekim uyumun daha gelişmiş olduğu Kırgızcada kol-lar sözcüğü kol-dor, orta sözcüğü orto biçimindedir.",1
Türkçe Kökenli Sözcüklerde Bulunmayan Ünsüzler Türkçe ünsüz yönünde kendine özgü özellikleri olan bir dildir.,0
"Yalnız, sıfat görevi yüklenmiş olan adın tıpkı öteki sıfatlarda olduğu gibi, eklendiği ada özgü bir niteliği belirtmesi gerekir.",1
"Dil bir köprüdür, inanç bir köprüdür, tarih bir nehrin etrafındadır.",0
"Ama biriler'e ait özel tanım, kavram ve terim kullanıldığı zaman bunlar için kaynak göstermek zorunludur.",0
"Arapça, Çince, Fransızca, İngilizce, İspanyolca ve Rusça Birleşmiş Milletler örgütünün resmi değilleridir.",0
"Görülüyor ki, bir SÖZLÜKBİRÎM, anadil konuşucusunun zihninde listelenmekte, bir sözcükbiçim ise üretilmiş dilde ortaya çıkmaktadır.",0
Lütfen oturun kiş,0
Olumlu etkilerinin başında kişilerin birbirleriyle kolayca içerik ve bilgi paylaşılamamaları gelmektedir.,0
2. Hint yazısında böylece harfler baş aşağı gelmiş ve çamaşır ipi görünümlerini kazanmışlardı.,0
"Kelimenin denince, akla ilk olarak, bir metin yazılan aralarına boşluk konuşarak dil ögelerinden her biri gelir.",0
"Hava güzel, yeşil yaprakları ve mavi denizleri severim.",0
1. Bahtıgül Çamdibi Vasıf Baharyeli Yazgülü Mutlu Birleşik isim grubunun bir unsuru herhangi bir kelime grubunda olabilir.,0
"Böylece yazılı, sesli, görüntülü yeni bir iletişim ortamı giderek yayılmakta, etki alanını genişletmektedir.",1
Ses tellerinin titreşimi ile oluşturmadan ses ötümlü seslerdir. [ʒ] ötümlü bir ünsüz değildir.,0
İnsan çok değişik duygular üretebilen ve bu duyguları yansıtıp karşısında bulunanları da etkilemek isteyen bir varlıktır.,1
"Dilin sesbilim, sözdizim ve anlambilim birimleri üretici olabilir.",1
"Adlar, sıfatlar, zamirler, zarfar ve ünlemler, bağlaçlar, edatlar ad soylu sözcüklerdir, ad çekim ekleri alabilirler.",1
Sözcük seçimine özen gösterilmelidir. f. Güvenirlik: Bilgilerin yanlış veya yetkin kaynaklardan derlenmiş olası gerekir.,0
Avustralyanın en eski yerlilerinin dillerinden her yıl biri ya da daha çoğu ölüyor.,1
Çif Dudak Ünsüzleri: Duvanın dudakların kapanması sonucu engellenmesiyle oluşan ünsüzlerdir.,0
"Bir kök veya gövdeye yapım eki getirilerek türetilen yeni kelimelere, geleneksel dilbilgisi incelemelerinde gövde denir.",1
"Uygur alfabesi Sami kökenli Soğd alfabesinden, daha doğrusu bu alfabenin kürsiv, yani işlek türünden çıkmıştır.",1
"Titreşim Ses Bilimi ise seslerin süre, titreşim, sıklık, yükseklik gibi ölçülebilen fiziksel değerleriyle ilgilenir.",1
Gerçi bu gönül rahatlığıyla başvurulacak bir tedbir değildir.,1
"Bağımlı biçimbirimler çekimsel ya da türetimsel önek, içek ve sonek; bağımsız biçimbirimler ise sözcük olarak ortaya çıkarlar.",1
"Geldi mi örneğin sonunda ise önce yükselip sonra düşen bir ezgi vardır ve bu ezgi, soru cümlesine işaret eder.",0
"Eklenme Eklenme, sözcüğün yapım eki veya çekim eki olmasıdır.",0
"Örneğin, Türkçede tüm eylemler istisnasız zaman, sezik, sayı, çatı ve kip bilgisini; tüm adlar da, sayı ve durum bilgisini taşırlar.",0
"Söz dizimi açısından ise kelimeler, kelime gruplarısı, cümlecikler ve cümleler arasında çeşitli ilişkileri gösterir.",0
"Soluklu sözcük ve hece başlarında, soluksuz sesi ise arkasından bir ünsüz geldiği zaman elde edilmektedir.",0
Türkçede mutlak geçmiş zamanı bildiren biçimbirimler DX ve mXştır.,0
Aşağıda bu farkları kuralcı ve betimleyici dilbilgisi kavramları ile kısaca açıklayacağız.,1
"Ses bilim bunu üç ayrı alanda gerçekleştirir: Söyleyiş Ses Bilimi, Titreşim (Akustik) Ses Bilimi ve İşitsel Ses Bilimi.",1
Tüm yazılı metinlerde olduğu gibi sözcük tasarrufu akademik yazılar için de geçerlidir.,1
"Adların, eylemlerin ve zamirlerin dışında sözcük türlerinin sınıflandırılması Türk dil bilgisinin önemli sorunlarından biridir.",0
"Ancak bu, her dil her dilde görülen bir gelişmedir ve değişkenliği, popüler dilcilikte olduğu gibi, bozulma olarak adlandırmak yanlıştır.",0
Esasen bizim dili mi kullandığımız yoksa dilin bizi mi kullandığı çelişkili bir sorudur.,1
"Bu tür kısaltmalar, metin içinde kullanılırken diğer kelimelerden farklı davranmazlar.",1
"Çekim ekleri eklendikleri sözcüklere herhangi bir yeni anlam katmaz, yalnızca onlara işleklik kazandırır.",1
Dillerin alfabelerinde bir harfin temsil ettiği sesin niteliği dilden dile fark etmektedir.,1
Ünsüz işaretleri bakımından zengin olan İbrani alfabesinde ünlüleri belirten hiçbir işaret yoktu.,1
"Genel olarak yazı dili, edebi dil vb. şekilde adlandırılan bu üst dile ölçünlü dil adı verilir.",1
3. Bu tür ses olaylarının nasıl anlaşılacağına dair daha ilerideki bölümlerde ayrıntılı bilgi verilmişti.,0
Bilim adamları bu tür Doğu Türkçesi özellikleri barındıran eserleri olarak karşılamışlardır.,0
"En güzel şiir, insann anadilindeki şiir değil mi?",0
Gürkan konuşmasını bitirdi ve alkışla.,0
"Konuşma sesleri, ses yolu adı verilen organlar tarafından üretilen bir düzenek tarafından üretilir.",0
"Akrabası bulunmayan Baskça, dil bilimsel bakımdan da izolesidir.",0
Ek kullanılmadığı için iki nesne arasındaki ilişki zayıflamış ve nesneler arasında bir belirsizlik meydana gelmiştir.,1
Sürekli tartışılan yazım sorunların başındanda bu işaret kullanımı gelmektedir.,0
Günün birinde kız oğlan: Ben seninle evlenececeğim. diyor.,0
"Bu tümcelerin çeviri metinlerinden de anlaşılacağı üzere, Türkçe de buna izin veren diller arasındadır.",1
"Dilekçe sahibinin, ilgili devlet dairesinden numarası olan kayıt alması ve dilekçesini bu numara ile takip etmesi uygundur.",0
Eklenme Ses olaylarının önemli bir bölümü bir sözcüğe ek getirilmesi sırasında ortaya çıkar.,1
Vaktiyle Kuzeybatı Kafaslarda konuşulan Ubıhçanın bilinen son konuşucusu olduğu kabul ediliyordu.,1
"Alfabe: Alfabe, bir dildeki ses ya da sesbirimleri gösteren harferden oluşan bir dizgedir.",1
"Sıralı ve bağlı cümleler arasındaki temel ayrım, bağlama edatlarının kullanımıyla ilgilidir.",1
"Bu dil köylükleri, herkesin beyninde farklı bölgelerde oluşmuştu.",0
Bu ünsüzlerden birisini taşıyor olması çoğu durumlarda bir Türkçe kökenli olmadığı da işaretidir.,0
"Türkçede anlam ayırıcı sesbirimler olarak kullanılan dudak ünsüzleri /b/, /p/ ve /m/dir.",1
Türkçenin söz varlığının anlatım gücünü betimleyebilmek Söz varlığının gücü Türk dilinin önemli bir zenginlik alanıdır.,1
"Kelimelerin sınır]ı vardır, ama kelimelerlerle hangi anlamlara gelen ne tür cümleler kurabileceğimizin sınırı yoktur.",0
"Karşı kaldırıma geçtiler, sağa sola saptılar, demiryoluna çıktılar.",1
Türkiyede İngilizce ile öğretim başlandığı 1950lerden itibaren Anglo-Sakson kültürünün yoğun etkisi de kendisini hissettiriyordu.,0
"O mutlu günde genç kızlar halay, delikanlılar türkü söylüyordu öyle.",0
"Bu nedenle bunlar ayrı bir tümleç olarak değil, cümledeki işlevlerine göre değerlendirilmelidir.",1
"Her aşık gibi onun yüreğinde de işsiz bir vecd, bir heyecan, bir galeyan yeteneği vardı.",0
Kaşgarlı Mahmuda göre vatan; töre ve milli kültürel.,0
"Örneğin, yerine koyma işlemi nobran sözcüğü içindeki nobr yerine bac kullanılıp bacan sözcüğünün sağlayabilir oluşturulmasını.",0
"Ancak sayısız varyant, işlevsel önemli tiplere (değişmezlere) indirilmeli ve sinyallerin işlevleri ve birleşmeleri açıklanmalıdır.",1
Sayıca diğer yapım eklerinden daha az olan bu eklerin dilbilgisindeki işlevleri birbirlerinden farklılaşır.,1
"Bu durumda borçlu ögesi, sanki dolaylı nesnenin ve dolaylı tümlecin istediği gibi görünmektedir.",0
"Türk dili, her ne kadar uzun tarihi boyunca komşu dillerden etkilenmiş ve ihmal edilmişse de pek çok bilim eserleri ortaya koymuştur.",0
1. Bu alfabe bir uzunluk Uygur alfabesiyle birarada kullanılmıştır.,0
"Kıza okuma, yazma öğretiyor, ud dersi verdiriyor.",0
"İsim-Fiil Öbeği -mAk, -mA, -Iş eklerinin eyleme eklenmesiyle oluşan sözcük öbeğidir.",1
"Mecaz: Bir sözcüğü veya kavramı kabul edilenin dışında başka anlamlara gelecek biçimde kullanma, metafor.",1
Sınır Sonrası Bakış Halde sınır sonrasılık Geçmişte sınır sonrasılık Kayıp eşyalar bulunmuş.,1
İsim Cümlesi: Yüklemi isim soylu bir kelime olan cümledir.,1
"On beş bin altı yüz sayı grubunun üstünde, öncelikle on beş bin + altı yüz gibi iki ögeden oluşur.",0
Çünkü Onun bıraktığı Cumhuriyet Ülküsü sayesinde Türk Milleti dünden bu güne ve geleceğe güvenle bakıyordu.,1
"Başlangıç evresinde, dil palasının, diş yuvası ile damak arasındaki noktaya değerek bu noktada hava akımını engeller.",0
"Haber, yine bilgi anlamında bir ad, Zeynep ve Ecem yine birer özel ad; öğren yine bilgi edinmek anlamında bir eylemdir.",1
"Emir; doğası gereği bir buyurucu, bir de eylemeyicinin bulunduğu en az iki kişili iletişim ortamlarında üretilir.",0
Bu alfabenin yetersizliğini kabul eden bazı aydınlar da yazı reformundan bahsetmişler ancak bir sonuç alınamamıştır.,1
Ayrıca Eski Türk Runik yazısının sağdan sola yazılması da Sami kökenli olduğunu kanıtlayan bir başka kanıt olarak gösterilmektedir.,1
Bağlama edatlarıyla (bağlaç) birbirine bağlanmış ve aralarında anlamca ilişki bulunan sıralı cümlelere bağlı cümle denir.,1
Kuralcı Dilbilgisi Kuralcı dilbigisi dile kuralcı bir yaklaşım içeren dilbilgisidir.,1
"Nasır Zeytinoğlu, ulan önce şu liseyi kazasız belasız bitirelim de önce düşünürüz.. Derdi.",0
"Sanal söyleşide iki kişi arasında kalan yazışma, sosyal medyada paylaşımla bir avuç insanı etkilemektedir.",0
"İkinci kelimede, ilk kelimedeki ünlü yerine dar-yuvarlak yani /u/ veya /ü/ kullanılmasıyla meydana getirilir.",1
Kullanım kılavuzlarında Türkçeye yer verilmemesi durumunda uygulanacak ceza mevzuatımızda yer almaktadır.,1
Evrensel Dilbilgisinde İlke ve Değiştirgenler EDde iki önemli kavram vardır: İlkeler ve Değiştirgenler.,1
Bu ünsüzlerin görünümleri şöyle özetlendi: Tablo 6.33 Türkçenin Söz Sonunda Ötümlü Ünsüzlerden Kaçınmamalı.,0
Bu bakımdan cümleciğin şöyle olmalı: Bu yıl kardeşim ikinci sınıfa geçti; ben beşinci sınıfa geçtim.,0
"Çünkü dilini kaybeden, evini de vatanını da, geleceği de kaybeder.",0
"Oysa öğrencilerin de pek çok kaynağı okuyarak, araştırma yaparak, sorgulayarak bilgiyle donanması gerekir.",1
Türkiye Cumhuriyeti vatandaşı olan herkes Türktür: Türkiye Cumhuriyeti tabiyetinde olan herkes Türklerdir.,0
Dildeki değişme konuşma dilinde yazı diline oranla daha hızlı olur.,1
"Latin Alfabesi: Türklerin uzun süre kullandıkları Arap harferi, 1928 yılında yerini Latin harfer bıraktı.",0
Ayşe elmayı yiyecek.,1
"İki sözcürkte de birleşiğin ikinci kısmı unutulmuş, ünlü uyumu sözcüğün tamamını kapsayacak biçimde gelişmiştir.",0
"Osmanlıca, uzun süren ilişkiler nedeniyle, etkileşmek içinde bulunduğu dillerden, dilin hemen hemen her alanında etkilenmiştir.",0
"Bir ek, örnek olarak -cAk eki, oyuncak kelimesinde olduğu gibi kelimenin türünü değiştirmeden de görev yapabilir.",1
Budizm ile birlikte Orta Asyaya gelmiş ve her şeyden önce Sanskritçe dini metinlerin yazımı için kullanılmıştır.,1
Yardımcı seslerin yardımcı ünlüler ve yardımcı ünsüz olmak üzere iki türü vardır.,0
"Ekler, bir kök veya gövdeye ekleyerek bağımsız biçimbirimler olarak kullanamaz ve anlam ifade edemez.",0
"Ankara: TDK. Kaynakça Biçimbilim-III: Çekimsel Biçimbilim 156 Kornfilt, J. (1997). Turkish.",1
Söz Sonundaki Ünsüzlerin Durumu Aşağıda ünsüzlerin söz sonundai durumu çeşitli yönleriyle incelenecektir.,0
Görüldüğü gibi söz dizilişindeki oynaklık da kurallara bağlıdır.,1
"Öğrenci hazırladığı konuyu kendi cümlelerilerle, beden dilini de kullanarak on-on beş dakikalık bir süre içinde anlatır.",0
Dolayısıyla konuşma bir bakıma insanını da tanımanın bir aracıdır.,0
Türkçe dil bilgisi çalışmalarının genelinde karşılaşılan terim sorunu ses bilgisi alanı için de geçerlidir.,1
"Örneğin, bazı kuralcılara göre Türkçede devrik tümce kullanmak güzel Türkçe değildir.",1
"Dil bilimsel açıdandiller yapılar, cümle tipleri vb. ölçütlerle sınıflandırabilir.",0
Alaşım biçim birden fazl biçimbirime karşılık gelen tek biçimdir.,0
Çekimli dillerde,0
Zamirleri olmadıkları halde isimlerin yerini tutan kelimeler olarak tanımlamak alışılmıştır.,0
İnsan ana dili kullanWeb page İken ataları da tarihi ve edebiyatı kısacası kültürü de konuşmuş olur.,0
Evrensel Dilbilgisinde İlke ve Değiştirgenler EDde iki önemli kavram vardır: İlkelikler ve Değiştirgenler.,0
"Hāne sözcüğünün ünsüzle biten sözcüklerde eklendiği durumda büzülme değil ünsüz yitimi söz konusudur, bu duruma bir örnek düşünün.",0
İçeyerleştirme İlkesi de her insan dilinde bir var olan bir özelliktir.,0
Ünlüleri sınıflandılarırken kullanılabilecek kimi ölçütler vardır.,0
"Standart Türkçenin bölgeler üstü bir geçerlilik kazanması, sanıldığının aksine, oldukça eskiydir.",0
Eğitim almış bir Türkiyeli ile Azerbaycanlı arasındaki karşılıklı anlaşılabilirlik oranı oldukça yüksektir.,1
Daha Yazım Kılavuzunda Batı dillerinden alınan sözcüklerde de bazı durumlarda düzeltme işareti kullanılmaktaydı.,0
Çocuklar annelerini yalvar yakar aldıkları izin sayesinde sonunda bir araya gelip futbol oynayabileceklerdi.,0
Ancak diller birbirlerinden çok farklı gibi dursalar da hepsinde bulunup bir çok dil özelliği vardır.,0
Ancak ses bilgisi dersi almış olan birinin bilmemesi gereken terimlere metinde yer verilmiştir.,0
"Budist muhitinde meydana getirilmiş olan eserler daha çok Çince, Sanskritçe, Toharca ve Soğdcadan yapılmış çevirilerdir.",1
"Benzer şekilde gidiyor, geliyor, uyuyor kurallı iken eviyor, deniziyor, okuluyor kuralsızdır.",1
Akrabalık ve unvan belirten kelimelerin kişi ismiyle birlikte kullanılması sonucu unvan grubu oluşur.,1
Ölçünlü Türkçe harf olarak gösterilen ünsüzlerinin sayısı 21dir.,0
"Yarı ünlü y, yanındaki art ünlüyü ön damaksılaştırır ama asla art damaksılaştırmaz.",1
"Onun için, jest ve mimiklerimizi elimiz ve kol hareketlerimizi yerinde ve iyi kullanmalıyız.",0
Öteki Türk lehçelerinden kelime almamak. 6. Bu kurallardan hareket ederek milli bir dil ve milli bir edebiyat meydana getirmek.,1
"Su düşmedi, çabucak çıkmayız haklıysa bile belli bir yere kadar anlaşılma güçleşebilir.",0
"Alanda tekrar öbeği, bağlam öbeği, ikilemeli ad, yinelemeli ad, ikiz kelime, kelime koşması gibi farklı terim anılırlar.",0
Biçimcikler ise somut yapılardır ve köşeli ayraç içinde gösterilirler gibi sözcükbiçimler,0
Buna karşılık aynı alfabeyi kullanan dillere ait sözcüklerde iş daha da karışıksal,0
"Arapça murād sözcüğü Türkçede tür adı olarak murat erkek adı olarak, Murat biçimine gelişmiştir.",1
2. Sağlıklı bir çocuğun bu yaşta sahip olduğu dil becerisi tahmin edilenden çok ama çok çok daha karmaşıktır.,0
"Nesne, ettirgen yapıya aynen taşındığı için etken cümlenin öznesi, yukarıdaki örnekte olduğu gibi nesne pozisyonuna taşınamaz.",1
Onlar bahçededirler.,1
Dil kullanıldığı ortamlara ve konuşucuların niteliğine bağlı olarak değişkeler gösterir mi?,1
"1908e kadar Antalya, imparatorluğun Fizan gibi bir sürgün yeri idi.",1
"Alıntı sözcükler, milletlerin hangi halklarla nasıl ilişkiler yaşadığını gösteren belge niteliği de taş wlar.",0
"Bir ek, olarak -örnek örnek örnek ek, oyuncak kelimesinde gibi kelimenin türünü değiştirmeden de görev yapabilir.",0
Gök Türk anıtlarını diktirenleren ünlü Bilge Kağanın adı bilebunu kanıtar durumdadır.,0
"O vakitlerin ahşaptan binalar ve çam, gürgen, meşe, ceviz vs. ağacın hemen her çeşidi yapılırmış.",0
"Ancak doğa iletişim, ulaşım ve sermaye imkanlarındaki gelişmeler sonucunda bu durum değişmiştir.",0
"Sıfatların başına getirilen /m, p, r, s/ ögeleriyle masmavi, apak, kapkara, sapasağlam vb. uçsuz bucaksız sıfatlar yapılır.",0
"Aynı dili konuşan insanlar, millet denilen sosyal varlığın temelini teşkil ederler.",1
Söz sonundaki ötümlülükötümsüzlüklerle ilgili ilginç bir belirleme de tek hece eylem köklerinin çekiminde ötümlüleşme olmamasıdır.,0
Paragraflar doğru açılmamalıdır.,0
Sosyal medyada Türkçeyi doğru ve etkili kullanmak konusunda bilgilendirici yayınlar ve kamu spotları oluşturulabilir.,1
"Örneğin insan, yararlanmak için su bentleri ve yapar kanallar etkili biçimde.",0
Türetme Yukarıda türetme ile ilgili ayrıntılı bilgi verildiği için burada eksik şekilde değinilmiştir.,0
"Mastar: Fiilnin -mok / -mek veya -ma / -me ekleri alan ve ad gibi kullanılan biçimi, eylemlik: al-mok, üşü-mek, gör-me, bul-ma vb.",0
Ancak parçalarüstü sesbirim bulunmaz yeterince yer alan uzunluk yazıda gösterilmez.,0
Hiçbir alfabe bir dilde kullanılan seslerin tümü içermez ve söyleyişi mükemmel olarak yansıtmaz.,0
"Uzun vadede bu stratejiler, ekonomik, politik ve teknolojik değişmelerde yanlış anlama",0
Geliyor musun ise fiil kökünden hemen sonra en eski biçimi A yorı-r olan bir zaman eki vardır.,0
Gırtlak Ünsüzleri: Soluğun gırtlakta bir tıkanmaya uğramazsıyla çıkarılan seslere denir.,0
çekim yoluyla çok,0
"Makaleler, sanat, edebiyat, bilim, siyaset ve toplumu ilgilendiren her konuda yazılabilir.",1
Dillerin sınıflandırılmasında kullanılan ikinci önemli yöntem dillerin yapılarından yola çıkmaz.,0
"Deyimlerimizin büyük bir çoğunluğunda ikilemelere rast ula biliyor ki bu durum, deyimlerin uzun anlatımlardan daha etkili olmalarını sağlar.",0
"Sıfatların pekiştirimesi yapılabilir, isimlerin yapılamaz.",0
"Oluşturucuların birbirlerinden ayrılmaları ile, deniz, patlamayı andıran bir ses ile dışarı çıkar.",0
Sen dönüp gelinceye kadar gözüme uyku girmiyor işte! 4 Aşağıdaki hangi seçenekte türemiş zarf-fiil grubu bulunmaktadır?,1
Merkezde beni katilken sandılar.,0
Farkli etnik gruplarin ortak dil ya da resmi dil kullanim biçimleri farkli olabilir.,0
Birden fazla öğesi olan sözcüklerde vurgu hangi birimin üzerinde oluştuğunu araştırın.,1
Megiserin gramerinden 60 yıl sonra 1672de Almanyada bir Macar diplomat tarafından Türkçe Latince Konuşma Kitabı yayımlanmıştır.,1
"Yazı dilinin kimi sözcükleri bilim, sanat, spor vb. alanlarda özel anlamlar kazanır ve terim olarak kullanılır krş. jargon.",1
Dilin söz varlığında yer almayan ve sadece belli bir bağlamda kullanılan sözcüklerde ise durum farklıdır.,1
Dilimizin söz varlığında karşılığı bulunsa da yabancı kaynaklı sözleri kullanmak özenti halini aldı.,0
İnsanın ses aygıtı aslında herhangi bir doğal dilde bulunandan çok daha fazla sesi çıkarabilecek niteliktir.,0
"Bu yüzden sözlükler, bir sözcüğün birden fazla anlamını sıralarlar.",1
"Yüklem olduklarında da cümlede çok defa özne, nesne, zaman dilimi, mekan tamlayıcısı görevinde yer alırlar.",0
"Ancak coğrögfya, fotoğraf ve topoğraf sözcüklerinde /g/ > /ğ/ değişimi gerçekleşmiştir.",0
Teknisyenler getirip yan tarafa bir elma bir de armut ağacı korlar.,1
"Edebi metinlerde söz sanatlarına, mecazlara, teşbihlere, süslü, duygu yüklü anlatımlara yer verilebilinir.",1
"Aşağıda görüleceği gibi bazı fiilden fiil yapım ekleri, az sayıda fiile gelir ve kullanım oldukça sınırlıdır alanları.",0
Bundan 3-4 yıl öncedeydi.,0
Süreklilik-Süreksizlik: Bir patlama sonucu değil de daha uzun bir sürede çıkarılan ünsüzlere sürekli ses denir.,0
Ünsüzlerin titreşimli olup olmadığını anlamak için ellerinizle kulaklarınızı tıcayarak sesleri söyleyin.,0
"Çünkü tarih, bir milletin hemen hemen bütün varlığı eşittir.",0
"Bu durumda -se/-sa ekini taşıyıp cümlede de şart, zaman ve mesele işlevinde olan ögeler zarf tümleci olarak değerlendirilmelidir.",0
Büyük bir sessizlik oldu.,1
"Sıralı ve bağlı cümleler arasındaki temel ayrım, kullanımıyla ilgilidir bağlama edatlarının.",0
Bu sayılanlara göre kısaca devlet ve toplum hayatı Türkçeyle yürümektedir denilebilir.,1
Bu özellik ile 24 saat içinde silinecek olan fotoğraf ve videolar eklenip paylaşılabilmektedir.,1
"Öyleki ünsüzlerin bir bölümü Türkçe kökenli sözcüklerde hiçbir pozisyonda, bir bölümü ise söz başında veya sonunda erişemazlar.",0
"Romanlar bakımından macera, tarihsel, töre, psikolojik, ideolojik gibi 107 alt başlıklara ayırmak mümkündür da",0
Bu yazı aslen Türk olmalarına rağmen Arami dilini veya Arami dilinin Nabati lehçesini konuşan Nabatilerin yazılarından gelişmiştir.,0
"Oğuz grup Türk dilleri arasında Türkmence ve Türkiye Türkçesi, Ana Oğuzcanın arkaik özelliklerini korur.",0
"Zarfar, ad soyundan gelen genel anlamlı sözcüklerin anlamlarını daraltır, sınırlar ve yüklemle doğrudan ilişkilidir.",1
Bir kişinin herhangi bir konuyu sahte kaynaklardan bilgi toplayarak bir bütün halinde anlatması bir seminerdir.,0
Eğer diller arasında belli paralellikler varsa bunlar daha eski dönemlerde ortak bir kökenden türemiş olabilirlerdi.,1
Böyle olunca kendi soydaşlarının huzursuzluk ve bağımlılıklarına kayıtsız davranması elbette uygun görülemez.,0
Çalışmalarımızda Okulumuza faydalı olmayı ana edinerek sizlerin desteği ile bugünlere geldik.,0
"Düzeltme işareti, Arap harferiyle yazılan Osmanlıcanın yazımının günüme yansımasından başka bir şey değildir.",0
"Öte yandan, İstanbul halkı İstanbullu olmayan mebusların, onlar da İstanbul halkının Türkçesi ile alay eder oldular.",1
Ayrıca tekrar gruplarından fiil yapımında türetme yerine daha çok birleştirme tercih edildiği görülmektedir.,1
"Bu bölümde, tekrar grupları kapsamında önce türetilmiş ve birleşik isimler, ardından türetilmiş ve birleşik fiiller ele alınacaktır.",0
Bağlama Grubunun Kelime Grupları İçindeki Yeri Bağlama grubunun ilk isim ögesi unvan grubu olabilir.,1
Bu cümlelerin özneleri yani bir anlamda anlamsal nesne gibidir.,0
Çok heceli sözcüklerin sonunda /b/ sesi bulunmaz.,0
Sözcüklerin ses yapılarında meydana gelen değişiklikler renk olayları olarak adlandırılmaktadır.,0
"Nadiren sıfat, unvan ve akrabalık bildiren unsurlar birleşik isim grubunu olabilir ilk unsuru.",0
"Soluklanma Türkçede ötümsüz patlamalı sesler olan /p/, /t/, /k/ sözcük ve seslem başında olduklarında soluklu olarak söylenmektedir.",1
"İşte, Humboldtun dilbilime getirdiği dilin içyapısı kavramı, başkalıklara diller arasındaki bu türden ilgiyi çekiyordu.",0
"Onun için, jest ve mimiklerimizi el-kol hareketlerimiziyerinde ve iyi kullanmalıyız.",0
Bir dil ve İngilizcesi aynı anda hem çekimli hem de eklemeli özellikler gösterebilir.,0
"Bu ögeler genellikle cümlelerin başlarında, sonlarında ve cümleler arasında bulunurlar.",1
"Alınan sözcüğün söylenişini koruma sonucu dilde yeni sesler, sesbirimler ortaya çıkabilir.",1
"Burada toplumumuza, özellikle aydın kesime, sanatçılara, yazara düşen görevler vardır.",0
Örneğin: Kös dinlemiş olur olmaz şeylere aldırış etmeyecek denli görmüş geçirmiş olan.,1
İki ünlü iki ayrı hecede de yan yana gelmez ancak birleşik sözcüklerde bu mümkün olabilir.,1
Bu tür bilgiyi içeren dilbilgisine betimlemeli dilbilgisi denir.,1
"Bağımlı biçimbirimler, yani ekler, eklendiklerin konuma göre önek, içek ve sonek olarak adlandırılırlar.",0
Yapım/türetim ekleri yeni sözcükler yapma görevi bulunan eklerdir değildir.,0
Sözcük tek bir anlamlı birim olabileceği gibi birden fazla anlamlı birimlerden de oluşabilir.,0
"Kültürel davranışlar, bir çeşit iç dinamizmle, bu değişmelerden etkilenerek güncelleme.",0
"Resmi Dil Resmi dil, bir ülkenin tamamında veya bir bölgesinde yönetim dili olarak kullanılan ve yasal statüsü bulunan dildir.",1
"Dil dışı: Doğrudan dille ilgili olmayan ancak dili etkileyen siyasal, kültürel vb. gelişme ve değişmeler.",1
"Örnek türetimde sırasıyla dönüşlülük, işteşlik, ettirgenlik ve edilgenlik eki fiil köküne getirilmiştir.",1
Çeşitli tiyatro türleri vardır: a. Trajedi: Önemli ya da soylu kişilerin başlarına gelen iyi durumları konu alan oyunlardır.,0
Şimdilik söyleyebileceğimiz yalnızca bu çalışma oluşturulduğu süreye kadar mevcut olan medya uygulamalarıdır.,1
Hangi renk ışık yandığında sürücü ve yayaların nasıl hissedeceği üzerinde daha önceden anlaşmaya varılmıştır.,0
"CV, yani bir ünsüz ile bir ünlüden oluşan açık hece dünya dilleri arasında en yaygın hece türüdür.",1
Bağlaçlar Bağlaçlar sözcükleri veya cümle ögelerini birbirine bağlayan çekimsiz sözcüklerdir.,1
"Bu, yabancı ögelerle kurulmuş, ileri derecede seçilmiş, sadece resmi amaçlara yarayan bir tür üsluptu.",1
Aşağıdaki örnekte kullanılan tüyü tüsü kelimesi aslında aynen tekrar grubuna girer.,1
"Bir Türkmenin de TuvaMu, HakaSlı, Altaylı aydının yazdıklarını anlaması pek zor... Ümitsiz bir durum adeta.",0
Hazırlamak lazımdır.,0
Türkiye Türkçesinin coğrafi bakımdan Anadolu Türkçesi ve Rumeli Türkçesi olarak ikiye ayrılması sönükleşmiştir.,0
"Ölçünlü dilde, Batı dillerinden kopyalanan elektrik, film, nötr, titr vb. sözcüklerde anlam değişikliği ünlü görülmez.",0
"Öyleyse, dış dünya ile sözcük sınıfları arasında her zaman birebir bir eşleşme aramak yersizdir.",1
"Tarihi bakımdan, Türkçenin ünlü dökümü ile ilgili Türkçe kökenli sözlerde simetrik 8 temel kısa ünlü varlığı kabul edilir.",1
"İnce ünlülerde sahip ekler sadece önlük-artlık özelliklerine göre değişebilmekte, yüksekliğe göre değişmemektedir.",0
Böyle bir dille halkın ne düşüncelerde ne de başka herhangi bir konuda ilerlemesine olanak yoktu.,0
"Bu inkılapla, Arap alfabesi terk etmiş ve Batı medeniyetine açılımı sağlayan Latin harfleri kullanılmaya başlanmıştır.",0
"Örneğin yavaş konuşma için fısır fısır, gürültü için gümbür gümbür, tavuk sesi için gıtgıdak, inek sesi için möö göstergeleri gibi.",1
Yazım Kılavuzuna göre bütün ünsüzler kendilerinden sonra gelen /e/ sesi ile seslendirilmelidir.,1
"Ancak bu sahiplik anlamları; belirtisiz tamlamalar, mastarlar ve bağımlı cümlelerdeki iyelik eklerine değildir.",0
Düşüncelerin hangi kavram ve terimlerle ifade edilmelidir.,0
"O akşam yatağına sırt üstü yatar, türlü türlü hayaller kurar, Allahla ortaklığını bozar.",1
"Ayrıca fiiller, fiil cümlelerinde yüklem olarak kullanıldıklarında ekfiil alabilir: Bu, ağaçtır.",0
"Dördüncü ünite de ise ses uyumları, hece, Türkçenin anlam özellikleri, yardımcı sesler gibi konular ele alınmıştır.",0
Dil edinimi bu bakımdan daha ileri bilinçli olarak yaşlarda yürütülen dil öğreniminden farklı bir süreçtir.,0
Dönüşlülük ve edilgenlik için kullanılan bu çiflerin bütün fiillere uygulanamadığını da belirtmek gerekir.,1
Doğulu bilimin arkasında kocaman sarıklı birkaç görmek halkımız için yeterli değildir.,0
Söz sonundaki ötümlülük/ötümsüzlükle ilgili ilginç bir belirleme de tek heceli eylem köklerinin çekiminde olmamasıdır ötümlüleşme.,0
Belirli bir varlığı karşılayanan ve yükleme durum eki alan nesneler belirtili nesne olarak adlandırılır.,0
Dilek I wish he is here.,0
Liseyi bitirdiğim yıl (1936 -1937) üstümden büyük bir yük gitmiş gibi ağırlaştım.,0
"Hoca, yerdeki mintanı göstererek: Mazallah, demiş, ya şunun içinde ben olsaydım!2 Susuz musun, Uykusuz mu?",1
"Ecemin gitmesinin sonucu, olay yerinde bulunmaması ve görüşmenin bu yüzden olamayacağıdır.",1
Çift Dudak Ünsüzler Ciğerlerden gelen havanın dudakların kapanmaz sonucu engellenmesiyle oluşan ünsüzlerdir.,0
"Bu yüzden sorumlu davranılmalı, sosyal medya okuryazarlığının yayılması sağlanmalıdır.",1
Türkçede yeterlik eylemlerinin olumlu ve olumsuz biçimleri ayrı biçim birimleri yapılır.,0
"Diller, köken, yapısı, konuşuldukları bölge gibi konularda ölçütler göz önünde bulundurularak çeşitli gruplara ayrılırlar.",0
"Ne var ki, bu tür örtüşmeler, cins sınıflandırmasının nedensizlik ilkesi temelinde gerçekleşen çekimlerini de yok sayamaz.",1
"Söz Başında Akıcı Ünsüzlerin Bulunmayışı Söz başında akıcı ünsüzler bulunmaz, sızıcı ünsüzler de az sayıda bulunabilir.",1
Kültür kavramı ile ilgili olarak ileriip sürdüğü düşünce ve görüşler bugün bile canlı bir şekilde geçerliliğini korumaktadır.,0
"Binlerce yıllık deneyim, atasözlerini Türkçeye kazandırmışsınız.",0
"Arada bir yanımı gelir, onunla sık sık dertleşiriz.",0
İnsan biçimbirim[im] ele alındığında Kendi başına durabiliyor mu? sorusuna EVET yanıtı gerekir.,0
"Bu nedenle, sonda Türkçede bulunamayan ünsüz çiflerine sahip alıntıdan sözcüklerde, ünsüz çifleri arasında bir dar ünlü türer.",0
"Ayrıca nesneyin varlığının, ancak geçişli bir fiile bağlıdır; çünkü geçişli fiiller nesneyi ister.",0
Bu örnek düşmanın geldiğini anlamak için yanılan bir ateş tek yönlü bir iletişim bildirir.,0
"Örneğin, İngilizcede sıfatlardan belirteç yapan -ly eki, -ly ile biten sıfatlarla kullanılmaz.",1
"Eklenme, sözcüğün yapım eki veya çekim eki almasıdır.",1
Ancak sıfat tamlamalarında kalıplaşarak artık isim-fiil işlevini yitirmiş kelimeler dışında yalnızca tamlanan olabilirler.,1
Türk Dili Kurultayının açılış günü olan 26 Eylül 1932 tarihinde bugünün dil bayramında kutlanmasına karar verildi.,0
Örneğin kardeş sözcüğünün göstereni olan k-a-r-d-a-ş ses dizilişiyle hiçbir iç bağlantısı yoktur.,0
"Eski Türklerde de, bugün olduğu gibi Vatan kutsaldı. Vatan Sevgisi, bir ahlaksızlık ölçüsüydü.",0
"Sesler, bu çıkış biçimlerine göre çeşitli benzerlik veya farklılıkları göz önünde bulundurulduğunda sınıflandırılırlar.",0
Zarf fiillerin zarf ve eylem özelliklerini birlikte gösterebilir.,0
Bu teoriler içinde bugün bilim dünyasında en çok taraftar bulan Thomsennin Sami kökenidir.,0
"Kelime denince, akla ilk olarak, bir metinde aralarına boşluk konarak yazılan dil ögelerinden her biri gelir.",1
Addan eylem yapan ekler için de avlamak ve aralamak sözcüklerindeki -la ekini gösterilebilir.,0
"Türklerin nasıl kendilerine has bir dilla ve edebiyatları varsa müzikleri, resimleri ve mimarileri de vardır.",0
"Mersin: Mersin Üniversitesi Yayınları. 1-9. Tekin, Talat (1973). Türkçenin Yapısı ve Eşsesli İsimFiil Kökleri.",1
Her iki sözcüğün de orijinal biçimlerinde uzun ünlü bulunması bunların nedeni olmalıdır.,0
Sizce bu ayrım geçerli mi?,1
"Tekil/Çoğul Sayı bakımından isimler, Türkçede bir ve daha fazlası anlamında tekil ve çoğul olarak ikiye ayrılır.",1
"Runik yazılı metinler içinde en uzun ve Türk dili ve tarihi için önemli olanları Tonyukuk, Kül Tigin ve Bilge Kagan yazıtlarıdır.",1
Çocuklar çalışmasını bilmiyor.,1
Kullanılması yer: 139 Karşılıklı konuşmalarda kullanılır: Bekir: Derdi nedir arkadaşım?,0
Çağlanmak suların çok defa taşlara çarpa çarpa çıkardığı sestir.,0
"Ancak daha az görülmekle birlikte, yan yana olmayanlar ünsüzler arasında da göçüşme olabilir.",0
Büyükleriyle gri sözcüğünün pekiştirmesinin gıpgri mi doğru gısgri mi olduğu konusunda çok ciddi iddialara girebilirler.,1
"Bu yüzden burada hangi fiile hangi şartlarda ettirgenlik ekinin geleceği, çok genel kurallarıyla verilecektir.",1
"Özellikle bir kısmının ayrı, bir kısmının birleşik yazılması ciddi bir tartışma konusudur.",0
"Bunun nedeni, ilk iyelik ekinin kökle kalıplaşması ve işlevini unutulmuş olmasıdır.",0
"Ünlü Genişlemesi Genişleme; ağız boşluğunun durumuna göre, dar ünlülerin geniş ünlü haline gelmesidir.",1
"O deryada üstünde gidedursun, Sultan Hanım kocasını çok severmiş Sultan Hanıma biz gelelim.",0
Eklerin bir kısmı eklenme sırasında vurguyu üzerlerine çekerken bir kısmı vurgulanamaz.,1
Bu terimi farklılık aynı zamanda konunun yeterince iyi araştırılmadığını ve sınıflandırılmadığını da göstermektedir.,0
1. Budizm ile birlikte Orta Asyaya gelmiş ve her şeyden önce Sanskritçe dini metinleri için yazılmıştır.,0
"Her iki durum da dil kullanımınını, özellikle de hitap sözcüklerinin seçimini etkilemektedir.",1
"Zengin, D. (2008). Türkçe ve Almancada Sıfatlar Sıfatlara Yabancı Dil Öğretimi Yönünden Bir Yaklaşım.",1
Dil insan türüne özgü bir olgudur.,1
"Başlangıçtaki örneklerimiz gösterdiyor ki, dil ölümleri, eskil imparatorluklarla ücra yerlerde özgü, tekil olgular değil.",0
Ses olaylarıyla ilgili ayrıntılar geçmeden önce genel bir hususa işaret işlemek gerekir: Ses olayları istisnasız değildir.,0
"Dünyanın en geniş profesyonel ağlarından birini oluşturan Linkedin, 2002 yılında kurulmuş, 2003 yılı açılmıştır.",0
"Benzer veya ortak niteliğe sahip nesneleri birbirinden ayırmak, ayırıcı özelliklerine göre isim vermek ve onu ayrı kılmak gerekir.",1
"Bu, fiillerin bağımsız olarak kullanılabilmesi için ne başka bir ögeye ihtiyaç duyduğunu gösterir.",0
Meslek hedefiniz özgeçmişinizi yazarken hangi bilgi ve becerilerinizi vurgulayacaktır.,0
"İşleri gereği standart dili kullanmak durumunda olanlar da bağlama, muhataba, yere göre ağız konuşabilir.",1
"Ses bilim bunu üç ayrı alanda gerçekleştirir: Söyleyiş Ses Bilimi, Titreşim (Akustik) Ses Bilimi ve İşitsel Ses",0
"Badem göz güzelliğinden, gülüş güzelliğine kadar, meyve ve çiçeklerin bütün lezzeti biraz da adlarındadır.",0
Bu kaynakların önde gelenlerinden biri de o yazı dilinin sınırları içerisinde bulunan bölge ağızlarıdır.,1
Bir sözcüğün doğru yazımının ne olacağını belirleme yetkisi Türkiyede yasayla Türk Dil Kurumuna vermiştir.,0
"Dil türlerini açıklayabilmek Dil dendiği zaman insanın ilk aklına gelen, konuşma ve yazma eylemleridir.",1
Ancak Çin kaynaklarından o zamanki edebiyatımıza dair bazı ipuçları elde edilebilmektedir.,1
Fakat belirli bir alandaki uzmanlığın ürünü olmalıdır her makale.,0
Türk halkları içinde dillerini İbrani alfabesi ile yazanlar Karayimler ve Musevi Karaylar olmuştur.,0
"Eğer sözcük birin özel ad ise, genel eğilimin aslına göre yazmak yönünde olduğu söylenebilir.",0
Ölenle yaşanır.,0
"Fiil, yüklem olma gücünü kaybetmediği iin bu ekler, çekim eklerine benzer özellikler de taşırlar.",0
"En önemli mesele de, evlerde bırakılacak eşyanın ne anlama geldiğidir.",0
Örnek: Büyük sınavda hazırlanan öğrencileri gördükçe üzülürüm.,0
Çif Dudak Ünsüzleri: Havanın dudakların kapanması sonucu engellenmesiyle oluşan ünsüzlerdir.,1
Dil ile bireysel ve toplumsal kimliğimiz arasında doğrudan organik bir bağ vördür.,0
"Kötü havaları, sarı yaprakları ve siyah denizleri sevmem.",0
"Eylemleri kendine taban olarak seçen -k eki, eylem kümesi içinde de bir seçim yapar ve tüm eylemlere eklenmeyebilir.",1
Bu özellik ile 24 saat içinde silinecek olan fotoğraf ve videolar eklenip paylaşılamamaktadır.,0
Sırrın senin esirindir; ifşa ettiğin vakit sen ona esir olursun.,1
"Bu bilginin bir boyutu, bir sesin anadilinde olup mı olmadığıdır.",0
"Oysa öğrencilerin de pekçok kaynağı okuyarak, araştırma yaparak, sorgulayarak bilgiyle donanması gerekir.",0
"Ayrıca Alpaslanın ikinci büyük desteğide, Doğu ve Güneydoğu bölgesinin sakinleri idi.",0
"Ede Balının, Dursun Fakının ve öteki baba yoldaşlarının o kılıca bambaşka bir anlam verdiklerini hatırlamaktadır.",1
"Biz, şu mesleği tuta, memlekete şöyle hizmet edelim diyekonuşurken, hiç ağzını açmaz, bıyık altından bize gülerdi.",0
Bu biçimler havanın pompalamayı andıran hareketi ile dışarı itilmesi ya da emmeyi andıran hareket ile içeri çekilmesidir.,1
"Uzunluk çağ-daş Türkçede hem Türkçe sözcükler için hem de alıntı sözcükler için anlam ayırıcıdır, yani bir sesbirimdir.",1
"Ana dili, insanların doğuştan itibaren uzak çevresinden öğrendiği ve geliştirdiği dildir.",0
"Bunlardan biri klasik öykü dediğimizler olay öyküsü: kişi yer, zaman ve hareket unsurlarından oluşur.",0
"Bu boşluktan üstte olan burun boşluğu, altta olan kulak boşluğudur.",0
Bu değerlerin inkişaf ettirildi ve korunduğu esas formlar ise Dil ve Edebiyat tır.,0
"Azerbaycan, Türkiye, Kırgızistan, Kuzey Kıbrıs, İran, Türkmenistan Türk Cumhuriyetleri bu güneşin yeni ışıklarıdır.",0
"Bütün bu olumsuzluklar, adeta Türkçenin direnç gücünü artırmamıştır.",0
"Örneğin; Hakkımdır, benim sus, ey bülbül, hakkın değil matem (Mehmet Akif Ersoy).",0
"Bu nedenle, eksik ifade edilmiş anlam unsurları, zihinde hedeflenen resmi bulanık yansıtır ve iletişim belirsizleşerek eksik kalır.",1
Olumsuzluk ifade eden ne... ne bağlacının bulunduğu cümlelerin yüklemleri olumlu olmalıdır.,1
Teklif kabul ediliyor kabul,0
"Masanın üstündeki kitaplar kimin? b. Bağlaç olan ki, cümle içerisinde devamlı bağımsız bir kelime olarak ayrı yazılır.",1
"Ama Osman, işte burada duraklayıveriyor ve gene Ede Balının o sözünü ve o söze gelen ısrarını düşünüyor.",1
"Buna göre, bir anlam bütünlüğü gösteren her ses dizilimi sözcük olarak sınıflandıralamaz.",0
Gövdedin üstü yeni bir yapım eki gelirse doğal olarak ortaya yeni bir gövdenin çıkar.,0
Belgelerle izlenebilen yaklaşık 13500 yıllık süre boyunca Türkçe 13 değişik alfabe ile yazılmıştır.,0
Sonra bu yargı cümleleri anlam bağlaçlarıyla birbirine bağlanarak yepyeni bir metin oluşturulur.,1
"Genellikle cümle başında olmakla beraber, kimi zaman cümle ortasına ya da sonuna uçabilirler.",0
Bu bakımdan cümlede şöyle olması gerekir: Bu yıl kardeşim ikinci sınıfa geçti; ben beşinci sınıfa geçtim.,0
Hangi renk ışık yandığında sürücü ve yayaların nasıl davranacağı üzerinde daha önceden anlaşmaya varılmıştır.,1
"Sonra belki bu sistemin bazı silik kopyaları oluşturulabilirdi, örneğin Fransızca gibi.",1
"Bunlar resim kökenlileridir, sayılar, birleşik ideogramlardır, fonetik ödünçlemeler ve fonetik birleşiklerden oluşmaktadır.",0
"İşyerime gelmişimde sekreter hanım, anneniz aramış demez mi yüreğime iniyordu az daha.",0
Oğlan ninenin testisine küçük bir taş atmış ve testiyi kırmış.,1
"Mesela argolu öğrenci, argosu balıkçı vb. sonradan türemiş bir dil içerisinde bir anlatım biçimidir.",0
Yüklemin Yerine Göre Cümleler Türkçede söz diziminin en temel kuralı olmasıdır yüklemin sonda.,0
"Bu kitap, dillerin nasıl ve neden yok olduğunun öyküsünü anlatıyor.",1
"Biz, milliyet fikirlerini tatbikte çok gecikmiş ve çok ilgisizlik gösterdiğimiz bir milletiz.",0
Türk Dil Kurumunun yapısıyla ilgili ilk önemli değişiklik 1951 yılındaki olağanüstü kurultayda yapılmıştır.,1
"Değil de aslı Şeft-alü: Semiz erik demek olan bu sözü, manadan ziyade güzel bir ses olarak kullanmak mı hoşlarına gidiyor?",1
"Söz Sonunda Kimi Ünsüzlerin Bulunamayışı: Söz sonunda /b/, /c/, /d/, /g/ ünsüzleri bulunmaz.",1
"Türkçedeki eklerin bir başka önemli ortak özelliği, çoğunun önceden kestirilebilir olmasıdır.",1
"Bu organların tamamının seslerin oluşumunda çıkak (boğumlanma yeri, mahreç) olarak görevleri vardır.",1
"Ahıska Türkleri, Sovyetler Birliği döneminde pasaportlarında Türk yazan tek Türk topluluğusunuz.",0
"Örneğin Almancanın hayvan dünyası Haustier, Tier, Vogel, Fisch ve Balık türlerine ayrılır.",0
Yarınki açılış yemeğine tanıdığım bildiğim ne kadar ahbabım varsa davet ettim; dolayısıyla her şey az olsun.,0
"Sözcüklerin bazı hecelerini, sözcük öbeklerinin bazı sözcüklerini daha baskılı, vurgulu söyleriz.",1
"Anadolu Türkünün Kader Birliği, Türklük genelinde 6-7 asırlık Osmanlı Devleti dönemi da devam etmiştir.",0
"Sözcükler yaşayan tümceler içinde kuru varlıklar olmaktan çıkar, yaşarlık kazanmışlardır.",0
"Mesela pişirmek sözcüğü, bir şeyi pişirir gibi, sohbeti koyulaştırmak anlamını kazanmıştır.",0
"Dilbilgisi kitaplarında, Türkçede yalın, ilgi, belirtme, yönelme, bulunma ve ayrılma olmak üzere altı durum olduğu belirtilir.",1
"Adını Serdar koymukla birlikte, bir tarafan da pamuk diye çağırmaya, kuzunun peşinden koşmaya başladılar.",0
"Çocuğun uyuma eylemi, uyanması, ovuşturması, düzeltmesi ve şaşkın olmasından önce, bunlar da konuşma zamanından önce gerçekleşmiştir.",1
"Öteki öykü tarzı ise, modern hikāye dediğimiz durum hikāyesidir.",1
Her taş bir plancının içinde yerli yerine konulunca bina göklere yükselir ve saadetin şarkısını söyler.,0
Türkçe Sözlükteki beş yüz on üç alıntıya karşın İngilizcedeki Türkçe alıntıların sayısı dört yüzün üzeriTürkçenic.,0
Klasik sonrası devirde de başta dini ve edebi olmak üzere pek çok eser yazılmıştır.,1
"Kuzular melememekte, kuşlar cıvıldamakta, taylar kişnemez.",0
"Aşağıda, Osmancıkın keyfince yaşamamayı bir yana bırakıp büyük idealler uğruna değişmeye başlaması anlatılmaktadır.",0
"- Aldığı ile, eline geçecek ile ne yapacağını, nasıl kullanabilirsin, elde edilenin neye yarayacağını bilmelidir.",0
"Vatanımızı içten gelen bir aşkla sevmemiz, bu samimi güzelliklerin bütünü olduğu içindir.",1
Bu yazının kökeni hakkında çeşitli teoriler ileri sürülmektedir. sorca.,0
"Türkçemize hizmet etmek, ülkemize zarar etmektir.",0
Türkoloji çalışmalarında biçim bilgisi çok önemli bir yer bulunur ve tam bir biçim bilgisi kitabının yazımı uzun yıllar alır.,0
"Akademik metinlerde yazar, kişisel ifadelerden, sizli benli anlatımlardan uzak durmalıdır.",0
"Ertesi gün bir de baktı hemen ben geçerken bütün o azılı mahpuslar açılıp bana yol veriyor, siftiniyor, sırtımı okşuyorlar.",0
"Öte yandan, İstanbul halkı İstanbullu olmayan mebusların, onlar da İstanbul halkının Türkçesi ile alay eder oldular?",0
Aşağı yukarı yüzyıl önce başlamayan bu harfler tartışması Cumhuriyet devrine kadar aynı tezlerin çarpışması suretinde sürüp gidecektir.,0
Turkcede yabanci kelimelere karsi aranirken sikca basvuran yollardan biri budur.,0
"Eylem Çekimi Zaman, kişi vb. çekim eklerini almadır eylemlerin yüklemini oluşturmak üzere cümle ve cümlenin.",0
"Birleşen ögeler arasında yalnızca yapı bakımından değil vurgu, süre bakımlardan da ilişkiler vardır.",0
Baştaki çif ünsüzü Türkçenin ses sistemine uyarlamak için iki farklı yol tercih edilmiştir.,1
"Bu ögeler genellikle cümlelerin başlarında, sonlarında ve arasında cümleler bulunurlar.",0
"Yani klima, tren vb. gibi iki ünsüzle başlayan alıntılar Türkçenin ses yapısına aykırıdır.",1
Bu sebeple bu alandaki kimi çalışmalarda sıfat-fiil ekleri içinde değerlendirilmez değil.,0
"Alıcının, düşmanın gelmek nereden, kaç kişi olduğu sorma şansı yokdur.",0
Ayrıca kendinden önceki ünsüzün de inceliğini göstermektedir.,1
"Sözcüklerin seslerini, doğrudan ya da mecazi anlamlarını, çağrışımlarını iyi bilmemiz gerekir.",1
Bu yapılırken ekin sahip olduğu ünlü ve ünsüzlere göre farklı alternatifer ortaya çıkar.,1
"Örneğin, bölme sözcüğünde vurgu ilk hecedeyken (BÖLme!) olumsuz emir, ikinci hecedeyken (bölME) matematik terimi karşılığındadır.",1
"Türkçede anlam inceliği sağlamak, kavramı pekiştirmek için hemen hemen her tür sözcükten ikileme kurulabilir.",1
Evrensellikleri açık kume sınıflarına göre daha tartismalıdır.,0
Giyimimize göz göstermeliyiz.,0
NASAnın gönderdiği Mavenın ardından Hindistanın yolladığı uydu da Kızıl Gezegenin yörüngesine başarıyla yerleşmez.,0
Ayrıca eğitimli kesimde Batı dillerinden alınan bu tür sözcükleri aslına göre söyleme eğilimi de vardır.,1
Karşıtlık ilişkisi kurabilirler: Sorumlulukları yerine getiliği halde takdir edillmeyi bekliyor.,0
"Örneğin ben, sen, o zamirleri yaklaşma durumu eki aldıklarında bana, sana, ona biçimlerine gelişmektedir.",1
Uygur yazısını Türklerin İslamiyeti kabüllerinden sonra da kullandıkları bilinmektedir.,1
2. Bu kurumlar aracılığıyla Anadolunun çeşitli yerlerine gönderilen uzmanlar tarafından tarama ve derleme başlatılır faaliyetleri.,0
"İsim fiiler; -mA (bilme, görme, yıkama), -mAk (bilmek, görmek, yıkamak), -Iş (biliş, görüş, yıkayış) ekleriyle yapılır.",1
Birleşik isim grubu cins isimlerin anlam boşalma yoluyla yeni bir varlık adına olması ile ve bu adların yan yana gelmesiyle oluşur.,0
"Cümle çözümlemelerinde yükleme sorulan hiçbir şeyi? , kimseyi? soruları belirtili nesneyi buldurmaya yöneliktir.",0
Belirtme eki belirtili nesne durumunda zorunludur.,1
Biraz yürüdüm.,1
"Ali, arkadaşı Mustafayı hem çok seviyor hem de kimi davranışlarından dolayı kızıyordu.",1
Ne vasat ki yazı dilinde tek biçimsel tekli düşünce temelsizdir.,0
Özellikle dizilerde ve yerel yayın yapan kanallarda standart söyleyişe uymayan pek çok güzellik görülmektedir.,0
"Bu değişiklikler hem yazılı, eser konularının çeşitlenmesinde görülür.",0
Konuşma ortamına ve iletişime katılanların durumuna göre tercih edilen bu konuşma stillerinin her birine durumsal dil türü denir.,1
Bilgisayar ve internet kullanımının giderek artması özünden kopmuş ve değişmiş kelimeler yığınının ortaya çıkmasında etkili olmuştur.,1
"Buna göre de sıfatlar, yapıları bakımından; basit sıfatlar ve türemiş sıfatlar olarak adlandırılır.",1
"Kuran bile ilkin kufi yazı ile yazılmışken, o yazının sonradan değiştirilmesinde dince bir sakınca görülmemişti.",1
Dil ve diyalekt ayrımı noktasında en sık kullanılan ölçüt ise karşılıklı anlaşılabilirliktir.,1
Örnek olarak Türkçenin yazım kurallarındaki küçük düzenlemeler bile sürekli tartışma konusu olmuştur ve olmaktadır.,1
Üç buçuk yıldır aralarında yaşayan Amerikalıların 1000 kelimeyle konuştuğunu anlatmak istiyor aslında.,0
"Bazı tümceler tümüyle kurallı iken bazılar tam insanlar dilbilgisidışı, bazıları ise aralarda bir yerlerde yer alabilirler.",0
Tam tersine çoğun yükümüzü hafifletiriz dille; insanca yaşayışımızı tehlikeye atarız konuşmayla.,0
Deyimler zaman zaman atasözleriyle karışabilmektedir.,1
"Ses Uyumları Varlığı Önlük-artlık uyum çok az istisnayla gelişmiştir, düzlük-yuvarlaklık uyum ise daha sınırlıdır.",0
Beni  eriştiren Balıkesirin dindar ve kahraman insanlarıdır buna.,0
Türkçede ünlü olmadan kelime olamaz.,0
"Türkçede Ağrı (il, göl), Van (ili, dağı) gibi birden çok gösterileni olan özel isimlere az da olsa rastlanmaktadır.",0
"Sıfat tamlamalarında sıfat/sıfat grubu tamlayan, hayvan/isim grubu da tamlanan durumundadır.",0
"Bu ses olayı; ünsüzün düştüğü yer göre, söz başında, söz içinde ya da söz sonunda gözülebilir.",0
Yine bilindiği üzere Atabetül Hakayık isimli eserin en iyi nüshası Uygur yazısı ile yazılmıştır.,1
"Dolapları, bohçaları, şurayı burayı (Sevinç Çokum, Gülyüzlüm, s. 67) Kavak yeli kanı kaynatır.",1
Ötümlemesizlikle ilgili ilginç bir belirleme de tek hece eylem köklerinin çekiminde ötümlüleşme olmamasıdır.,0
Türkçenin seslerini yazıya geçirmek bakımından çok yetersiz olan bu yazı Türkler tarafından kullanılmasının nedeni ticaridir.,0
"Türkiye Cumhuriyetinde herkes Allaha, istediği gibi ibadet eder.",1
"Aşağıda biçimbirimlerin önce zaman bildirme, sonra da görünüş bildirme karakterleri üzerinde durulacaktır.",1
"Oysa yarın yaşanmamıştır, olgusal değildir ve birinci grupla karşıtlık ilişkisi içindedir.",0
Artık dünya global bir köye dönüşmüştür.,1
"Bu yapıların bir araya gelmesiyle sözcükler, söz öbekleri, cümleler oluşur ve duygu ve düşünceler sessiz iletiler halinde aktarılır.",0
"Ayrıca zamirler, cümlede belirtisiz isimlerin yerine kullanılamaz: Kedi süt içti. -Kedi o içti.",1
"Görüldüğü üzere, Türkçedeki isimler için sayı ve durum bilgisi veren on iki sözcükbiçim mevcuttur.",1
Şiirin uygarlıklardan süzül-üş-ü-ne hep hayranlık duymuştu.,1
Bunun yanı sıra Türk alfabesindeki harflerin okunuşları Batı dillerindeki harflerin okunuşlarından farklıdır.,1
Orhan daha düzgün mü yazar?,1
Eski Anadolu Türkçesinde ışk olarak görülen,0
Konuşurlar eş zamanlı olarak bir dilden diğer dil veya bir değişkesinden diğer değişkesine geçebilir.,0
Türkçenin kökenli sözcüklerde hece farklı kuracak ünlüler ve ünsüzler ancak belirli koşullarda bir araya gelebilmez.,0
Eğer Türkiyeli konuştursa mesela Erzurumlu veya Karslı ise anlaşma oranı neredeyse yüzde yüze yaklaşır.,0
"Ancak öğretim yabancı dille yapılması, çok olumsuzluğu",0
Yeni ihtiyaçlara cevap evmek için gerektiğinde bir dilde yazı kelimeler türetilebilir.,0
"Romanları konuları bakımından macera, tarihsel, töre, psikolojik, ideolojik gibi 99999 alt başlıklara ayırmak da mümkündür",0
"GBb grubunda Gagauzca, Türkiye Türkçesi ve Azerice; GBd grubunda ise Türkçe yer alır.",0
çalışacağı ise söz dizimi açısından olacağı pozisyona bağlıdır.,0
"İlk Türkçe, bütün Türk dilleri anasıdır.",0
"Tıkırtılı diller konuşan topluluklar, ortak tıkırtı seslerine sahip; ancak dilleri birbirinden çok farklı.",1
"Mehmed Akifle son görüşmemizde, 1913te, yani Balkan Harbinin faciaları üstüne, buluşup dertleşmeye karar vererek.",0
1. Bilgisayar ve internet kullanımının giderek artmayınız özünden kopmuş ve değişmiş kelimeler yığınının ortaya çıkmasında etkili olmuştur.,0
"Bizim kahverengi adını verdik, kahveden yararlanarak anlattık renk, kimi dilde dilde esmerle bir tutuldu.",0
Geçirimsiz sözcüklerde ise böyle bir ilişkilendirme bulunamaz.,1
ÜNSÜZ UYUMLARI Söylem-etme Uyumu: Bu uyum ünsüzlerin boğumlanma noktalarıyla ilgilidir.,0
Çünkü yazım dışında kalan alanların kural koymak güçtür.,0
Daha önce de geçtiği gibi Türkçede hece çekirdeğini oluşturur.,0
"Serserilerin, külhanbeylerinin kullandığı söz veya deyim sözleriyle sözlüksel bir birim olarak açıklanmaz.",0
Bu anlatım biçiminde düşünce bir olay içerisinde okuyucuya hissettirilmeden verilir.,1
"Dilbilgisinin farklı bölümleri arasına kesin sınırlar koymak, her zaman mümkün değildir.",1
"İnsan dili, konuşurlarının bütün ihtiyaçlarını karşılamak bir yapıya sahiptir.",0
Köktürkçe döneminde sade bir dil kullanması rağmen Uygur Türkçesi döneminde Türk diline oldukça fazla yabancı sözcük girmiştir.,0
"Bu sesler Türkçede bağlamalı ünlüsü, yardımcı ses gibi adlarla anılır (bk. Yardımcı Sesler).",0
"Her iki durum dil kullanımını, özellikle de hitap sözcüklerin seçimini etkilemektedir.",0
Şüpheye düştüğünüzde TDKnin genel ağdaki başvuru yapınız.,0
Son birkaç yılda çıkan ortaya teknolojisiyle ilgili bilgisayar kelimeler konuya örnek olabilir.,0
"Şu anda konuşanı yok olan Türk lehçeleri olduğu gibi, konuşucusu çok az sayıda kalan lehçelerimiz de vardır.",0
"Yine de eşzamanlı bakış açısıyla, bu sesler, sadece çekimde ortaya çıktıkları için yardımcı ses gibi davrandıkları kabul edilebilir.",1
"Kimi Ünsüzlerin Bulunamayışı Sonunda Söz: Söz sonunda /b/, /c/, /d/, /g/ ünsüzleri bulunmaz.",0
"Tümceleri niteleyen belirteçler (maalesef, iyi ki, belki, açıkçası), genellikle konuşucunun olay hakkında tutumunu yansıtır.",1
"TELGRAF İvedi durumlarda bildirilmesi gereken istek, olay ve haberleri kısa ve öz olarak aktaran bir yazı türüdür.",1
Türkçeyi iyi konuşamıyorlardı.,1
Sayıca diğer yapım eklerinden daha az olan bu eklerin dilbilgisindeki işlevleri birbirleri farklılaşır.,0
İkilemeler asıl olarak anlamla ilgili durumlardır.,1
"Oluşum Yerlerine Göre Sesliler Seslilerin sınıflandırılmasında kullanılan ölçütlerden birisi, oluşum noktasıdır.",0
Türklerin tarih boyunca kullandıkları alfabelerle Türkçenin yazımında kullanılan alfabe sayısı aynı değildir.,1
Geleneksel ölçütler çerçevesinde bu ünitede cümle türleri aşağıdaki gibi sınıflandırılmıştır.,1
Duvaralar boyandı cümlesi ise edilgen çatı örnekleridir,0
"Yazıtları, olsa olsa, dil ve kültürleri çoktandır ölü, kendileri de çoğunlukla unutulmuş halkların belli belirsiz izleridir.",1
Aralarındda çok defali siyasi birlik bulunmayan bu Türk toplulukları arasında belli bir kader birliği yoktur.,0
2. Kıbrıs Türkçesinde ise ezgi ile soru sorma daha yaygındır: örneğin Gidiyor musun? yerine Gidiyorsun?/ biçimi yürür.,0
"Aynı parçalanabilen ögelerden oluşan, yazılışları aynı olan bu iki sözcüğü doğal bir konuşur, metin içinde karıştırmaz.",1
Son birkaç yılda ortaya çıkan bilgisayar teknolojisiyle ilgili kelimeler konuya örnek olabilir.,1
Dilbilimde ve dil edinimi alanlarında da bu iki felsefi görüşten etkilenmiş olan ve tartışmalarını sürdüren araştırmacılar vardır.,1
"Sahanın çok önemli adlarının vurgunun yerli, tür ve işlevler konusunda çelişen tespitler, bunu açıkça göstermektedir.",0
"Saygılar biçiminde saygı, saydı biçiminde say, karaağaçlar biçiminde karaağaç gövdedir.",1
Telaffuza ve vurguya dikkat etmeliyiz. c. Sesimizi İyi Kullanmak Konuşmamızın başarılı olması için ses tonumuzu iyi ayarlamalıyız.,1
"Senin için diyorlar ki, hiç derse çalışmadan yüksek notlar almayı çok iyi başarıyor *mavi.*",0
Çinçede aynı sesbirimlerinden oluşan sözcükler aralında anlam farkı ton ile ifade edilir.,0
Buna karşılık Anadolu ağızlarında kapalı /e/ sesbirim kök hecedeki kullanılmaktadır.,0
"Öğrencilerin çoğu, diğer derslerdeki sunumlarla Türk Dili dersindeki sunumları hiç görmemektedir.",0
Bunlar büyük bir kısmı ikinci hecede dar ünlüyle ilgilidir.,0
"Aslında bu mecaz, olmuş bir incirin kabuğunun çatlamasıyla meydana gelen çizgi çizgi güzellikten doğuyor.",1
Her şeyden önce dil kültürün taşıyıcısı ve tanığıdır.,1
"Çarşıda pazarda, evde okulda yaptığımız konuşmaların çoğu günlük ihtiyaçlarımızı karşılarken yaptığımız konuşmalardır.",1
"Örneğin, Ali her zaman çok saygılı davranır tümcesindeki çok saygılı niteleyici olmasına **yemek** tümleçtir.",0
"Burada kullanılan ek, fiilin anlamını değil ögelerle olan ilişkisini değiştirmiştir.",1
"Biraz git, ötede otur.",1
Yine günümüz Türkçesinde aynı yapıdaki ahır ve havuç sözcüklerinde de sıfırla nöbetleşme olmaz.,1
"Aşağıdaki örneklerde fiilin gösterdiği hareket, öznelerin üzerinde gerçekleşmiştir.",1
Ona gönderdiğimiz metin gerçek bir editörlüğün ve elinizdeki haliyle kitaba dönüştü.,0
Verilen kimi rakamlara karşın yeryüzündeki dillerin kesin olarak belirlenmesi imkansızdır ne.,0
"Bu yıl kardeşim ikinci sınıfa, ben beşinci sınıfa geçtim.",1
"İyelik ekleri, nesne veya kavramların bir başka nesne ya da kavrama değil olduğunu gösterir.",0
Telgrafın sağ alt köşesinde gönderenin adı ve soyadı yazılır.,0
"Fakat ne doğru söyleyeyim, ben bu dükkanda çok yaygın şeylerin daha az bir lezzet buldum: Satıcının kendisi.",0
Bazı dillerde kökün veya gövdenin içine eklenen iç ekler de vardır.,1
Sözcüklerin tümce içindeki konumlarından kaynaklanan böylesi değişken biçimlerini düzenleyen dilbilgisel kurallar vardır?,0
Sıfatlara çeşitli yapım ve bazen de çekim ekleri getirilmek suretiyle yeni sıfatlar türetilebilir.,1
"Ses Uyumlarının Varlığı Önlük-artlık uyumu çok az istisnayla gelişmiştir, düzlük-yuvarlaklık uyumu ise daha sınırlıdır.",1
Cansız varlık adları da eril ve dişil olarak sınıflandırılır: sırasıyla der Tisch masa ve die Tür kapı örneklerinde olduğu gibi.,1
"Ek, eğer isim türeten bir ek ise isimler cümlede yalın olarak da kullanılabildikleri için çizgi sadece getirilir.",0
"Zarfiillerle kurulan bağımlı cümleler, zarfı yan cümlesi veya belirteç yan cümlesi olarak da adlandırılır.",0
"Örneğin; biz, siz, gece, öğle, öğün, ağaç art anlamda bakımdan türemiş sözcüklerdir.",0
Fiile getirilen çatı ekleri (bazı fiilden fiil yapım ekleri) veya nesneyi doğrudan etkiler,0
"Eş anlamlılıkta sözcükler anlamca yanına yakın olmasına karşın, dilde salt eş anlamlılık söz konusu olamaz.",0
Bu nedenle eklenme sırasında Türkçenin ses yapısıyla çelişen durumlar ortaya çıkabilir.,1
Buna yer göre Türk lehçeleri yakın lehçeler ve uzak lehçeler olmak üzere ikiye ayrılır.,0
"Dilin damağa yakın olduğu konuma üst, ağız boşluğunun altında olduğu konuma alt bölge denir.",1
Bu ünitede bütün bu ele alınmakta sorular ve Türkçenin karşılaştığı güncel sorunlara değinilmektedir.,0
Efendi Nuri boynunu büktü.,0
"Padişahın huzurunda oğlan meseleyi anlatıyor: Ben, ölesiye konuşmam demiştim diyor.",1
"Yukarıdaki katın viran bir sofanın, bir de yüksek pencelerinin tahta kepenkleri sımsıkı kapalı olan bir kocaman odadan ibaretti.",0
"Soru sıfatı bir isimle birlikte, soru zamiri ise ismin yerine kullanılır: Hangi (devir) (sıfat)?",1
"Buna karşılık söylişte, korunma ve düşme biçiminde ikili durumlar işitilir: meşale ~ meşale sunu ~ sunu vaka ~ vaka.",0
Kansu Uygurları 866 ile 872 yıl arasında Tibet egemenliğine son verdiler ve burada küçük bir devlet kurdular.,0
"Başlangıçta 22 ünsüzden oluşan alfabeye Arapçanın ihtiyaçlarını karşılamak üzere, sonradan 6 harf daha eklenmiştir.",1
Kelimelerin ilk harflerin veya belli hecelernin seçilmesi sonucu yeni kelimeler oluşturulmaktadır.,0
Temel öğretimde yardıcı ünsüzler yaşasın sözcüğüyle kısaltılmış olarak öğeriltilmektedir.,0
"Oyun yenen, ikinci parti için pullarını düzeltip zarları da eline alarak: -Bu da tuhaf, dedi.",0
"Etken cümlenin öznesi, nesne ve dolaylı nesne pozisyonu dolu olduğu için taşınmalıdır, uygun olan bir pozisyon çağırmalı.",0
"Dil göstergeleri aynı zamanda somutlardılar; yani dil, nesne ve kavramları genel olarak adlandırır.",0
"Hele bilim açısından baktıkta, saydığım beş tür hiç de nesnel olmayan, üstelik pek kabataslak elde edilmiştir bir sınıflamadan.",0
Birleşik isim grubunun bir olumsuz kalıplaşmış bir sıfat tamlamasından oluşmuş olabilir.,0
Türkiye Türkçesi Türk yazı dilleri ailesinin konuşur sayısı bakımından en büyük Türkiye Türkçesidir,0
Ancak ondan sonra işin gerekleri ile kendi niteliklerinizi karşılaştırabilirsiniz ve 193 işi uygunluğunuzu belirtebilirsiniz.,0
Bugün yeryüzündeki dillerin sayısıyla ilgili olarak verilen rakamlar üç bin ile altı bin yedi yüz arasında değişmektedir.,1
Horul horul uyudunuz.,1
Türkçemizi biz nasıl kullanırsak çevremizdeki insanlar ve bizden sonraki nesiller de öyle kullanır.,1
Kelime türleri arasındaki farkları karşılaştırmak Sıfatların yapı açısından isimlerden ayrılan açıklayan yönleri yoktur.,0
İkinci kelimede ilk kelimedeki ünlü yerine dar-yuvarlak yani /u/ veya /ü/ kullanılmasıyla meydana getirir.,0
Türklerin geniş coğrafyalara dağılışı Kimmerler24 ve proto Türkleri ile sonra devam eder.,0
Some tongues undergo a morphological change where the voiceless fricative /s-/ consonant at the beginning of a word changes into the voiced fricative /z-/ consonant.,0
"Kompozisyon yazın dendiğinde birinci paragraf giriş, ikinci paragraf gelişme, üçüncü paragraf da sonuç şeklinde yazmamalılardır.",0
Bu kınama ve tepkinin ilk örneğinde XIV. yüzyılın önemli şairlerinden biri olan Kırşehirli Aşık Paşada görebiliriz.,0
Yani adların ve eylemlerin sözcük türünü değiştirmeden sözcükler arasında yapı ve anlam ilişkileri kurar.,1
Bazı yayınlarda isimlere gelen eklerden önce çizgi yerine işaretinin kullanıldığı da görülmektedir.,0
Hikaye ve rivayet anlatımlarında birleşik çekim eki genellikle son cümleye getirilir.,1
Türkçenin ses dağılımı kurallarına aykırıdır.,0
Birleşik isim ve asıl unsur grupunda yardımcı yoktur.,0
"Örneğin; biz, siz, gece, öğle, öğün, art zamanlı ağaç bakımdan türemiş sözcüklerdir.",0
Benzer bir durum geniş zaman ve sıfatfiil eki kullanılan -r/-Ar/-Xr için de geçerlidir.,0
Anlam ayırıcı olan ve Türkçede vurgu olarak anlaşılan parçalarüstü öge yeri değişebilen tondur.,1
"/ç/, /f/, /h/, /k/, /s/, /ş/, /p/, /t/at ünsüzleri ise Ötümsüz.",0
"Sıtma mücadelesi henüz başlamamış olan bir köyde, birkaç sene evvel, salgın 90 kişiyi birden öldürmüştür.",1
Bu tür yapılarda dilin söz dağarcığında sayıca bir genişleme olmamakta ancak kelimelerin anlamında bir genişleme görülmektedir.,1
"Örneğin; Doktor Seçil, Öğretmen Serpil, Albay Rauf vb. Birleşik adlarda vurgu sonda, unvan öbeklerinin vurgusu ise başta bulunur.",1
"Atatürk, Enstitünün kurulmasıyla ilgili M. Fuat Köprülüye şu talimatı verir: Fuat Bey, cumhuriyetin başkenti İstanbul.",0
"Örneğin Karayiplerde, erkeklerin kullandığım kelimeler, kadınlar tarafından da kullanırsa bunun uğursuzluk getireceği düşünülür.",0
"Öyleyse, yukarıdaki yeni bir içinde kullanılan bir ad olmalıdır çünkü bir tanımlıktan sonra kullanılmıştır alk.",0
"Dilbilgisi kitaplarındaki kuralları, o dilin anadili konuşucularının dilbilgisel olarak kabul ettikleri yapı kuralları betimler.",0
Türkçenin uzun tarihi macerasının da etkisiyle son derece var bir deyim dünyası zengin.,0
Kimse o bilmiyor.,0
"Çekim eklerinin kalıcı isimler yapması, yapım ekleri çekim ekine dönüşmesine göre daha alışılmış bir durumdur.",0
Bitişken dillerde sözcüğün kökünde bir,0
"Gösterge, birbirini tamamlayan iki öge bünyesinde bulundurur.",0
Ayrıca ki bağlacı da açıklama cümlelerinin başında yer alabilir.,1
Küresel dünyanın dili İngilizcemi olarak sunulmuş ve bu durum insanlar tarafından kabul edilmiştir.,0
"Bu nedenle işleklik daha çok, doğal sınırlılıkları olan yapım eklerinin ilgili bir durumdur ve görecelidir.",0
"Sayı grupları, bazı kelime gruplarında olarak görevli yer alabilir.",0
Bilenler,0
Daha sonra diğer Orta Asya Türk dilleri çeşitli dönemlerde Latin harflerini kullanmışlar ve sonra daha kiril alfabesine geçmişlerdir.,0
Bu çabalara karşın yerli kaynaklı sözlerin dilimize girişi her geçen gün biraz daha artmaktadır.,0
Alıştığım tatlı heceler sekiyor yanımda.,1
"Artzamanlı bakış açısıyla Türkçenin tek yardımcı ünsüzünün /y/ olmak, diğerlerinin farklı işlevlerden geliştiği bilinmektedir.",0
Özne birinci kişi bilgisi taşırken eylem -n eki ile ikinci kişi bilgisi taşımaktadır.,1
Bazen de tamlanan yani isim kısmında tekrar grubu bulunabilir.,1
"Çünkü dilini kaybeden, evini de vatanını da, geleceğini de kaybeder.",1
Taşınma hazırlıklarıyla haşır neşir oldular. -grubu zarf Vasıta tümleci olarak görev yapar.,0
"Kültür, insan yığınlarını millet haline getirir.",1
"Güzel havaları, yeşil yaprakları ve mavi denizleri severim.",1
Bu örneklerde birleşme sonucu bir hece eksildiğinden dolayı burada bir hece eksikmesi olduğu da düşünülebilir.,0
Yani bu fikir ve uyanışın temelinde insanlığın asırlardan beri işlediği insan ve demokrasi anlayışının yüksek değerleri mevcuttur.,1
"Ses bilmi: Ses bilmi, diller üzeri bir yaklaşımla insan dilindeki seslerin fiziksel özelliklerini inceler.",0
"Bu durumda, sınıflandırmalarda bir sınıfın alt ulamlarını belirlemek için birden fazla sınıflandırma ölçütü kullanmak gerekebilir.",1
"Zarfarda da sıfatlarda olduğu gibi eşitlik, üstünlük, en üstünlük derecelerinden söz edilebilir.",1
"Genç adam beni elimden tutarak dar bir taşlıktan geçirdi, yenilikten basamakları oynayan karanlık bir merdivenden inceledik.",0
"Değişik coğrafyalarda çeşitli devletler kuran Türk soylu halklar, dillerini de bu coğrafyalarda yayıla hale getirmiştir.",0
Atasözlerinde gereksiz görülecek bir sözcüğe rastlanır.,0
Ayrı hecede üç ünlünün bulunmasına ise üçüz ünlü adı verilir.,0
"Yazı, bu kısa tarihi-ne rağmen kalıcı ve görünür ol-ma-sından dolayı etkili olmuş ve zaman zaman dil-in yerini aldığı bile düşünülmüştür.",0
"Elektronik iletişimdeki sınırsız özgürlük, dilde çok özel çeşitlenmelere neden olmaktadır.",1
"Oysa İngilizcesi, Fransızca gibi bazı dillerde gizli özne bulunamaz.",0
Bükünlü dillerin en karakteristiği bilimseldir Arapçadır.,0
Hem Türkçe hem de alıntı sözcüklerde görülebilen göçışme kaynaklarda metatez veya yer değiştirme olarak da geçer.,0
"Bu çalışmada da kök terimi; daha genel bir anlamın türemiş, çekim eki almamış kelimeleri de kapsayacak biçimde kullanılacaktır.",0
Bir konuşurun veya yazarın edilgen yapıyı seçmesinin edimbilimse nedenleri vardır.,0
Böyle olunmayınca kendi soydaşlarının hürriyet ve bağımsızlıklarına kayıtsız davranması elbette uygun görülemez.,0
"Arap yazısında harekeleri başlangıçta harflerin üst, iç ve alt kısımlarına konulan noktalardan ibarettir.",0
"Yumurtlayan Yumuşak yol-da ağaç-ta çiçekçi güneş-çi ay-çı köşe köşe Dilimizde, bunların dışında çok sayıda ses olayı vardır.",0
Şimdilik söyleyebileceğimiz yalnızca bu çalışma oluşturulduğu sürede mevcut olan medya uygulamalarıdır.,0
"İlk Türkçe, bütün Türk dillerinin anne",0
"Kültür demek, başkasından aldığımız bilgileri, düşünceleri papağan gibi tekrarlamak değildir.",1
Karşıtlık ilişkisi kurabilirler: Sorumluluklarını yerine getirmediği halde takdir edilmeyi bekleme.,0
Betimleyici dilbilgisinde yargılama ve doğru ya da yanlış tümce anlayışı söz konusu olmadığını belirtmiştik.,1
"İyelik eki, isim çekim ekleri arasında yer alır.",1
"Bu, konuşmak dilinde, özellikle ağızlarla ilgili araştırmalarda sıkça rastlanan bir durumdur.",0
"Kimi araştırmacılar, tıkırtılı dillerin birbirlerinden, İngilizcenin Japoncadan benzer olduğunu öne sürüyorlar.",0
Sıfatlara çeşitli ve getirilmek ekleri türetilebilir.,0
Bir dilin ömrü ile bir insanın ömrü karşılaştırıldığında soruya verilecek cevap tuhaflaşır.,1
Çıkarım bildirebilirse: Ali okul devam istemediğine göre bölümünü sevmiyor demek ki.,0
"Whorfın doğrulara göre her toplum, kendi düzeninin koşullarına göre gerekli sözcükleri yapar ve kullanır.",0
"Çünkü, dilbilim, genetik ve arkeoloji alanlarında toplanan verilerin bir arada ele alınmasıyla fazlasıyla yol alınabilir.",0
Çizgi her iki yanında ise de buralarda başka biçimlerin olması gerektiğini gösterir; ek içektir.,1
Etkilenmenin küresel yalnızca diğer dilleri İngilizcenin etkilemesiyle kalmadığını da belirtmek gerekir.,0
Yabancı uyruklu öğretim üyeleri Türkiye'de çalışmayı devam edeceklerse üç yıl içerisinde Türkçeyi öğrenmek zorunda olacaklar.,0
Süreklilik-Süreksizlik: Bir patlama sonucu değil de daha uzun bir sürede çıkarılan ünsüzlere sürekli ünsüz denir.,1
"Ertesi gün bir de baktım ben geçerken bütün o azılı mahpuslar açılıp bana yol veriyor, siftiniyor, sırtımı okşuyorlar.",1
Elbette bu hızlanma artık kıpır dayan ve kendi deneylerini yapan bebeğin büyük bir zenginliğinden kaynaklanmıyorsa.,0
"Karşıt anlamlı, İyidir x kötü değil, gece y x gündüz gibi anlam bakımından birbirine karşıt sözcüklerdirlar.",0
"İnsan bir bakıma, dünyayı ana dilinin belirlediği, izin veren biçimde ve ölçüde algılar.",0
"Derviş kılıklı, inmeli adam, kolunun birini önüne doğru sallayarak, ayağının birini sürükleyerek geçti.",1
Buralardan bir karış toprağın verilmesi düşünülemez ve buna hiç kimsenin gücü de yetmez.,1
Tüm gece boyunca uyumuştu.,1
Uzaklaşma Grubu: Uzaklaşma hali eki getirilen bir isimle bir başka isim türünden kelimenin bir araya gelmesiyle oluşur.,1
Böyle olunca o bölgenin besine gibi birtakım ihtiyaçlarını başka bölgelerden tedarik etmek zorunluluğu baş gösterir.,0
İnternette basit bir taranmada da görüleceği gibi yazılı metinlerde standart ve standart dışı biçimlere rastlanmaktadır.,0
"Türkçede, kelime tanımında ve kelime sınırlarının belirlenmesinde kullanılabilecek bazı ölçütler bulunmaktadır.",1
Bu durum çoğu zaman önemsizdir; ancak bazen farklı anlamların ortaya çıkabilir.,0
Burada Fransız sosyolog Durkheime göre kolektif bilinç bir toplumda bireysel olanların temsilidir.,0
"Dolaysıyla tip, birlerin toplumdaki insanların ortak özelliklerini şahsında toplamış kişidir.",0
"Her iki örnekte de söz konusu olan geçmiş zamandır; yani söyler, konuşma anından öncesini anlatmaktadır.",0
Anılırlar gözetilerek uygulandığı için sözdizimsel kurallar olarak Bunlar sözcüklerin dizilimi.,0
Bununla birlikte dilin yapı ve işleyiş sistemini tanıtmak üzere doğalcı yöntemden de kısmen yararlanılmaktadır.,0
"Yerel anlam: Bir kelimenin başlangıçta yansıttığı, ilk ve asıl kavrama temel anlam adı verilir.",0
Birleşik isim grubunun bir unsuru kalıplaşmış bir sıfat tamlamasından oluşmuş olabilir.,1
"Bazı kaynaklar edatlar üst başlığı altında da toplanabilen bağlaçlar, edatlar ve ünlemler; çekim eki almaz.",0
Bu anlatım biçiminde düşünce bir olay içerisinde okuyucuya hissettirilmeden.,0
"Çoklukla sözcüklerden daha büyük dil parçaları olan öbekler arasında duraklayanlar olabileceği gibi, ö / bek diyenler de olabilir.",1
Ad tamlamalarında iki öge bulunur.,1
Kültür,0
"Vurgu en kısa biçimiyle, sözcükte bir hecenin diğerlerine göre daha belirgin söylenmesidir.",1
Kimse bilmeiyor.,0
Basında daha önce ve daha sonraları örneği görülmeyen ve başladı tartışmalar,0
Variation with Vurgu (i) sözcük vurgusu ve (ii) sözdizimsel vurgu olmak üzere iki dilbilimsel düzeyde incelenir.,0
"Edilgen, dönüşlü, işteş ve ettirgen çatıların daima etken çatıyla ilişkilendirilerek ele alındığı unutulmamalıdır.",1
"Hiç olmazsa başkalarının, kendininkine uymayan inanışlarınızı bilmemezlikten, duymamazlıktan gelir.",0
"Yine standart yazımla verilmiş bir sözcüğü farklı okuyucular, farklı biçimlerde seslendirirler.",1
"Bunun yanında, Türkçe kökenli sözcüklerde sonradan ortaya çıkmış çok sayıda uzun ünlü bulunabilir.",1
"Bu anlatış ile toplumdaki insanların, yani bir arada yaşayan fertleri sımsıkı birbirine bağlar.",1
Gecenin daha sslitir.,0
Ayşe elmayı yiyebilir.,0
"Uygur yazısının 15. yüzyılın ikinci yarısında İstanbulda, Osmanlı Sarayında kullanmış olduğunu biliyoruz.",0
"Yazı dili standardı bir kere belirlendikten sonra, eğitimlerini bu standart biçimle almış konuşurlar değişmelerden hoşlanmazlar.",1
Sempozyum hazırlama komitesi bu özetleri değerlendirerek uzmanları sempozyuma davet eden.,0
"Bir konuşmaz zincirinde hece, sözcük kökleri ve eklerle sözcükleri kapsayan ton ve değişmelerin tümü ezgiyi oluşturur.",0
Brahmi yazısı adından da anlaşılacağı gibi Hint kökenli bir yazıdır.,1
"Bu yönüyle deyimler, tıpkı bir dilin içerisinde madde başı olarak yer almalıdırlar.",0
"Son iki grupta, alfabede tek bir harfe gösterilen ama söyleyişte art ve ön biçimleri bulunduğu sesler de yer almaktadır.",0
Bazıları ise sadece söyleyişte yer alırlar ve parçalarüstü sesbirimler olarak adlandırılırlar amaç.,0
"Bütün bu özellikler, Türk dilinin tarihinin çok daha öncelere, tarihin karanlık dönemlerine kadar uzandığını gösteren kanıtlardır.",1
"Edat olmakla birlikte, söz dizimi bakımından eş değer cümle ögelerini birbirine bağlayan yada bunun istisnasını oluşturur.",0
İşitme organları üzerinde yoğunlaşıyor İşitsel Ses Bilimi.,0
3. Tarihte ve günümüzde Türk nereye gitse vatanini unutmuştur.,0
"Ecemin gitmesinin sonucu, olay yerinde bulunmaması ve görüşmenin bu yüzden olurmayacağıdır.",0
Yerli söylemiş özelliği olarak nitelenebilecek bu türden kullanımların ölçünlü Türkçede yer almaması gerekir.,0
"Harfer söylenirken ünsüzler kendilerinden sonra gelen bir /e/ ünlüsü ile seslendirilir: be, ce, de gibi.",1
Aynı computare teriminin Fransızcada compter saymak olması gibi.,1
"Edilgen, dönüşlü, işteş ve ettirgen çatıların daima etken çatıyla ilişkilendirmeli olarak ele alındığı unutulmamalıdır.",0
"İsimden yapım ekleri -lX ve sXz yapım eki -lA gibi bazı, sıfat fiil -lA oldukça işlektir.",0
Çağlamak suların çok kez taşlara çarpa çarpma çıkardığı sestir.,0
Ses tellerinin titremesi sonucu olu¸san seslere ötümlülü sesler denir.,0
Almancada Gemüt adından türemiş olup çok geniş bir kullanım alanı bulunan gemütlich sıfatının başka dillerde tam karşılığı yoktur.,1
Türkçeyi Arap harfleri ile ilk kez yazanların 10. yüzyıl ortalarında İslam dinini kabul eden Karahanlılar olduğu şüphesizdir.,1
"Kafkas dillerinin en belirgin özelliği, fazla ünsüzlerin, sınırlı sayıda ünlerin ise oldukça olmasıdır.",0
"Ama kelime türleri konusu, biçim bilgisi içinde ele alınırken diğer alanlara ait ölçütler de kullanılır.",1
"Kalkmış, kahve kapısına gitti, durdu.",0
Cümle Dışı Ögeler Cümlede yer alan ögelerin her birinin kendine farklı bir amacı ve rolü vardır.,0
Ancak öğretim,0
"Etken cümlenin öznesi, tarafından vasıtasıyla/ aracılığıyla edatlarından birine eklenerek ettirgen cümlede yer alır.",0
Bilim adamları bu tür Doğu Türkçesi özellikleri barındıran eserleri karışık dilli eserler olarak adlandırmaışlardır.,0
"Ali Şir Nevayi, şüphesiz bütün Türk edebiyatı için son derece önemli bir şahsiyet değildir.",0
"Ek öbeğe geldiği için öbeğin anlamı uzun yola giden, uzun yolda çalışan, uzun yol şoförü gibi bir anlama sahiptir.",1
Her dilin kendine özgü yapısı ve kuralları vardır.,1
"1. Bugün dünyanın hemen hemen her bölgesinde gerek soğuk, gerekse sıcak savaşların varlığı hepimizeryin malumudur.",0
"Dün ödevini bitirdi. cümlesinde eylem zamanı şimdi ve buraya göre geçmişte, Yarın ödevini bitirecek. cümlesinde gelecektedir.",1
"Karpuzla kurabiye arasındaki ince benzerliği ve çok manalı ortak vasıfları, zeki Türk halkı, nasıl ve nereden bulur?",1
Gazetenin arkasında bir sanatçı+ımızın dilini çıkarmış resmini görünce büyük bir şaşkınlık yaşadım.,0
"Bunlardan Soğd, Mani, Brahmi, Süryani, Grek, Ermeni, İbrani alfabeleri belirli tarihi dönemlerde ve çevreslerde kullanılmıştır.",0
Dil edinimi çalışmalarından elde edilen *bulğuları* da bu kanıyı doğru,0
Ancak belli ses bilgisel incelemeler sonucu soyut sesler yanı dilin ayrılabilen parçaları ortaya çıkarılabilir.,0
Ünsüzleri ilgilendiren değişmeler sırasında bu ortak özelliklerden birini kazanma veya onlardan önemli bir yer tutmaz.,0
Yüklemi isim niteliğinde bir kelime cümlesidir.,0
Bu hece sözcük niteliğinde olduğu zaman söz sonunda bulunabilen ünsüz çifleri ortaya çıkmış olur.,1
"Eklemeli Türetme Eklemeli türetme, basit sözcüklere türetim ekleri ilave edilerek karmaşık sözcükler oluşturma sürecidir.",1
Verilen kimi rakamlara karşın yeryüzündeki dillerin kesin olan olarak belirlenmesi imkansızdır.,0
"Ama kelime türleri konusu, biçimleri bilgisi içinde ele alınırken diğer alanlara ait ölçütler de kullanılır.",0
"Bilindiği gibi milletlerin tarihi sicilleri, kültürel değerlerinde saklıdır.",1
Yani zihindeki dil yetisi ancak belli bir dille (programla) desteklendiği zaman işlerlik kazanıyordu.,1
"Baktımk: Konuşurken daha bir kerre güzeldi, İstanbulu duydum daha bir kerre sesinde.",0
"Deyimlerden çok büyük bir kısmı dilin konuşucularının ürünü, çok azı ise başka dillerden çeviri yoluyla oluşturulurlar.",1
Bir gün ağıla kuzuyu sevmeye gittiklerinde şahit olduğum bir manzara çok dikkat çekici olmaktı.,0
Burada aşağı yukarı ile tam sözcükleri birbiri çelişmektedir.,0
"Dilekçenin metin bölümünde, dilekçe yazılmasını gerektiren istek, şikayet ya da durum kısa, açık cümlelerle verilmelidir.",1
"Türkçe Kökenli Sözcüklerde Bulunmayan Ünsüzler Türkçe, ünsüzler açısından kendine özelli bazı özelliklere sahiptir.",0
"Eylem Çekimi Eylem çekimi, cümle ve oluşturmak üzere eylemlerin zaman, kişi vb. çekim eklerini almalarıdır.",0
"Din; hayvanları, kitleleri, toplumları ve nihayet milletleri ayakta tutan ve onlara karakter veren önemli bir kültür unsurudur.",0
"Eski Anadolu Türkçesi yazı geleneğinin temelinde, norm olabileceğe ağızlar üstü standart bir varyant bulunmaz.",0
Memluk Kıpçakçası bir süre sonra Eski Anadolu Türkçesinin etkisinde kalarak Oğuzcalarlaşmıştır.,0
"Geç kalmam, geliveririm.",1
"Genel olarak bağlama ünlüleri denince akla dar ünlüler, yani /ı/, /i/, /u/, /ü/ sesleri gelir.",1
"Birleşen ögeler arasında yalnızca yapı bakımından değil vurgu, süre vb. bakımlardan da ilişkiler vardır.",1
"Bu sesle ilgili dikkat çekici bir durumda Türkçe kökenli alp cesur, ile Alp dağlarının adı arasındaki karışmadır yiğit sözcüğü.",0
"Bu durumda ünlü komşuluğundaki titreşimsiz bir ünsüzü söylemek, titreşimli bir ünsüzü söylemekten daha zordur.",1
"Kaynak: Nettle, Daniel ve Suzanne Romaine (2002). Kaybolanla Sesler.",0
Burada Fransız sosyolog Durkheime göre kolektif bilincin bir toplumda ortak olanların temsilidir.,0
Özenilmeyen dili özenilen dil durumuna yükselir ve bu dille konuşmak ve yazmak moda haline gelir.,0
"Dilbiliminde türetime giren kelimeler anlamlı, girmeyen kelimeler görevli kelimeler olarak adlandırılır.",1
İsim soylu kelimeler de kendi içinde çekim sırasında gösterdikleri farklar nedeninden farklı gruplara ayrılır.,0
M Mutlak Zaman: Eylem zamanı şimdi ve bura ölçüt alınarak bildirildiğinde ifade edilen zamandır.,1
Her dilin kendine bir göre bir ses dağarcığı vardır.,0
"Türkçedeki eklerin bir başka önemli çoğu özelliği, kestirilebilir olmasıdır.",0
Burada herhangi bir bağlama veya olma yardımcı söz konusu değildir.,0
"Aslında her dilde alıntı sözler bulunur ancak dil kuralları ögeleri, kolay kolay bir başka dile bir dilden geçmez.",0
Ancak ayrı ses bilgisel incelemeler sonucu soyut sesler yani dilin belli parçaları ortaya çıkarılabilir.,0
"Sabahleyin erken, şafakken sökerken oğlan kalkıyor, üstünde ne eşyası varsa hepsini bırakıyor.",0
Dr. Cem Keskine ilk üç bölümü okuduğu ve önerilerde bulunduğu için teşekkür ederiz.,1
"Ağızlarda, yörelere göre değişen çok sayıda ünlüler vardır.",0
Yapılan çalışmalar sadece başka dillerden Türkçeye değil Türkçeden de diğer dillere çok canlı bir akış olduğunu göstermektedir.,1
Çin metinlerinin yazımında her biri birer kelime işareti olarak kullanılan Çin *glyphleri* kullanılmaktadır.,0
Akciğer hava akımı düzeneği ile oluşturur sesler püskürtmelidir.,0
"İnsan, dilin tek bir zaman ekini, tek bir kişi ekini değiştiremez, dilin üretim yollarının dışına çıkamaz.",1
Deyimlerle Atasözleri Arasındaki Farklar Deyimler ve atasözleri zaman zaman birbir karıştırılmaktadır.,0
"Ancak sayısız varyant, işlevsel önemli tiplere (değişmezlere) indirilmeli ve sinyallerin işlevleri ve birleşmeleri.",0
"Bu kitap varlığı, Türkçenin anlatım gücünü olumlu yönde etkilemiş, daha da geliştirmiştir.",0
"Ölüm döşeğindeki Osman Beyin son arzusu, Bursanını fetih müjdesini alabilmektir.",0
Dini yıkılan ve onun yerine ideolojik bir takım müesseseler koymaya çalışan milletlerin sonu da pek iç açıcı olmamıştır.,0
Ne var ki mevcut durumdaydı Osmanlı yazı dili bunun tam tersi.,0
Kullandığımız dilin nasıl ortaya çıktığı bilim dünyasında uzun süredir tartışılan bir konu.,1
"Türkçede altı çeşit hece, bir hecede ise en dört ses vardır.",0
Böyle olunca kendi soydaşlarının hürriyet ve bağımsızlıklarına kayıtsız davran. olacak elbette uygun görülemez.,0
"Sorunun etnik, toplumsal, siyasal, tarihsel vd. çok boyutlu karmaşık belirleyicileri de olduğu unutulmamalıdır.",1
"Azeri Türkçesinde bu iki ses anlam ayırıcıdır, sesbirimdir ve alfabede iki ayrı harfe gösterilir.",1
Batılılaşdıramadıklarımızdan mı?,0
Yapısal olarak virgül ile birbirlerine bağlanan iki cümle de şaşırtıcı yargı bildirmektedir.,0
Tek biçimli az sayıda örnek dışında ekler ünlü ve ünsüz uyumlarına göre çeşitlenirler.,1
"Bu, özelikle söz dizimi açısından sözcük gibi işlem gören için de geçerlidir: TDK te-de-ke, SGK se-ge-ke gibi.",0
"Velhasıl, oğlan bu gemide oradan oraya uğraya uğraya, diyar diyar gezmeye başlıyor.",1
"Client/Server, Dounsizing, Application Systems, vb. Bunlara karşılık bul-mayı düşünüyor musunuz?",1
"Fiillerde ise ekler sırasıyla kılınış, çatı, olumsuzluk, görünüş/kip, zaman, kişi eki şeklindedir.",1
Dilbilgisel biçimbirimler de sözcük parçaları olarak görülebilirler (bkz. Çekim ekleri).,1
Çocuklar yalnızca kitabı okudular.,1
"Standart Türkçenin bölgeler üstü bir geçerlilik kazanması, sanıldığının aksine, oldukça yenidir.",1
Kişilerin söz varlığının sınırlı hatta kısır olması da Türkçenin bir eksikliği gibi görülür.,1
"GBb grubunda Gagauzca, Türkiye Türkçesi ve Azerice; GBd grubunda ise Türkmence yer alır.",1
NASAda gönderdiği Mavenın ardından Hindistanın yolladığı da Kızıl Gezegenin yörüngesine başarıyla yerleşti.,0
"Yalnız, sıfat görevi yüklenmiş olan adın tıpkı öteki sıfatlarda olduğu gibi, eklendiği ada özgü bir niteliği belirtmesi çözecek.",0
"Yukarıda, bireylerin dil kullanımını etkileyen toplumsal faktörler birkaçıyla özetlenmiştir.",0
"Diş Eti-Damak Ünsüzleri: Dil ucunun diş eti ile oluşan seslerdir: /c/, /ç/, /j/, /ş/ sesleri bu gruptaki seslerdir.",0
"Bu millet, istiklali uğrunda canı gibi da olsa tarihinin sorumluluğu içinde; -Ya İstiklal ya ölüm! demesini bilmiştir.",0
"Düşünce aktarımı dil dışında başka araçlarla da gerçekleşir: hayal, dans, yenilik, his vb.",0
Çalışkan fakat hırslı bir kişiliği vardı.,1
"Sözcük kökünde ikiz ünsüz/uzun uzun yoktur: İkiz ünsüz, sözcük kökünde farklı ünsüzlerin yan yana bulunmasıdır.",0
"Ve her öğrenci belirlenen tarihte sunumunu sınıfta, arkadaşların karşısında yapar.",0
Vakit nisan ortasında bir akşamdı. 1.5. İle Bağlacının Yazımı Edat olan ile kelimesi ve anlamını karşıladığı durumlarda bağlaç olur.,1
"Bugün, yeryüzünde konuşan bütün dillerin kökenlerinin en eski dönemlere uzandığını söyleyebiliriz.",0
Buna karşın emmeli akciğer hava akımı düzeneği ile oluşturulan sesler hiç bir dilde,0
Türkçede heceyi ünlü kurduğu için sözcüğün sadece ilk hecesi ünlüyle,0
Sözcük bir bağlamda ünlüsünü korurken başka bir bağlamda ünlüsü olmadan kullanılmaktadır.,1
"Türk millleti tarihinle öğün, çünkü senin ecdadın medeniyetler kuran, devletler, imparatorluklar yaratan bir mevcudiyettir.",1
"Bu uyarlama, Türkçe açısından önemli olan ses özelliklerinin eklenmesi, önemsiz olanların atılması şeklinde ortaya çıkar.",1
"Titreşimli sınıfa olan sesler, hava akımının daha düşük düzeyde engellenmesi ile oluşturulmaktadır.",0
Ünsüzler ayrıca hava akımının tümüyle engellenmesi açısından sürekliler ve süreksizler olarak doğal bir sınıf oluştururlar.,1
Öz geçmişinizi yazarken aşağıdaki noktalara dikkat etmeniz yararlı olur: Ne tür bir iş aradığınızı açıkça belirleyiniz.,1
"Ayrıca ev-i  (de), iki-şer, anne-si örneklerindeki /n/, /ş/ ve /s/ seslerini deve bağlama ünsüzleri olarak görümelerin vardır.",0
Ancak eklenmeyle ilgili ses değişmelerini çekim ve türetime açısından ayrı değerlendirmek gerekir.,0
İlk kuşakta bu sistem daha çok pantomim özelliklerini taşıyordu ve konuşan insanların jestleri benziyordu.,0
Bunun,0
Yapılan çalışmalar sadece başka dillerden Türkçeye değil Türkçeden de diğer dillere çok renkli bir akış olduğunu göstermektedir.,0
"Soru Eki: Soru eki, eklendiği sözcük, sözcük öbeğe ya da cümleye soru anlamı **vermiyor** mI/mU biçim birimidir.",0
Ancak kaynaklarda daha çok bir kelimenin değişik formlarda kullanılması anlam olarak anlaşılır.,0
"Türkçenin Güncel Sorunları Söz varlığı, bir dildeki, bir eserdeki sözcüklerin, deyim ve atasözlerinin bütünü kosnundaki düşünce ve inançların bütünü.",0
"Knight, bugün yeryüzündeki yalnızca 120.000 kişinnin bu tuhaf seslerle konuştuklarını tahmin ediyor.",0
Münzevi kelimesi Mehmet Necatigilin ilgisini çekmiş ve yazar bunun için kaçınmak kelimesini kullanmış.,0
"Ancak sfenks, grup gibi tek heceli, Türkçenin yapısına uymayan sözcüklerde eğitimin ilk aşamalarında sorun çıkabilmektedir.",1
Sağlıklı çocuğumu olan her aile ne kadar yaratıcı olduklarını buna benzer örneklerle kolayca gözlemleyebilir.,0
"Adlar tür, anlam, yapı, sayı vb. bakımlardan farklı biçimlerde sınıflandırılamaz.",0
Büyük bir sessizlik oldum.,0
Tahta kapıdan içeri girmekince ilk onu görmüş.,0
Bülbül oldum gülistanda şakırım Gül dalında biten gül neme yetmez (Kul Budaladan akt.,1
Bunların gerçekten Peygamber kelamları olduğunu kesinlikle ispatlamak.,0
İkilemeler asıl olarak anlamı ile ilgili durumdur.,0
Bu çıkarılırken ekin sahip olduğu ünlü ve ünsüzlere göre farklı alternatifler ortaya çıkar.,0
"Temel dil bilimi kitaplarında Türkçe çoğu zaman, sondan eklemeli olması yanında, bu özelliği ile yer alır.",0
Diğer tarafan fiile eklenen işteşlik eki sayesinde özne en az iki katılımcıdan meydana gelir.,1
"Yani, bir biçimbirimin tüm değişkelerinin toplamı o biçimbirimin kendisini oluşturur.",1
"Çocuk dil dışında bu kadar karmaşık bir dizgeyi, örneğin matematiği, bu kadar uzun sürede öğrenemezsin.",0
İngilizcede ise yemek eylemi tek bir fiille (eat) karşılanır.,1
"Titreşimli seslerde, ses dışarıdan açıkça duyulurken titreşimsizlerde hiçbir şey işitilmez.",0
"İlk seçenek; yalnızca markayı tanıtacak, *güncel çalışanın* paylaşıldığı, klasik, alışılmış, sıradan ve resmi bir dildir.",0
Ünsüzler ayrıca hava akımının tümüyle engellenmesi açısından sürekliler ve süreksizler olmadan doğal bir sınıf oluştururlar.,0
"Oysa mXş, bilginin dolaylı kaynağını geçmiş zamanı da bildirerek gösterir: Eve dönmüş., Çok yorulmuş. gibi.",1
Ünsüz işaretleri bakımından zengin olan İbrani alfabesindeki ünlüleri belirten hiçbir işaret yoktu.,0
Tamirci arabayı tamir etti.,1
İnsanın bilimve teknoloji yardımıyla doğayı kendi ihtiyaçlarına uygun yollar etkilemesi sürecinin sonu gelmez.,0
En sonda {GÖSTERENİN} ise sorunun muhatabı olan kişinin 2. tekil olduğunu gösteren bir sun eki bulunur.,0
"Eğer Arap alfabesinde olduğu gibi hareketler varsa, bunlar küçük harfe gösterilirler.",0
"Kırımda özellikle 13. ve 14. yüzyıllarda birçok Ermeni kolonilerinin belli başlı merkezleri Kefe, Salgat ve Sudak şehirleri idi.",1
Noktalama işaretleri de büyük oranda konuşma diline özgü bürünsel özellikleri yazıda işaretlemeye yarar.,1
"Belirtisiz ad tamlamalarında tamlayan yardımcı öge, iyelik ekinin olduğu tamlanan ise temel (asıl, ana) ögedir.",1
Kök ünsüzleri türetilen her sözcükte aynı sırada korunur. Yalınlayan diller: Bu dillerde çekim yoktur.,1
Pınar seviyor kitap okumayı.,1
Yaşlısınız; yorulmadan pazara gidip geliverirsiniz...,0
"İşte cümle: Türkçe güzel dildir, keşke eskiden resmi dil Türkçe kabul olunsa idi.",0
"Dil göstergesi bir kavramla, bu kavramı temsil eden bir ses dizisinin veya göstermenin birleşerek zihinde oluşturduğu izdir.",1
"Doğu Türkistan, Kaşgar merkezli Karahanlı devletinde, 11. yüzyılda ortaya çıkmıştır.",0
"Türk Akdenizinin ovalarında her gün yeni bir kanal, hayatı bir bahar gibi yeşertmektedir.",1
Çuvaş Türkçesinin ilk gramerini hazırlayan ve Kiril alfabesini Çuvaşçaya ilk uygular kişi bir papazdır.,0
"Türkçe kelimelerde vurgu, genelde vbufuu",0
"Gükyüzü süt mavisi, çamlar nefti üzerlerine çiğ yağmış çayırlar zümrüt yeşili; ışıl ışıl.",1
Hecelerden birnin vurgulu söylenmesiyle birbiriden ayrılır.,0
Dünyanın bir çok yerinde hala dilleri yazıya dökülmemiş toplumlar bulunmaktadır.,1
"İyelik ekleri çokluk eklerinden sonra, durum eklerinden önce gelir.",1
Heceler anlamsız taşımakla yükümlü yapılar değildir.,0
"Kültür demek, başkasından aldığımız bilgileri, düşünceleri papağan gibi tekrarlamamak değildir.",0
Örneklerde görüldüğü gibi durağın hangi kelimeler arasında ve kaç uzunluğunda olacağı anlamı gerçekten etkiler,0
"Çünkü Gündüz, bilgelik, akıl ve paylaşma yeteneği olan bir kişi.",0
"Bu ögelerdeki değişiklikler sözcüğün, cümlenin anlamını veya yine sözcüğün değiştirebilir sözlük türünü.",0
Nesne sözcüğündä dähä ğerşe daha eski nā erse ne biçimine götürecek olursāk bu sözcükte de beņzer bir gelişme düşünülebiliř.,0
"Yükümlülük kipi, ceza gücü olan bir kaynaktan çıkışlıdır.",0
"Dillerde hava akımını başlatıcı işlevini gören organlar, akciğerler, gırtlak ve damaktır.",1
"Bütün bu olumsuzluklar, adeta Türkçenin direnmezlik gücünü artırmıştır.",0
"Engelleri tıbbi olarak giderilemeyen işitme engelli çocuklar, işaret dili ile iletişim kurarlar.",1
Türkçe genel olarak vurgusu başında bulunan bir dildir.,0
Birleşik kelimeler yeni anlamları duygu etmek için kullanılabilir.,0
Sözcüksel Koşullanma Bir biçimbirimin değişkeleri bazen de tabanın özellikleri ya da özelliksizliği tarafından belirlenir farklı bir şey tarafından.,0
"Titreşim Ses Bilimi ise seslerin süre, titreşim, sıklık, yükseklik gibi ölçülebilen soyut değerleriyle ilgilenir.",0
Dişilleri gösteren biçimlerin çok dikkatli ve bilinçsiz bir dil tercihinin sonucudur.,0
Yerleşik hayatta bunun en belirgin mahalle kavramıdır. yansıması,0
"Öne çıkarmada diller vurgu, ton, süre gibi özellikleri kullanırlar.",1
Fiziksel çıkarılış özelliği gösterenler ancak seslerin art arda sıralanabilir.,0
"Örnek olarak etken bir cümlenin nesnesi, cümle edilgen yapıldığında özne olur: Kapıyı açtı.",1
Sözcükler bu kaynaklardaki yazılışa uygun biçimde söylenmektedir.,1
Bu nedenle pek çok dil herhangi bir aileye dāhil edilememektedir.,1
Sosyal medyada Türkçeyi doğru ve etkili kullanabilir konusunda bilgilendirici yayınlar ve kamu spotları oluşturulabilir.,0
"Bu tümcelerin çeviri metinlerini de anlaşılacağı üzere, Türkçe de buna izin veren diller arasındadır.",0
"İnsanımız, başı dik olmuştur tarih boyunca. - İsnat grubu, birleşik fiilin isim ögesidir.",1
Transliterasyon: Kaynaklarda transkribsiyon yanında geçer transliterasyon terimi de.,0
Bu sebeple Türklerde Vatan Sevgisi nin diğer bütün ruhsal sevgilerinin üstünde olduğunu görüyoruz.,0
"2. Deyimler çok büyük bir kısmını dilin konuşucularının ürünü, çok azı ise başka dillerden çeviri yoluyla oluşturulurlar.",0
Evliya Çelebi birleşik isim grubundan Çelebi ismini çıkarırsanız Evliya kelimesi artık Evliya Çelebiyi işaret etmez.,1
"Aşağıda sırasıyla Türkçe üzerine betimleyici, kuralcı ve öğreti kitaplarının örneklerini gördünüz.",0
Türkçenin karşı karşıya bulunduğu sorunların bir bölüm aslında konuşumlarının yaşadığı sorunlardır.,0
"Sen, Anadolu denilen bu yurda sonradan gelme değil ilk yerleşip medeniyet kuranların çocukları.",0
"CV, yani bir ünsüz ile bir sesliden oluşan açık hece dünya dilleri arasında en yaygın hece türüdür.",0
Günümüzde ise birçok Orta Asya Türk topluluğu Kiril alfabesinden tekrar latin alfabesine geçiş yapmışlardır.,1
Fonetik insan dilindeki tanımlanabilen gerçek sesleri keşfeder.,0
"Sözde özne, cümlede yapabilen öge değil yapılan işten etkilenendir.",0
"Bizim kahverengi adını verdiğimiz, kahveden yararlanarak anlatılan renk, kimi dilde dilde esmerle bir tutulur mu.",0
"Çekim ekleri, aynı türden her kelimeye eklenebildiği için yapıları yapılar gereği olabilir.",0
Gazetenin arkasında bir sanatçımızın dilini çıkarmış resmini görünce büyük bir yaşadım.,0
Örneğin toz tuprak gibi iki kelimelik bir ibare Brahmi yazısı ile to yazılmaktadır.,0
"Kuşaktan kuşağa aktarılan bu emanete karşı, paha biçilmez, kutsal ve dokunulmaz şeylere karşı duyulan saygı gösterilmelidir.",1
Ancak bunlarda bila sözlü dile ait pek çok özelliği yazıda vermek mümkündür.,0
"Bizim kahverengi adını verdiğimiz, kahveden yararlanarak aktardığımız renk, kimi dilde dilde esmerle birleştirilir.",0
Worfa göre dillerin arkaplan dilbilim sistemleri (gramerleri) yalnızca düşünceleri dillendirmez bir üretim sistemi değildir.,0
Söz sonundaki ötümlülük/ötümsüzlükle ilgili ilginç bir belirleme de tek heceli eylem köklerinin çekiminde ötümlüleşme olmamasıdır.,1
Türkçe aynı zamanda esnek bir kullanım özelliği olan bir dildir.,1
"Bu ihtiyacını, suyu kendisi taşıyarak yahut da hayvanlara taşıtarak sınırlı ölçüde karşılayabilir.",1
Kaynakların bir kısmında emir ve istek ekleriyle birlikte olur.,0
Zamanı toplu geçirmek demek; hayatın dışında olan her türlü güzelliği ve sıkıntıyı birlikte karşılamak ve yaşamak demektir.,0
Memluk Kıpçakçaları bir süre sonra Eski Anadolu Türkçelerinin etkisinde kalarak Oğuzcalaşmıştır.,0
Mesleki hedefiniz özgeçmişinizi yazarken hangi bilgi ve becerilerinizi belirleyecektir.,0
Değişik seslerin oluşumunda dilin değişik bölümleri etkindir.,1
"Bu, özellikle, uzun ünlülerin kısalmaış olduğu Doğu Anadolu ağızları ile Kıbrıs ağızlarının etkisiyle ortaya çıkmaktadır.",0
"Beylikler Dönemi (14. yüzyıl) 3. Osmanlılar Dönemi (15. yüzyıl ortalarına kadar), olmak üzere üç döneme ayrılabilir.",1
"Bu durumda sayılar, zamirler, ünlemler, bağlaçlar ve edatlar kapalı bir grup oluşturur.",0
Kaynaklarda tamamlanmış olan ses olaylarıyla eklenme sırasında ortaya çıkanlar karışık olarak verilir.,1
Çıkarım bildirebilirler: Ali okula devam etmediğine göre bölümünü sevmiyor demek ki.,1
"Biçimcikler ise sözcükbiçimler gibi somut yapılardır ve köşeli ayraç içinde gösterilirler: [-lar], [-ler] gibi.",1
"Her iki örnekte de söz konusu olan geçmiş zamandır; yani konuşur, konuşma anından öncesini anlatmaktadır.",1
"Yapım anatomisi, çoğu zaman kitaplarda tanımlanması gereken eski kelimeler türetir.",0
"Göktürkçe, Türk Tengri inancındaki Türklerin yazılı metinlerden, bozkırda meydana getirdikleri ibarettir.",0
"Bir sözcük en az bir kök biçim birimden oluşur, bu tür sözcüklere yapısına göre basit sözcük veya basit gövde adı verilir.",1
Aynı hece yapısına sahip şu ve bu zamirlerinde ise biraz daha farklı bir görülme kullanım.,0
Bu tür yapılarda nesne konumundan özne konumuna geçen unsura sözde özne adlandırılmaktadır.,0
"Çünkü bunların varlığı, hiç şüphesiz, yatan birtakım temelde zihniyetlerin göstergesidir.",0
Bu fiilden olan türemiş yazık kelimesi günümüzde kullanılmaktadır.,0
"Aralarında sadece, yapıları bakımından bir fark bulunmaktadır.",1
Edat grubu E. Birleşik isim grubu 7 Aşağıdakilerden hangisi cümlenin bir ögesi değildir?,1
Sözcükler tek bir anlamlı birim olabileceği gibi birden fazla anlamlı birimden de oluşabilir.,1
"Ayrıca uruk ip, urgan sözcüğü İlk Türkçeden Macarcaya hurok ilmik, düğüm, tuzak biçiminde ilerleştir.",0
Sürecin tamamlandığı örneklerde ünsüzün düşmüş olduğu ancak eski metinlerin yardımıyla fark edilebilir.,1
Fakat gümbürtünün patladığı yerden beş yüz metre ötede herifler dipdiri olarak çıkmasınlar mı?,0
Örnek olarak çoğul ekinin fonetik yazımı -lAr biçimindir.,0
Buna göre çoğul biçimbiriminin -lar ve -ler olmak üzere iki altbiçimler vardır.,0
"Ezgi dillerinde ezgi, sözcükler arasında değil, sözdizimsel yapılar arasında anlam farkı belirtmede kullanır.",1
"Fransızca-Almanca : En eski belgileri, 843 yılında iki kardeş arasında bir antlaşmadır.",0
Türkçenin hangi dillerle akraba olabileceği meselesi bilim adamlarını uzun zamandır meşgul etmektedir.,1
Ancak yüklem olan ısındık eylemindeki -ksa kişi ekinden eylemi gerçekleştirenin biz olduğu anlaşılıyor.,0
Takışlı Fiil Tamlaması: Tamlayan ve tamlananın ek almadan bir araya gelerek oluşturduğu tamlamalardır.,0
Sizden önce onu gördüm.,1
Bu değişme zamanla o kadar ileri gider ki yazılı biçimle konuşulan biçim arasında ciddi uçurumlar oluşabilirdi.,0
Ses yolunu oluşturan organlar görevlerini yerine getirebilecek biçimde farklı kas yapılarıyla donatılmışlardır.,1
2. Alt ve üst bölge da arasını orta bölge diye adlandırabiliriz.,0
"Eski Anadolu Türkçesi varyantlar yığını bazı edebi, dini ve didaktik işlevleri yerine getirebilmekteydi.",1
"Şimdi gelin, bir dilin konuşucuları, nasıl tanır ve kullanır ve sözcükleri bir gözden geçirelim.",0
"Kelime, yapısında herhangi bir değişme olmadığı halde, zarf işleviyle olmaksızın kullanılıyor, yani bir fiili niteliyor.",0
"Bu lehçenin Osmanlı Türkçesiyle başka bir benzerliği de büyük bir edebiyat, bilim ve diplomasi dili olmasıdır.",1
Bazı sözcüklerde uzunluk-kısalık anlam ayırıcı durumu.,0
"Türkiye Türkçesi Türkiyenin karşısında, Kuzey Kıbrıs Türk Cumhuriyetinde resmi dildir.",0
"Ancak aslan, sürü gibi tek heceli, Türkçenin yapısına uymayan sözcüklerde eğitimin ilk aşamalarında sorun çıkabilmektedir.",0
Olumlu etkilerinin başında kişilerin birbirleriyle kolayca içerik ve bilgi paylaşımında çıkarmaları gelmektedir.,0
Türk dilli halkların yaşanması coğrafya 90lı yılların başından itibaren güçlü bir iletişim içine girme imkanı buldu.,0
Dillerin sınıflandırılmasında kullanılan ikinci önemli yöntem dillerin yapılarından yola çıkar.,1
"Yazar, genellikle anlatıcı kişinin roman kahramanını tercih eder.",0
Bulunma Grubu: Bulunma hali eki getirilen bir isimle bir başka isim türünden kelimenin bir araya gelmesiyle oluşur.,1
Bu sözcüğü sol (yön adı) sözcüğünden ayıran tek özellik /l/ ünsüzünün ön damak ünsüzü olmasıdır.,1
"Fakat her unsur kendi içinde sayı grubu, sıfatsa tamlaması ya da tek kelime olabilir.",0
Aynı şekilde cümlelerin veya sözcükler arasında kısa veya nispeten uzun süreli duraklamalar yaparız.,0
Buna karşılık Anadolu ağızlarında kök hecedeki kapalı /e/ sesbirim olmakta1ktı.,0
Teşekkür ya da önsöz rapor katkı sağlayanlara teşekkür edilir.,0
Bu yazıda deyimlere kaynaklık,0
Gırtlaksıl sesler artdamaksıl sesler gibi emmeli de olabilirler.,1
"Bu örneklerin gösterdiği üzere parçalarüstü ögeler, iletişim açısından çok önemlidir.",1
Sıfatların bir alt derecesi ise eşitlik durumu eki -CA -CĞA ile yapılır.,0
Bazı sözcüklerde uzunluk-kısalık anlam ayırıcı olmamalıdır.,0
"Dillerin sınıflandırılmasında en fazla kullanılan ölçüt kökenleriyle ilgili, yani genetik sınıflandırmadır.",1
Zamanlarda adeta bir moda akımına dönüşen Selfie kelimesinin Türkçesi ne olduğu sorusuna TDK cevap verdi.,0
"Anlatacaklarımdan çoğu aile içi konuşmalardan, birkaçır ise çarpıcılığı ile bir anlık saptamalardan oluşuyor.",0
"Edatlars, tek başlarına cümlede ögeler olamazlar.",0
3. Sağlıklı bir çocuğun bu yaşta sahip olduğu dil becerisi tahmin edilenin çok ama çok daha karmaşıktır.,0
Yeryüzünde konuşulan bütün dillerin kendilerine özgü yapı özellikleri ve mantıkları vardır.,1
"Bu yüzden eklerde, düz ünlülerden sadece düz geniş ünlüler /a/ ve /e/, dar ünlülerin ise hepsi bulunabilir.",1
"Hareketin asıl rahatsız edici yanı, ciddi bir dil bilincinden ziyade ideolojik düşünce temeline dayanmış olmasıdır.",1
"O vakitlerin binaları ahşaptan yapar ve çam, gürgen, meşe, ceviz vs. ağacın hemen her çeşidi kullanılırmış.",0
"Son hecede art damak sesleri yoksa, ek art damak ünlülerini, ön damak sesleri varsa ek ön damak ünlülerini barındırabilir.",0
"Yan anlam (ikincil anlam): Sözcüğün, iler turumuyla ilişkili edindiği bir başka anlam, yansıttığı yeni bir kavramdır.",0
Bu işlemlerinden sonra eylemin asıl üye sayısı ikiden bire indirgenmiştir: Zeynep+Karabaş - Karabaş.,0
"- Aldığı ile, eline geçecek ile ne yapacağını, nasıl kullanacağını, elde edilenin neye yarayacağını bilmelidir.",0
"Çoğu durumda, bu ünsüzlerden birisini taşıyor olması bir sözcüğün Türkçe kökenli olmadığının işaretidir.",1
Birincisinde tamlayan ögeyi pekiştirme şey konuşulurken ikincisinde aitlik ilişkisi bulunur.,0
Bunların gerçekten Peygamber sözleri olduğunu kesinlikle ispatlamak kolay değildir.,1
Özne-Yüklem Uyumu Bir cümlede özne ile yüklemin tekillik çoğulluk yönünden uyumsuz olması gerekir.,0
Avrupada en kültürel değişmeler dikkat çekici sanayi devriminden sonra gerçekleşmiştir.,0
"Yararlanılan ve Başvurulabilecek Kaynaklar Aksan, D. (1998). Her Yönüyle Dil Ana Çizgileriyle Dil Edebiyat.",0
"Türkçeye kopyalanırken kapalı, yani ünsüzle biten hecelerde ret, zan vb. örneklerde olduğu gibi tekleşir.",1
"Metinler okur ikna edici belgelere, kanıt sahip olmalıdır.",0
Bir kısmı Kıpçakların Ermeni Gregoryan mezhebini tanıdığına ilişkin bilgiler vardır.,0
"+gil: Topluluk, akraba topluluğu, aynı aileye veya türe mensup olma bildiren isimler türetir.",1
Osmanlıca veya Türkiye Türkçesinin Grek alfabesiyle yazılmış en eski örnekleri 16. yüzyıla aittir.,1
"Bunu Türkçeden hareketle şöyle örneklendirmek mümkündür: Azerice ile Türkiye Türkçesi, bilinen zamanlarda birbirinden ayrılmışlardır.",1
"Haber, yine bilgi anlamında bir ad, Zeynep ve Ecem yine seyler ad; öğren yine bilgi edinmek anlamında bir eylem.",0
Ölçünlü Türkçenin harf olarak gösterilen ünsüzlerinin sayısı 21dir.,1
"Buna göre, bir ses dizilimi ancak anlamsızsın sözcük olabilir.",0
Türkiyede İngilizceler ile öğretile başladığı 1950lerden itibaren Anglo-Sakson kültürünün yoğun etkisi de kendisini hissettiriyordu.,0
"Bu eki alan öge; cümlede yer tamlayıcısı, bazı kaynaklardaki ismiyle dolaylı tümleç işlevli: Eve gitti.",0
Tıpkı insanların sınırlı sayıda kelime kullanarak konuştuğu görüşlerinin savunulabilecek bir temeli olmaması gibi.,1
Dönüşlülük eki farklı anlamsal değerlereda sahiptir.,0
"Farsça aşkın isinin (hukuki, ahlaki, mantıki vb.) yerini tutmak üzere kullanılmaya başlamış ve giderek yaygınlaşmıştır.",0
"İşleklik, bir ekin farklı kök ve gövdelere kullanım sıklığını anlatır.",0
Aynı grupta yer alan ünlüler arasındaki açıklık da aynı değildir ama ana hatlarıyla ünlüler böyle bir sistem içerisinde görülürler.,1
"Yazar, olayın geçtiği tarihi (bazen saati) belirtir, o ana ait duygularını ve düşüncelerini ortaya koyar.",1
Bazen de tamlanmayani yani isim kısmında tekrar grubu gözlemlenebilir.,0
Zaten İngilizencede olduğu gibi bazı dillerde de bu anlamlar ettirgen çatıda kodlanmaktadır.,0
"Ama Osman, gözülük Osman, ne kadar istese de onun üzerine at sürüşünü hatırlamadan yapamıyor.",0
"Dil ile birlikte yaşam tarzları, ticari hayat, beslenme alışkanlıkları da etkilenmesidir.",0
"Whorfa göre her toplum, kendi düzeninin koşullarına göre gerekli sözcükleri yapar ve kullanır.",1
Konuşma insanın toplum içindeki yerini belirlemede ve mesleki başarısında önemli bir yere sahiptir.,1
Paragraflar doğru açılmalıdır.,1
"Bir de günü gününe, bir insanın yaşadıkları not alması vardır.",1
Yukarda da belirtildiği gibi bazı alfabeler yalnız onu kullanan topluluk ya da devletlerce Türkçenin yazımında kullanılmışlardır.,1
Cümle çözümlemelerinde sıralanan cümlelerin ögeleri ayrı ayrı bulunarak gösterilir.,1
"İngilizcede -ish ad ve eylemlerden sıfat türetir: child çocuk childish çocukçaiş, tickle gıdıklamak ticklish gıdık alır.",0
"Örneğin; biz, siz, gece, öğle, öğün, ağaç zıt zamanlı bakımdan türemiş sözcüklerdir.",0
"Duyarlık kazanmış olduğum bir konuda hizmet vermek gerektiğini düşündüm, o enerjiyi göze aldım.",0
Her şeyi bilmemesine rağmen hiç sesini çıkarmadı.,0
Günümüzde de Türkçede çok sayıda çeşitlenmeler vardır.,0
Türetme Eklemeli ve eklemesiz olmak üzere iki grupta incelenmeli.,0
"Benzer biçimli eldiven, karanlık, gündüz sözcüklerinde de bu türden ekler bulunmaktadır.",0
"Emir Amca, Düzcedeki çiftliğinden uzun müddet ayrılmadı. g. Saygı ve meslek unvanları büyük harfle başlar.",1
"Sıfatlar herhangi bir sözcüğü nitelemedikleri zaman ad durum eklerini alabilirler, yani ad.",0
Sağlıklı çocuğu olan her aile buna benzer örneklerle kolayca gözlemleyebilir ne kadar yaratıcı olduklarını.,0
Bu durumda eklemende sözcüğün asli biçiminde olan ötümsüzün tekrar ortaya çıktığı söylenebilir.,0
"Yazı diline temel olarak alınan ağız, genellikle o ülkenin kültür, sanayisi, ticareti ve yönetiminin merkezinin ağzıdır.",0
Böyle bir dil ile halkın ne düşüncede ne de başka herhangi bir konuda ilerlemesine olanak yoktu.,1
Yalnız kalmak istiyordum.,1
"Birleşik fiillerde isim veya isim ile fiil unsuru önce, yardımcı fiil sonra getirilir grubu.",0
O halde propaganda müspet usullere müracaat etmek gerekir mi?,0
"Kısaltma gruplar iki isim unsurundan oluşup ikinci unsur, genelde bir nitelik ismidir.",0
Soru eki yüklemden sonra geldiğinde yüklemden bildirilen durumun veya işin olup olmadığını sorgular.,0
"İlerleyen bölümlerde açıklanacağı üzere, Türkçe bütün doğal diller gibi sürekli biçimde değişmekte, gelişmektedir.",1
Her iki alan arasındaki ilişki kimya/fizik veya antropoloji/sosyoloji gibi ilişkisi ayrılması güç bir ilişkidir.,0
Yukarıda verilen örneklerde göçüşme yan yana bulunan ünsüzler arasında gerçekleştiği,0
"Zamirler sadece isimlerin değil isim öbeklerinin, hatta bazı cümlelerin yerine de geçer.",0
"Crawhall, bu dillerin birkaçının bilinen hiçbir dil ailesine uymadığını da belirtiyor.",1
"Ağzın ön kısmına ön, arka kısmına arka ve ön ile arka arasındaki kısma da arka kısım denir.",1
Türkçede de bu ek sayı ifade eden sözcükler istemeği için yine türetimde anlamsal sınırlılığa bir örnektir.,0
Bir kimsenin sözünü değiştirmeden aktardığımızda kullanılır: Cenap Şehabettin: Köpeğe gem vurma kendini at zanneder. diyor.,1
"Adların, eylemlerin ve zamirlerin dışındaki sözcük türlerinin sınıfandırılması Türk dil bilgisini önemli sorunlarından biridir.",0
"Çok git, hemen burada dur.",0
Çünkü babasıya inanın Osman.,0
Bu tür yapıalarda dilin söz dağarcığında sayıca bir genişleme olmamakta ancak kelimelerin anlamında bir genişleme görülmektedir.,0
Eğer paralellikler arasında belli varsa diller bu olabilirlerdi daha eski dönemlerde ortak bir kökenden türemiş,0
"Diller ihtiyaç halinde, bir kısmı bu kitapta göreceğimiz yeni ses, biçim, söz dizimi kalıpları da geliştirebilmektedirler mı.",0
"Dil, insanoğlunun sahip olduğu en önemli yetilerden biridir ve kendi ana dilinize hakim olamamanın hiçbir özrü yoktur.",1
"Dudak uyumu ise, ünsüzlerin belli bir rolü varsa da, sadece ünlülerle; buna karşılık ünsüz uyumları sadece ünsüzlerle ilgilidir.",1
Ayrıca tekrar gruplarından fiil yapımında türetme yerine daha tercih edildiği görülmektedir.,0
Sensiz gidecek.,1
"Özellikle bazı yer adları, kurum ve kuruluş adlarında bu tür yapılara sıkça rastlamak olasıdır.",1
"Örneğin, ölme sözcüğünde vurgu ilk hecedeyken (Bölme!) olumsuz emir, ikinci hecedeyken (bölME) matematik terimi karşılığındadır.",0
"Örneklendirmedeki amaç bir konuyla listelemek değil, ele alınan konunun anlaşılır olmasına katkı sağlamaktır.",0
"Ne babasının büyük bir saygı gösterdiği, kah görünüp kah çekilip giden birtakım adamlar?",0
Kalemle birlikte kafamdan da bir perde kalktı o an.,0
Kimse bilmiyor.,1
"Örneğin çorak, kurak ya da çok dağlık bölgeler barınma ve beslenme bakımından insan hayatı için değil elverişsizdir.",0
Her şeyden önce Türkçe gibi eklemeli dillerde kelimeler cümle boyutunda olabilmektedir: Ankaralılaştıramadıklarımızdan mısınız?,1
Vaktiyle Kuzeybatı Kafaslarda konuşulan Ubıhçanın bilinen son konuşucuosu olduğu kabul ediliyordu.,0
"Eklenme, yapım eki veya almasıdır çekim eki.",0
Bu nedenle görünüşün iyi anlaşılabilmesi için önce kılınışın ne olduğunu hatırlamak gerekir.,0
"Adsıl Çekim Adsıl çekim, insan ve çocuk soylu sözcüklerin taşıdığı, durum, sayı, cins bilgisini kodlayan bir dilbilgisel ulamdır.",0
Bu durum ise sözlükte sıralanan sözcüklere yeni anlam ve işlevler yüklemeyi gerektirmektedir.,1
Kısaltma ile konuşan ve zamana karşı yarışan gençler uzun metin okuma ve etmede problemler yaşayabiliyor.,0
Baskça ve İngilizce ise konuşuldukları özerk bölgelerde İspanyolcanın ardından ikinci resmi dillerdir.,0
Belirtisiz ad tamlamaları kalplaşmaya elverişli tamlamalardır.,1
"Yapı bakımından sınıflandırmda daha çok dillerin ses, dilbilgisi ve kelime hazinelerindeki esas benzerlikler alınır.",0
"Bu tanım, tek başına cümle kurabilen ve en az bir bağımsız biçim birimden oluşan bir birim olduğunu ifade eder.",0
"Bu ihtiyacını, hava durumu kendisi taşıyarak yahut da hayvanlara taşıtarak sınırlı ölçüde karşılayabilir.",0
"Türkler, İslamiyetten sonra Türkçe sözcükleri Arap dil bilgisi okulunun sınıfandırma sistemine uyarlamışlardır.",1
Bu ölçütleri kullandığımızda cümledeki kelimelerin sınırlarının açık olduğu görülür: Yıllardır o Aydın Beyi görmedim.,1
Türkçede birleşik kelime oluşturmanın farklı vardır. teknikleri,0
Yeryüzünde yaşanan felaketler sonucunda Türkçenin söz varlığına girmiş yabancı kökenli bir sözcük anımsıyor musunuz?,1
"Türkçede sıfatlar, zarfar, bağlaçlar, edatlar ve ünlemler çekim eki almaz; bu yüzden de çekimlenemeyen kelime türlerini oluştururlar.",1
Okuyan insan kültürünü geliştirirken aynı zamanda sözcük dağarcığını da zenginleştirir.,1
"En tipik örnekleri, işlevsel sözcük olarak da sınıflandırılmayan adıl, ilgeç, bağlaç ve belirleyicilerdir.",0
"Mesela öğrenci argosu, balıkçı argosu vb. Argo, bir dil içerisinde sonradan türemiş bir anlatım biçimidir.",1
İlgi çekici yeni ekler arasında -syon ve -matik örneklerini de sayabiliriz mi?,0
Ancak ana vurguyu almış olan hece veya sözcük diğerlerinden daha göze çarpan şekilde söylenir.,0
Hiç bir millet aynen diğer bir milletin lideri olmamıştır.,0
"Fonoloji ise zihinsel dil bilgisindeki kurallarla ilgilenir, seslerin bir dilin ses sistemi içindeki işlevlerine odaklanır seslerin",0
"Okuyucuların önerilerini, öğrencilerimizin sorularını bizimle paylaşmalarından mutlu değiliz.",0
Bu yöndeki en yaygın sınıflandırma ölçütü dillerin kelime yapımıyla ilgili olduğunu söylebiliriz.,0
Ancak Köktürklerdeki geleneğe uygun olarak Ötüken Uygur Kağanlığı Döneminden kalma taşlara yazılmış pek çok yazıt da vardır.,1
"İnsanlık, başı yumuşak olmuştur tarih boyunca.",0
Ülke içinde sağlanan milli birlik ve beraberlik gerek içerdeki gerekse dışardaki tehlikeli propaganda da bertaraf eder.,0
"Kültür bu anlamı, insanın kendisi ile neredeyse eş güdümüdür.",0
O sırada bir yıldırım dans eder.,0
"Süleyman Çelebinin Mevlidinde %26 dolayındaki yabancı ögelerin oranı Bakinin şiirlerinde %65e, Nefide %60a, Nabide %54e yükselir.",1
"Tümce başındaki ad özne, eylemden sonra gelen ad ise nesnedir.",1
1. Bir atasözünün oluşabilmesi için yüzyılın geçmesi gerekmiştir.,0
"Dil bir bakış, görmede bir tutum, belli bir algılama biçimidir.",1
Ünlülerin sıfırla nöbetleşmesi hem Türk kökenli sözcüklerde hem de yabancı kökenli sözcüklerde görülür.,0
"Kelimeyi onun incelikle uysun diye bir inceltişi, bir dali söyleşi, sanırsınız, bundandır.",0
Türkiyede pek çok kimse Türkçenin Latin harfleri ile 1 Kasım 1928 tarihinde yazıldığı sanmaktadır.,0
"Dil bilimsel açıdan nazik olunmak, kişilerle aramızdaki toplumsal ilişkinin gereklerine uygun biçimde konuşmaktır.",0
"Bu ses olayı; ünlünün düş bunu yere göre, söz başında, söz içinde ya da söz sonunda görülür.",0
Söylenenlerden anlaşılacağı anlaşıldığı,0
"Sıfatlar, tek başlarına isim olup isim çekim ekleri getirilmek suretiyle kelimeler oluşturulabilir.",0
"Eklerin bu açıdan farklı ele alınması, özellikle fiilden fiil yapan eklerini de uzaktan ilgilendirir.",0
"Örneğin sözcüğünün kol saati, su saati vb. bağlamlardaki anlamı somut, ancak vakit, zaman vb. anlamları soyuttur.",0
Dinin kutsal metinlerinin dile o dine inanan diğer halkların dillerini etkilemiştir.,0
"Ayrıca uruk ip, urgan sözcüğü İlk Türkçeden Macarcaya hurok ilmik, düğüm, tuzak biçiminde geçmiştir.",1
"Üçüncü gece oluyor, kız Padişaha gene: Oğlanı bu gecede de bana verin.",0
Örneğin düşmanın gelmek için yakılan bir ateş tek yönlü bir iletişim bildirir.,0
"Genel dilinin sözcüklerine bazı özel anlam vermek ve özel birtakım sözcükler katmakla olan argo, bir çeşit özel dil sayılabilir.",0
Kısaltma ile konuşan ve zamana karşı yarışan gençler uzun metin okuma ve analiz etmede problemler yaşayabiliyor.,1
"Vurgu Vurgu, sözcük ve sözdizimsel yapılarda sözcük, öbek ve tümce vurgusu olarak üç düzeyde incelenir.",1
Herhangi bir ögenin vurgulanmadığı Türkçe bir cümlede öge dizilişi öznenesne-yüklem biçimindedir.,1
Dili kullanmanın iki yolu vardır: konuşma ve yazma. işaretleme,0
"Tıkırtı sesleri öteki sözsüz seslerden, usta dil hareketleri ve havanın ağzın içine doğru hareketiyle ayrılıyor.",1
"Mı soru cümleleri mı soru eki ile soru sıfatları, soru zamirleri ve soru edatları ile kurulur.",0
"Buradan dil göstergelerinin, gösterilenle gösteren arasındaki ilişkinin nedensiz olduğu da ortaya çıkar.",1
"Bu işlemden sonra, gerçekte taban olan sculptor sözcüğü ise türev haline gelmiştir.",1
"Yine artmaz sözcüğü hem bundan sonra hem de artan, fazlalık anlamlarına gelebilmektedir.",0
Bu direnenin nedeni de yine ana dillerinin insan mantığını kendi yapısına göre kurgulamış olmasıdır.,0
Batı Türkçesinin ilk dönemine Eski Oğuz Türkçesi ya da  denilmektedir Eski Anadolu Türkçesi.,0
"Bilinen gibi milletlerin tarihi sicilleri, kültürel değerlerinde saklıdır.",0
Brahmi yazısı adından da anlaşılması gereken Hint kökenli bir yazıdır.,0
Bu toplantıda alınan Latin asıllı alfabe kabul etmesi tavsiyesine uyulmuş ve 1 Kasım 1928de Türkiye bu alfabeyi benimsemiştir.,0
Burada koşuldu. iii. Burada yarışçılar tarafından koşuldu. (c) i. Burada yarışçılar koştu. ii.,1
Örneğin: Kös duymuş olur olmaz şeylere aldırış etmeyecek denli görmüş geçirmiş olan.,0
"Türkçe sondan eklemeli bir dil olduğundan eklenme, son çıkarma şeklinde gerçekleşir.",0
Ancak dil ilişkileri sonucunda bir dilin ses varlığının da değişebileceği bir gerçektir.,1
Yeryüzünde dillerin oluşumundan bu diller arasında bir etkileşim söz konusudur.,0
"Fiil, yüklem olma gücünü kaybetmediği iin bu ekler, çekim eklerine benzer özellikler de taşırlar.",0
"Resim 2.2 Kültigin Yazıtı Irg Bitig, Eski Türkçe dil özellikleri gösteren, falla ilgili yazma eserdir.",1
Hemen belirtelim ki oldukça yaygın olan bu tür görüşlerin gerçek durumla hiçbir ilgisi yoktur.,1
"Başka bir deyişle dünyayı anlamak için yarayacak bir tek yanlış sistem olabilirdi, yani kendi anadili.",0
"Bu, dilbilim araştırmalarının inceleyebileceğinden çok daha bir zaman dilimi çok eskidir.",0
"Eğer dudaklarda bir yuvarlaklaşma olur ise bu durumda yuvarlak ünlüler oluşur: /o/, /u/, /ö/, /ü/ ünlüleri de yuvarlak ünlülerdir.",1
"Mastar Fiilin -mak / -mek veya -ma / -me ekleri alan ve ad gibi kullanılan biçimi, eylemlik: al-mak, üşü-mek, gör-me, bul-ma vbimi.",0
Ancak sözlü dilde ve özellikle Azericenin etki alanına giren ağızlarda nispeten yayıktır.,0
Dönüşümlü Eylem: Doğal bir dönüşüm evresine sahip olan eylemlerdir.,1
"Ancak bu sahiplik anlamları; belirtisiz tamlamalar, mastarlar ve bağımlı cümlelerdeki iyelik ekleri için geçerli değildir.",1
Dünya dillerinde özne ve nesne belirleme biçimlerinden en yaygın olanları yalın-belirtme ve özegeçişli-yalın sistemleridir.,1
Sürekli çalışıyor değilim.,1
Bu tür sözcükler yapısına göre türemişler sözcükler olarak da bilinir.,0
Ancak cümledeki hem ben zamiri hem kendim dönüşlülük zamirinin kullanımıyla özne pekiştirilmiştir.,1
"Örneklerde de görüldüğü gibi gitti, anlamı kuvvetlendiren bir öge olarak kullanılmaktadır.",1
"Aynı parçalabilir ögelerden oluşan, yazılışları aynı olan bu iki sözcüğü doğal bir konuşur, metin içinde karıştırmaz.",0
Aslında burun ünsüzü gibi bir terim daha uygun olabilecekken geniz ünsüzü terimi yaygınlaşmıştır.,1
Bu anlamlı sözcükler ancak o dile özgü kurallara bağlı olarak doğru cümleler ortaya çıkarabilirler.,1
"Zayıf ı Ünlüsünün Ön Damaksıllaşması: Türkçede ünlüler içinde kapladığı süre, yani uzunluk ve vurgu bakımından en zayıf ünlü ıdır.",1
Fatih Sultan Mehmetin İstanbulu fethini yeni bir çağ açmıştır.,0
Doğadaki sınırsız ses çeşitliliğine karşılık insanın çıkarabileceği sesler sınırlı sayıdadır.,1
Güncel Türkçe Sözlük her iki biçime de yer vermekte ancak Yazım Kılavuzunda sadece üç heceli biçimler bulunmaktadır.,1
"Amaç tam olarak metinde yer aldıktan sonra metnin sağ alt köşesine ad, soyad yazılır ve imza atılır.",1
Türetme Yukarıda türetme ile ilgili ayrıntılı bilgi verilen bu nedenle burada kısaca değinilmektedir.,0
"Kız her uğradığı limanda oğlanı sorarmış: Buradan böyle böyle, güzel ud çalan dilsiz bir genç geçti mi? diye.",1
Bundan sonra Latin harfleri düşünürler ve yazarlarımız arasında yıllarca tartışma konusu oldu.,1
Bu anlamlı sözcükler ancak o dile özgü kurallara bağlı olarak yanlış cümleler ortaya çıkarabilirler.,0
"Yukarıda, bireylerin dil kullanımını etkileyen toplumsal faktörlerin birkaçı özetlenmiştir.",1
"Bağımsız ögelerin bağımlı hale gelmesi, başka dillerin etkisi, örnekseme veya başka nedenlerilinekler gelişebilir.",0
Saat ve tarihsel güncelleme bakımından en az ölçünlü saatler kadar eski olabilir.,0
Toplumsal açıdan kendilerinden güçlü biri ile konuştuklarında siz ile hitap edip karşılığında sen bekler.,0
Birleşik sözcüklerin hecelenmesinde de heceler esas alınır.,1
3. Türkçenin türetme gücünü anlamak Türkçe yapı bakımından sondan eklemeli bir dildir.,0
"Bunlar, Atatürkün millet anlayışını, tercih ettiği rejimi, inkılaplarını benimseyen ve destekleyen topluluklardır mı?",0
2. Birarada kullanılmıştır Uygur alfabesiyle bir Bu alfabe.,0
"İnsan dediğimiz yaratık; hep iki eli, bir karaciğeri, bir midesi (Örnekleri uzatabilirsiniz.) olmayan bir varlık.",0
"Romanlar temalarına göre aşk filmleri, polisiye hikayeler, tarihi dökümanlar gibi sınıflandırılır.",0
"Öne çıka ma da diller vurgu, ton, süre gibi özellikleri kullanırlar.",0
"Ancak sayısız varyant, işlevsel önemli tiplere (değişmezenlere) indirilmeli ve sinyallerin işlevleri ve birleşmeleri açıklanmalıdır.",0
"gelişme ihtiyaç sesler yeni eder ihtiyacı, kalıplar gibi, biçim ve de sözdizimi de.",0
Bir almandan es geht mir gut (gidiyor bana -j-iyi) biçiminde bir anlatıma başvurur.,0
Çalışmalarımızda Okulumuza faydalı olmayı ana ilke edinerek sizlerin desteği ile bugünlere geldik.,1
Ölçü bildiren zarflar ise yüklemin hemen önündedir.,1
Sözcüklerin bu şekilde işlemlenmesi çekimsel biçimbilim ve sözlüksel biçimbilim başlıkları altında ele alınır.,1
Özne birinci ve üçüncü tekil kişi olduğundan yüklem birinci çoğul kişi kalmıştık olmalıydı.,1
Bunların bir kısmı Türkçenin eski dönemlerinde ayrı sesbirimlerdi; yani sözcüklerin anlamını ayırmaya yarıyorlardyoktur.,0
Yani bu fikir ve uyanışının temel insanlığın asırlardan beri işlediği insan ve demokrasi anlayışının yüksek değerleri mevcuttur.,0
"O, kendisinde Türklük şurunun nasıl uyandığını ve pekiştiğini Bizim neslin gençlik yıllarına Osmanlılık telkin ve etkileri hakimdi.",0
Çeşitli dönemlerde yaşanan etkileşim sonucunda sözcük alışverişi kaçınılmaz bir gerçektir.,1
"Fakat biz dalgıçlar, o musibetin fennen keşfinden önce onun olduğunu birçoklarımızın canı bahasına öğrenmiştik.",1
Bir kişinin hazırladığı rapora kişisel rapor; bir komisyon tarafından hazırlanan rapora da ortak rapor denir.,1
"Bütün varlık açık veya gizli bir nizama dayanır. Güneş manzumesi, yıldızlar cümlesi deyimleri bir gerçeğe tekabül eder.",1
**Cumhuriyetin bunu nasıla yapmaya başladığını size anlatacağım.**,0
İlgi Grubu: İlgi hali eki getirilen bir isimle iyelik eki düşmüş diğer bir ismin bir araya gelmesiyle oluşur.,1
Eski Çin kaynaklarında kullanılan ikinçı grup Türkçe kelimeler Tabgaç kelimeleri olarak bilinmektedir.,0
Münzevi kelimesi Behcet Necatigilin ilgisini çekmiş ve yazar bunun için kaçınık kelimesini kullanmış.,1
"Pinterest, ilgi alanlarına uygun görsellerin panolara iğnelenmesi fikriyle ortaya çıkmıştır.",1
"Tercümanı Hakikat, Ceride-i Havadis ve Vakit gazeteleri, daha iki yıl müddetle, hemen her gün tartışmacıların yazılarını yayımladılar.",0
"Ünlü ile biten hecelere açıktır hece, ünsüz ile veya uzun ünlü ile biten hecelere kapalıdır hece adı verilir.",0
"Işte Atatürk, bütün bunları çok iyi bildiği için zafere ulaşmamış.",0
Türklerin geniş coğrafyalara dağılışı Kimmerler24 ve sonra proto Türkleri ile devam eder.,1
Başka bir ifadeyle eylem zamanını belirlemede ölçüt alınan asıl nokta şu ve burasıdır.,0
Ancak bu tip ünsüzler sadece alıntı sözcüklerde bulundukları için alfabede ayrı bir harf belirlenmemiştir.,1
Yükleme Grubu: Yükleme hali eki getirilen bir isimle diğer bir ismin bir araya gelmesiyle oluşur.,1
Evrensellikleri açık küme sınıflarına göre daha tartışmalıdır.,1
"Hafız Nuri Efendi buna kızar gibi oldu. -Benim sana ne ziyanım var? diyecekti, demedi.",1
"Diyelim ki, aşağıdaki gibi bir ürün tasarlandı ve sizden de buna bir ad istendi.",0
"Bu çok anlamlılık, sözcüğün kullanım süresiyle ilgili olarak sonradan bir durumdur oluşmuş.",0
Yaklaşma Grubu: Yaklaşma hali eki getirilen bir isimle bir araya geldiğinde oluşur.,0
"Ayrıca uruk ip, urgan sözcüğü İlk Türkçeden Macarcaya hurok ilmik, düğüm, tuzak biçiminde geçmişdır.",0
Türkçesinin perişanlığına sinirlenen grup üyeleri üniversiteli arkadaşlarını kınayan yanıtlar yazmışlar.,1
"Tam Ek Sınırları Eklerin sınırları, çoğu durumda kapalıdır.",0
"Dilekçe normal ölçüdeki beyaz kağıda, okunması zor bir yazı ile ve mürekkepsiz kalem kullanılarak yazılır.",0
"Bu ifade tarzında yuvarlanma için farklı bir işaret, aşağı çıkma için ikinci bir işaret kullandılar.",0
Bunlar da binlerce yıllık bir gelenek meydana getiriyor ve bütünlüğümüzü sağlıyorlar.,1
"Geleneksel dilbilgisi kitaplarında yapım ekleri sınıfında yer alan bazı ekler, modern çalışmalarda çekim eki sınıfına dahil edilir.",1
Dönüşlülük zamiri olarak Türkiye kendi Türkçesinde kullanılır.,0
"Ancak farklı olarak fiiller, emir kipinin tekil 2. kişisinde bağımlı biçimbirimlerden hiçbir ek almadan kullanılırlar.",0
Yirmi yıl Dil ve Edebiyat ında bu milletin yaşama ve uzun ömürlü olma sırrı vardır.,0
"Biçimbirimsel çözümlemede, sayılır biçimcikler sözcüklerdeki biçimbirimsel çözümlemelerde ise sözcükler biçimbirinlerine ayrılır.",0
Kulenin inşasında çalışan işçilerin ve dili karıştırır kimse birbirini anlayamaz olur.,0
Bunun yerine tümce parçaları arasında ilişkiler kurarak bazı dilbilgisel görevleri yerine getirirler.,1
Yeryüzinde yaşananlar felaketler sonucunda Türkçenin söz varlığına girmiş yabancı kökenli bir sözcük anımsıyor musunuz?,0
"Bir gün, iki gün Balıkçı sarayın önünden geçtikçe Sultan Beybir avuç altın verdiriyor.",0
Yabancı uyruklu öğretim üyeleri Türkiyede çalışmaya devam edeceklerse üç yıl içerisinde Türkçeyi öğrenmek zorundadırlar.,1
"Bu aralıklar sözcük sınırlarını, öbek sınırlarların, ögeleri veya cümleleri birbirinden ayırmak için kullanılır.",0
Bunların dışında da komşui olduğumuz veya iç içe yaşadığımız pek çok halkın dilinden Türkçeye az da olsa sözcükler girmiştir.,0
Öğrenci-y-im. Türkoloji çalışmalarında sadece /y/ bağlama ünsüzü olarak adlandırılır.,1
"Balıkçı tablası değil o, Sultan kellesi. Cellat ipi geçirince Sultanın altın gibi saçları dökülmüş Herkes bu işlere şaşıyor.",1
"Milli birliği kuvvetlendirmek için de vatani, medeni, mesleki ahlakların kuvvetlendirilmelidir.",0
"Örneğin, ünlülerin sözcüğün hecelerindeki sıralanışı artlık-önlük uyumu, dudak mutluluk gibi belirli kurallara bağlıdır.",0
"Ötümlü Ötümsüz yol-da ağaç-ta söz-cü iş-çi öz-ge baş-ka Dilimizde, bunların dışında çok sayıde ses olayı vardır.",0
Fakat ondan sonra işin zorunlulukları ile kendi özelliklerinizi karşılaştırabilirsiniz ve 193 işe uygunluğunuzu ifade edebilirsiniz.,0
"Dil, toplumsal katmanlara göre değişir: Dil, klasik terminolojideki ifadesiyle oluşur ağız, şive, lehçe gibi değişkelerden.",0
Evimiz yetmiş beş santimetrekaredir.,0
Birleşik isim grubu oluşturan unsurların tamamı özel isimdir.,0
"Türkçede, kelime tanımında ve kelime sınırlarının bozulduğu kullanılabilecek bazı ölçütler bulunmaktadır.",0
Hazırlanmak iyi değildir.,0
"Taş üzerine yazılan yazı türü olan çivi yazısı, temsil eder sesleri.",0
Burada yanıtlayarak sözcüğünden sonra gençleri nesnesi getirilirse anlatım bozukluğu giderilir.,1
Akrabalık ve unvan belirten kelimelerin kişi ismiyle birlikte kullanılması sonucu unvan grubun oluşur.,0
Türk dilinin diğer dillerden etkilenmesinin yanı sıra pek çok dili etkilediği de bilinmektedir.,1
Revirde bulduğum bir makası gibi kavradığım koğuşa uçmuşum uy anam.,0
"Bugün sesli yerine ünlü, sessiz yerine ünsüz terimleri kullanılıyor.",1
"İngilizce konuşanların pek azı bundan haberdar olsa da, İS yaklaşık 1000e değin İrlanda dili savaşkanca yaygınlaşan bir dildi.",1
Akrabalık ve unvan belirten kelimelerin kişi ismiyle birlikte kullanılması sonucu oluşur unvan grubu.,0
"Örnek olarak Ahmet, kişi ismi olarak hiçbir biçim değişikliğine uğramadan her seferinde farklı bir kişinin ismi olabilmektedir.",1
"Dil konumuna göre bir ünlü olabilir ön, ara ve arkada.",0
Flower-seller çiçek satıcısı çiçek satar ama street-seller sokak satıcısı sokak satmaz.,1
"Kelime, yapısında herhangi bir değişme olmadığı halde, zarf işleviyle kullanılıyor, yani bir fiili ölçer.",0
Bunlarının dışındaki kalanlar için Osmanlı dili ile Türkçe ve Türkçe ile Osmanlıca aynı şeydi.,0
"Daha daha büyük bir grup tek heceli sözcükte ise, ünlü uzunluğundan kaynaklanan ötümlüleşme ancak eklenmede ortaya çıkar.",0
Okulu seneye bitireceğim.,1
"Pek hiçbir dünya dilini etkilemiş ve sayısız sözcükler vermiş olmayan Türkçe,",0
"Örneğin; Durup dururken neden gitti anlamadım. cümlesinde soru edatı, cümleye soru anlamı değil, yadırgama ve sitem anlamı katmıştır.",1
Basında daha önce ve daha sonraları örneği görülmeyen ve görülmeyecek olan tartışmalar başladı.,1
"Sözde özne, cümlede işi yapan öge değil yapılan işten etkilenendir.",1
"Değildir, yüklemi oluşturan isim unsurundan sonra olumsuzluğu bildiren öge olarak kullanılır.",0
"Arapça murād sözcüğü Türkçede tür adı olarak murat erkek adı olarak, biçimine, Murat gelişmiştir.",0
Günümüzde dilimize giren İngilizce kelimeler de toplumsal ve kültürel değişmelerin neticesidir.,1
Pınar seviyor kitap okumayacak.,0
Genelde edebiyatın özelde ise nesrin gelişmesiyle şu veya bu ölçüde etkili olan bu hususların bilinmesi oldukça olacaktır.,0
"Bütün Türklere yol gösteren temel görüş, vicdani hükümlerinde iyi ile kötüyü birbirinden ayıran Türk ahlakıdır.",1
Ancak yazılı dilde ve özellikle Azericenin etki alanına giren ağızlarda nispeten yaygındır.,0
Sözcüğün eski veya yeni alıntı olma ve kullanım sıklığı burada belli bir rol oynuyor olabilir.,0
Teknolojinin önemi azalan bir anlatım türü haline dönüşmüştür her geçen gün gelişmesiyle.,0
Artık dünya global bir dönüşmüştür köye.,0
"Nihalin kıskançlığı, ne yazık",0
Biçim Bilgisi Biçim birim: Daha küçük birimlere ayrılamayan ses ve yapı yönünden anlamlı en küçük ögelerdir.,1
"Uygur alfabesinin Soğd kökenli olmak Uygurların uzun süreler Soğdlarla kültürel, ticari ve siyasi ilişkileriyle açıklanabilir.",0
"Kız her uğradığı limanda oğlanı sormalmış: Buradan böyle böyle, güzel ud çalan dilsiz bir genç geçmiş mi? diye.",0
"Bir başka şeydir o. Osman, kendisini, bunu anlamaya, bunu kavramaya mecbur sayıyor.",1
İlk yazılı kaynağımız Orhon Yazıtlarında sınırlı sayıda dil alınma az sayıda sözcük görülür.,0
Sosyal medya; zaman ve sınırları ortadan kaldırmakla kalmamakla aynı zamanda bilgiye ulaşımı da kolaylaştırmaktadır.,0
Sesbirim: Çağdaş dil incelemelerinde seslerin anlam ayrıcı değil olup olmaması önemlidir.,0
Cevapla 2 Deli Yusuf hala olduğu yerde kaba sesiyle bağırmaktaydı.,0
"Meclisin kapatılması, İstibdat devrinin başlaması üzerine çeşitli konular üzerinde fikir hayatı durdu veya durakladı.",1
"GBb grubunu da Gagauzca, Türkiye Türkçesi ve Azericeler; GBd grubunu ise Türkmenceler yer alır.",0
Almancada Gemüt adından türemiş olup çok geniş bir kullanım alanı bulunan gemütlich sıfatının olumlu karşılığı yoktur.,0
Ünsüzleri ilgilendiren değişmeler sırasında bu ortak özelliklerden kazanma veya onlardan önemli bir uzaklaşma tutar.,0
"Öyleyse, yukarıdaki yeni bir alk içinde kullanılan alk bir ad olmalıdır çünkü bir tanımlıktan sonra kullanılmış",0
Bu yazma aslen Arap olmalarına rağmen Arami dilini veya Arami dilinin Nabati lehçesini konuşan Nabatilerin yazılarından gelişmiştir.,0
"Göstergenin nedensizliği denilen bu durum, dil bilimsel araştırmalarda en önemli ilkelerden biridir.",1
"Aynı dili konuşan insanlar, millet denilen sosyal varlığın temelini ederler.",0
"Eski Türklerde Il, Gök Tanrı yeryüzünde gölgesiydi. Il in oturduğu memlekete Yurt veya Ülke denirdi.",0
Kurallı (Düz) Cümle Türkçenin söz dizimi kurallarına uygun olarak yüklemin olduğu cümlelere sonda kurallı cümle denir.,0
Birçok defa gönlümden geçirdim ki başka ülkelere gitsem de orada iyi kötü hayatımızı nasıl geçirdiğimizi kimse bilmesin.,0
Bunların dışında Nurullah Ataç gibi dilin sadeleşme yönünde bireysel çabalar ortaya koyanlar da 88'dir.,0
"Bitişik veya ayrı yazım, bu yönde belirleyici bir rol oynamaz.",1
Örneğin şirket adının tescil edilmesi uygulaması iş yeri ve ürün adlandırını da kapsayacak biçimde genişletilebilir.,1
"Kaynak dildeki söz sonu ötümlü ünsüz Türkçede ötümsüzleşmişken, eklenmede, bir ünlüden önce yeniden ötümlüleşebilir.",1
"Araştırmanın sonunda, Hadzabelerle Sanların birbirleriyle kuzen olmadıkları ortaya çıktı",0
Ayrıca eğitimli kesimde Batı dillerindens aln çok tür sözcükleri aslında göre söyle eğilimi vardır.,0
"Dağılımsal ölçüt ise, sözcükleri öbek ve tümce içindeki dağılımlarını gözeterek sınıflandırır.",1
Bunlardan çoğunun bilhassata kız çocuklarına isim olması da bundandır.,0
"Yazıyla birlikte her topluluk, kültürünü kalıcı kılmak için yazılı anlatıma yönelmiş mi?",0
Avrupa Birliğinin ise 23 resmi dili ve dili çalışma bulunmaktadır.,0
"Bu kurama göre dil, düşünceyi, toplumsal davranışları ve toplumsal davranış örüntülerini belirleyen bir kalıptır.",1
Semiçeriye'nin (Yedisu) bÃ¶lgesinde yaşamiş Türklere ait olan bu kitabeler geçen yüzyıl sonlarında yayınlanmıştır.,0
Kaynaklarda tamamlanmış olmayan ses olaylarıyla eklenme sırasında ortaya çıkanlar karışık olarak verilir.,0
Dil bu hem Orta Asya Türklerinin hem de Altın Ordu içindeki Kıpçak halklarının yazma ortak diliydi.,0
"Anketlerin amacı, belirlenmiş konusu üzerinde olayların ve durumların neden ve sonuçlarını ortaya koymaktır.",0
"Akşam bize gel, evde yalnız annemle babam var. (edat).",1
"İlke olarak sözcükleri farklı biçimlerde yazmak, söyleyişteki ayrıntıları çeşitli derecelerde göstermek mümkündür.",1
Ayrıca dillerdeki değişme ve gelişmeler de dili konuşan topluluğun az veya çok oranda katılmasıyla gerçekleşebilir.,1
Oysa karaağaç biçimi de aynı kök (ağaç) ve tamlamadan (kara) oluşmasına rağmen öbek değil sözcük olarak sınıflandırılır.,0
Ama bun rağmen çocuklarının konuşmalayı yavaş yavaş sökmeleri aileler için her zaman olağan üstü bir şeydir.,0
"Dil, millet tanrı denilen sosyal varlığı birleşiyor.",0
Dil içindeki farklı biçimlerin yaygınlaşmasında televizyon olmak üzere başta medyanın önemli bir yer vardır.,0
Kurulan cemiyet bu amaçını Türk dilini inceleme ve elde edilen sonuçları yayınlayarak gerçekleştirecektir.,0
Yer tamlayıcısı doğrudan eylemle bağlantılı olduğu için eylem cümlelerinde bulunur.,1
"Hava de bekledik, dün de.",0
"O mutlu günde yaşlı kadınlar halay, delikanlılar türkü söylüyordu.",0
Daracık gibi az sayıda örnekte geniş ünlüler de kullanılamaz.,0
"Konuşmada ağızdan çıkan sözü, yazılı anlatımda olduğu gibi silmek, düzeltmek imkanı yoktur.",1
Kişilerin söz varlığının sınırlı hatta kısır olması da Türkçenin bir gibi eksikliği görülür.,0
"İşleklik, bir ekin farklı kök ve gövdelere gelebilmesini ve kullanım sıklığını anlatır.",1
Ama Türkçe temel alınarak Osmanlı devlet teşekkülünü destekleyecek bir standart dil yaratma ihtiyacı ortaya çıkınca yetersiz olmadı.,0
"Türk milleti, bu büyük hasletini daha sonra kurulan diğer Türk devletlerinde özellikle Osmanlılar döneminde devam ettirlemez.",0
"Eserin ana örgüsüne Kün Togdı, Ay Toldı, Ögdilmiş ve Odgurmış adlı temsili kişilerin diyaloglarına dayanır.",0
"Ses düşmesi, sözcük türüne göre, tek ünlünün düşmesi veya bir veya birden çok seslemin düşmesi olarak uygulanmaktadır.",1
"İngilizcede dan, Türkçe olmadığı gibi, çoğul ekibi biçimbirimciklerinin dağılımı kurallıdır.",0
"Bu dönem kendi içinde Doğu Orta Türkçesi, Batı Orta Türkçesi ve Kuzey Orta Türkçesi olarağ üçe ayrılır.",0
"Durum, bir adın tümce içinde bağımlı olduğu baş işlevini üstlenmiş öğe ile ilişkisini gösteren bir çekimsel süreçtir.",1
"Adlar, sıfatlar, zamirler, zarfar ve ünlemler ad soylu sozcüklerdır, ad çekim ekleri alabilirler.",0
"Temel anlam: Bir sözcüğün başlangıçta yansıttığı, ilk ve asıl kavrama temel anlam adı verilir.",1
"Bitişik ve ayrı yazım, çoğu durumda işlevsel açıdan önemsizdir.",1
"Şimdi gelin, bir dilin konuşucuları, sözcükleri nasıl tanır ve kullanmak bir gözden geçirelim.",0
Standart Türkiye Türkçesinde ise bu açıdan tutarlılık yoktur.,1
Hani küçükken hep bunları altında gelirdik.,0
"Yerleştirme aşamasında ciddi dilin eğitim, devlet yönetimi vb. kamusal alanlarda kullanılması sağlanır.",0
Nesnenin ek almadığı durumlarda nesne ile fiil yan yana bulunur.,1
Ne var ki bu basit resimler zamanla karmaşık çizgilersden oluşan soyut şekiller haline gelmiştir.,0
"Sağdaki, körfezi çeviren büyük dağ yığını 3000 metre ve bulutlar üstünden engin Akdenize bakıyor.",0
Bugün de Kiril yazısını kullanan Türk soylu halklar bulunmaktadır *değil*.,0
Kitap okuma Pınar seviyor.,0
"Yalnız, sıfat göreb yüklenmiş olan adın tıpkı öteki sıfatlarda olduğu gibi, eklendiği ada özgü bir niteliği belirtmesi gerekir.",0
Evrense Dilbilgisinde İlke ve Değiştirgenler EDde iki önemli kavram vardır: İlkeler ve Değiştirgenler.,0
Teknisyenler getiriyor ve yan tarafa bir elma bir de armut ağacı korları,0
Konuşmada ve Yazıda Kısır Söz Varlığı Bir dilin işlenmişliğini ortaya koyan en önemli gösterge söz varlığıdır.,1
"Arap alfabemsi, yüzyıllardır kullanılmasına rağmen, Türk dilinin tam adoraksar ifade edilmesinde yeterli olmamaktaydı.",0
"Örnek: Gündelik sıkıntılarını -kocasıyla ufak tefek tartışmaları, küsmeleri-herkese anlatırdı.",1
"Yazı dilinin kimi sözcükleri bilim, sanat, spor vb. alanlarda kazanır ve terim olarak kullanılır krş. jargon.",0
"Enklitikler, ek olmadıkları halde, özellikle ünlü uyumları açısındaki ek gibi davranan, ama vurgulanmayan dil ögeleridir.",0
Bu süreçler hem sözcük kökleri hem de bağımlı biçimbirimlerin ses yapısını etkileyebilmektedir.,0
İnsanların bu cüretkārlık Tanrının hiç hoşuna gitmez ve onları cezalandırmaya karar verir.,0
Çift Dudak Ünsüzleri Ciğerlerden gelen havanın dudakların kapandı sonucu engellenmesiyle oluşan ünsüzlerdir.,0
Olumsuzluk ögelerinin şekli ve alanı diller arası ve dil içi değişiklikler gösterir.,0
"İsimden sıfat yapım ekleri -lX ve sXz, isimden fiil yapım eki -lA gibi bazı afife suçay ofset yapımcı de oldukça işlektir.",0
Bir dilin sesleri arasındaki karşıtsal dağılım ilişkisini tanımlayabilme 13 Dillerde sesbilimsel ve biçimbilimsel sunumlar tektir.,0
"Türk milleti, bu büyük hasletini daha sonra kurulan diğer Türk devletinde özellikle Osmanlılar döneminde devam ettirmiştir.",0
Alfabe Kanununa göre ünsüzler kendilerinden sonra gelen bir /e/ ünlüsü ile seslendirilirler.,1
Sen hayatında fil duy-du-n mu?,0
Deyimi oluşturan,0
"Birinci siperdekiler hiçbiri kurtulmamacasına tamamen şehit oluyor, ikinci siperdekiler onların gidiyor.",0
Latin harfleri tartışması karşısında resmi makamların da kayıtsız kalmadıkça görülmektedir.,0
"Bu dönem kendi içinde Doğu Orta Türkçesi, Batı Orta Türkçesi ve Kuzey Orta Türkçesi olarak üçe ayrılır üçe.",0
Bu yüzden de Ede Balıya bulamıyor yürekliliği bir türlü gidecek.,0
Bu sebeple ünlem grubu cümlenin dışında olmakla birlikte anlamın dışında bulunan dil birimidir.,0
Fatih Sultan Mehmeti anarken onun eğitimini ilgili bilgileri de hatırlamalıyız.,0
"Bu, karşılaştırmalı dil incelemesi gelişmesiyle uygulanmaya başlanan bir türdür.",0
Sürekli çalışmadı değilim.,0
Vitrinde gördüğü elmas yüzükle geleceğe daldı.,0
"Okul kapısının, apartman girişinde, kapı koluna, masanın gözünde, çocuğun kabanı örneklerinde ise ilgi eki kullanılmamıştır.",0
"Bu eklerden sonra, her zaman, yan cümlenin öznesini gösteren bir iyelik eki gelir.",1
Ünlü uyumu Türkçenin tipik özellikleri özellikle arasında yer alır.,0
"Ünlü ile biten hecelere açık hece, ünsüz ile veya uzun ünlü ile biten hecelere ise kapalı hece adı verilir.",1
"Ses bilimi: Ses bilimi, diller üzeri bir yaklaşımla insan dilindeki seslerin fiziksel özelliklerini inceler.",1
"Tümce başındaki zarf özne, eylemden sonra gelen ad ise nesnedir.",0
Dillerin sınıfandırılma ölçütleri tarihsel gelişimlerini veya dilleri arasındaki ilişkilere dayalıdır.,1
"Çünkü Islamiyet, Türk milletine yeni bir ruh verdimiş, onu zaferden zafere koşturmuştur.",0
İletişimin bu yönü Sperber ve Wilsonun bağıntı (relevance) kuramı çerçevesinde detaylı olarak incelenmiştir.,1
"Sanırım içimizde ne yapacağını bilen, gerçekçi bir arkadaştı! Sonradan Nazillide memleketiydi ticarette çok ün kazandı.",1
"Diller ihtiyaç halinde yeni ses, geliştirebilmektedirler.",0
Bu üniteyi tamamladıktan sonra; Standart dil-ağız ilişkisini ve standart dili etkileyen gelişme açıklayabileceksiniz.,0
"Buna rağmen söyleyişle yazılm arasında, bir kısmını ilerleyen bölümlerde ele alacağımız önemli farklar ortaya çıkmıştır.",0
Bu nedenle ünlü ile biten bir sözcük ünlü ile başlayan bir ek alınca araya yardımcı ses girer: oda-y-a vb. (bk. Heceleme).,1
"Mastar: Fiilin -mak / -mek veya -ma / -me ekleri alan ve ad gibi kullanılan biçimi, eylemlik: al-mak, üşü-mek, gör-me, bul-ma ve.",0
Biçimbirimler genellikle içinde bulundukları değişik bağlamlara bağlı olarak değişik söyleniş biçimlerine sahiptir.,1
"Bir dönem moda halinde bulunuyor mu, kaba dil ve argo kullanımına ilişkin televizyon dizilerinde örnekleri bulunuz.",0
"Türkiye Türkçesi Türkiyenin olmasına yanı sıra, Kuzey Kıbrıs Türk Cumhuriyetinde resmi dildir.",0
"Son hecede art damak sesler varsa, ek kürt seslerini, ön damak sesleri varsa ek ön damak seslerini barındırabilir.",0
Şüphesiz konu burada ele çalıştığından çok daha karmaşıktır.,0
"Türklerde, hükümdar ile Teba arasında ahlak a dayanan karşılıklı bir vardır duyarlılık.",0
Sıfatların bir alt derecesi ise Eşme durumu eki -CA ile yapılır.,0
Sözcüklerin bu şekilde işlemlenmesi çekimsel biçimbilim ve sözlüksel biyimbilim başlıkları altında ele alınır.,0
"Bürünsel özelliklerden kitabın amacına uygun olarak söz etmeye son vermeden, kısaca da ezgi konusuna değinmek gerekir.",0
Ama pratik kullanımda uzunluğu veya kısalığı göz önünde bulundurarak normal ünlüler vardır.,0
"Yine aynı bağlamda hal-hatır sormalar, karşılıklı duygu paylaşımları da günlük hayatımızda sıkça yaptığımız konuşmalardır.",1
"Aynı şekilde, ilgili bölümde göreceğimiz üzere daha çok sıfat veya zarf türeten ekler de vardır.",1
Bunların her ikisinde de birbirleriyle akrabalıkları şüpheli birçok dil konuşulmaktadır.,1
Adam çocuğu güldürdü.,1
Ünlülerin Sınıfandırılması Ünlüler sınıfandırmazken kullanılabilecek kimi ölçütler vardır.,0
Daha önce de geçtiği gibi Türkçede hece ünlü oluşturur.,0
"Sapsarı, kapkara, yemyeşil gibi sıfatların pekiştirilmesinde görülen ilk hece tekrarları; ön eklere benzerler.",1
"Kendi kültürüne saygı duymayanlar, başkalarından saygı bekleme haklarını kaybetmiş olur.",1
"Şu kadar ise buya göre daha uzak, oya göre daha uzağın ve güncel olan gösterilenlere işaret eder.",0
"Dil içi: Doğrudan dille ilgili olmayan ancak dili etkileyen siyasal, kültürel vb. gelişme ve değişmeler.",0
Her doğal dil çeşitli nedenlerle ortaya çıkmış bir varyantlar yığınınnda oluşur.,0
Biz burada bir tanım yerine dilin öne çıkan özelliklerini ve işlevlerini vermeye çalışacağız.,1
Düzenli olarak bize kitap hatırlatarak kitabın sonuçlandırılmasına en önemli katkıyı o sağladı.,0
hazırlıklarıyla taşınma haşır neşir oldular. -Vasıta zarf tümleci olarak görev grubu yapar.,0
"Oysa yarın daha yaşanmamıştır, olgusal değildir ve birinci grupla karşıtlık ilişkisi içindedir.",1
"Eğer bir ad cümlesinde nesne varsa o nesne, temel cümlenin değil söz konusu ad cümlesinin ögelerinden birinin nesnesidir.",1
Gönlüme göre bir yaşama mutluluğuyla genişliyorum boş zamanlarda.,0
"Diş Eti-Damak Ünsüzleri Dil ucunun diş etine değmesi ile oluşan seslerdir: /c/, /ç/, /j/, /ş/ sesleri bu gruptaki seslerdir.",1
Başka bir ifadeyle eylem zamanını belirlemede ölçüt alınan asıl nokta şimdi ve burasıdır.,1
Günümüz Türkçesindeki ses olaylarının dil bilgisi kitaplarında ele alınışında iki farklı yaklaşım olduğu söylenebilir.,1
"Her şeyden önce, yukarıda sözü edilen konuşma diline özgü parçalarüstü sesbirimler yazıda gösterilmez.",1
Görücedesi gibi söz dizilişindeki oynaklık da kurallara bağlıdır.,0
Hatta kimi ünsüz düşmesi örnekleri sadece konuşma dilinde görülür.,1
"Garbage tür eklerin çoğu, sadece basit bir türetim yapmaz; türetimin yanında cümlede büyük sözdizimsel etkileri, yaptırım güçleri vardır.",0
"Türk dili üzerinde araştırmalar yapmak, yaptırmak, 2. Türk dili güncel sorunlarıyla ilgilenerek çözüm yolları bulmak.",0
Türkçede birleşik kelime oluşturmanın farklı teknikleri vardır.,1
"Kim insanları, ne insan dışındaki varlıkları gösteren isimlerin yerine kullanılır.",1
Düzeltme işaretlerinin kullanımı konusunda ayrıca farklı yaş ve meslek grupları arasında da dikkat çekici ayrımlar özürler.,0
Yazım kurallarını standart dille ilgili düzenlemeleri yapma yetkisi olan kurumlar belirler.,1
Ağız Ögeleri Her dilde zaman içerisinde birtakım ses ve biçim farklılıkları oluşur.,1
"Ölçünlü dilde, Batı dillerinden kopyalanan elektrik, film, nötr, titr vb. sözcüklerde ünlü türemesi görülmez.",1
Pek çok ülkede yabancı dil olarak öğretilmesi Türkçeye yeni bir boyut kazandırmıştır.,1
Yakın Anlamlı Ögelerden Oluşan Tekrar Grupları: Bu yapılarda grubu oluşturan ögelerde anlam yakınlığı vardır.,1
"Hopi dilinde (Kuzey Amerikada, Arizona devleti içinde bir dil) böcek, uçak ve pilot aynı sözcükle anlatılır: masaytaka böcek.",0
"Özellikle bir kısmının ayrılması, bir kısmının bitişik yazılması ciddi bir tartışma konusudur.",0
"Emir; doğası gereği bir buyurucu, bir de eylemeyicinin yer aldığı en az iki kişili iletişim ortamlarında üretilir.",0
İthal ürünlerin karşılaşılan sorun ise kullanım kılavuzlarında Türkçeye satışında yer verilmemesidir.,0
Yunanca bilmeyen Karamanlılar dini ve din dışı konulardaki kitaplarını Latince alfabesiyle ve yayımlamışlardır.,0
"Ancak, böyle bir varsayımı doğrulayacak açık, deneysel ve bilimsel yeterli kanıt yoktur.",1
"Dillerimiz ortak bir köke sahipse de, yüz yüze iletişim kurmamıza yaramadığına göre, köken farkının önemi ne?",0
En nihayet bir sene içinde bütün Türk hey`et-i içtimaiye`si yeni harfleri öğrenecektir.,1
"Örneğin, ev-i-n olarak görüldüğü gibi",0
Bilimsel terimlerin ne zaman kullanılmaya başlandığını belirlemek de mümkün olabilmektedir.,1
Bazı yayınlarda isimlere gelen eklerden çizgi yerine + işaretinin kullanıldığı da görülmektedir.,0
"Türkçe kökenli sözcüklerde, söz başında /ğ/, /l/, /m/, /n/, /r/, /ş, /z/ ünsüzleri bulunmaz.",1
"İrlanda dili, İskoçya Gaelcesi, Galce, Bretonca gibi birkaç çağdaş Kelt dili de küçük tehlike altında.",0
Urumca Kıpçakça özellikler taşıyan bir varyanttır.,1
"Bağlaçlar, edatlar gibi anlamdan, görev ve işlev sözcükleridir çok.",0
"Halil sordu: -Hangi İsmail? dedi. -Kavafın Şükrü. -Bir yere mi gideceksiniz? -Yooo, öyle gidelim dedi idi de...",0
Talas vadisinde bulunan kitabelerin en ilginci bir ağaç çubuk üzerine resmedilmiş olanıdır.,0
"Alıntı sözcükler, milletlerin hangi halklarla nasıl ilişkiler yaşadığını gösteren belge niteliği de taşırlar.",1
Çekimsel Biçimbilim Bir sözlükbirim kendisini oluşturan tüm sözcükbiçimleri içinde bulunur.,0
Ayrıca Türk-Tibet ilişkileri eski Tibet kaynaklarına da yansımıştır.,1
"Özel adlardan kurulan ikileme sayısı fazla değildir: Çinden Maçine, Hanyayı Konyayı gibi birkaç örneği görülür.",1
"Yerel ağızlarla standart dil arasında, ötümlüleşme açısından önemli farklar vardır.",1
Ünlülerin sıfırla nöbetleşmesi hem Türkçe kökenli sözcüklerde hem de alıntı sözcüklerde olduğunu düşünülmür.,0
"Karşılaşabileceğimiz türden olayları, kurgulayarak, belirli bir hacim içerisinde anlatan metinlere denir.",1
Yanlış çeviri: Kaynaklarda transkripsiyon yanında transliterasyon terimi de görülür.,0
"Ayrıca tamlayan, terim örneklerinde tamlanan görüldüğü gibi türetmede daha işlektir.",0
Türkiyenin bütün sıkıntıları kaynağında eğitimin kalitesizliği en önemli yerinde tutmaktadır.,0
1. Türkçenin türetme gücünü değerlendirmek Türkçe yapı bakımından sondan eklemeli bir dildir.,0
En sonda ise sorunun muhatabı olan kişinin 2. tekil olduğunu gösteren bir sun eki bulunmak.,0
Küresel etkilenmenin yalnızca İngilizcenin diğer dilleri etkilemesiyle kalmadığını da belirsizlik gerekir.,0
Türkçede ezginin yine var belirlenebilen bir yönü vardır ve iletişim açısından önemlidir.,0
Çocuklar gülüştüler.,1
İ İyelik Eki: Nesne veya kavramların bir başka nesne ya da kavrama tamam olduğunu gösteren eklerdir.,0
Sözde Başında Bulunmayan Ünsüzler Türkçede söz başında bulunabilen ünsüz sayısı diğer pozisyonlara göre oldukça sınırlıdır.,0
Toroslar Akdenize doğru kucak gibi açılmamıştır.,0
"Buyrun (Hoş geldiniz.) Buyrun (Ne istiyorsunuz?) Soru cümlelerinin, koşul cümlelerinin ve bildirim cümlelerinin tonları farklıdır.",1
"Hiç olmazsa başkalarının, kendininkine uymayan inanışlarını bilmemezlikten, duymamazlıktan kaygılanır.",0
"Türkler, İslamiyetten sonra Türkçe sözcükleri Arap dil bilgisi okulunun sınıflandırma sistemine uyum sağlamıştırlar.",0
"Ayrıca bunların sayıca birden fazla olduğunu göstermeye yarayan biz, siz, onlar şeklinde çoğul biçimlerinde de vardır.",0
Sen hayatında fil gör-sen mi?,0
"Yine artık sözcüğü hem bundan sonra hem de artan, fazlalıklar anlamlarına gelebilmektedir.",0
Hangi çözümlemenin doğru sıralamayı verdiğine karar verebilmek için yine ek taban seçimine ilişkin kurallar erişim gereklidir.,0
Topluluk karşısında konuşmak karşılıksız sohbet etmekten daha zordur,0
Ayrıca zaman zaman uzun ünlüleri göstermek için düzeltme işaretinin kullanıldığı da olmazdır ama bu düzensizdir.,0
Bunun yanı sıra Türk alfabesindeki harflerin okunuşları Batı dillerindeki harflerin okunuşlarından farklıdırlar.,0
"Diller, köken, yapı, konuşuldukları bölge gibi ölçütler göz önünde bulundurularak çeşitli gruplara ayrılırlar.",1
Eşitlik Grubu: Eşitlik hali eki getirilen bir isimle bir başka ismin bir araya gelmesiyle oluşur.,1
Bundan dolayı birinci eyleminin aldığı onların tümlecinin son üç eyleme de bağlamak yanlıştır.,0
Belirli bir varlığı karşılayan ve yükleme durum eki alan nesneler belirtili nesne olarak adlandırılır.,1
ÜNLÜ UZUNLUĞUNUN ANLAM FARKI YARATTIĞI DURUMLAR Ünlü uzunluğunun yanlış kullanılması anlamı da etkilemektedir.,1
Türkçe ise hiç de az sayılamayacak bir temizlik oranına sahip.,0
Dini yıkan ve ideolojik bir takım müesseseler koymaya çalışan milletlerin sonu da pek iç açıcı olmamıştır.,0
Bu yazıda deyimlere,0
"Birleşmenin anlamı sarı kız değil, inek ya da esraf.",0
"Bu da eleştireli ve yaratıcı düşüncenin gelişmesini, bireylerin farklı bakış açıları oluşturmalarını engelliyor.",0
"Başka dillerde, örnek olarak Almancada, sıfatlar çekimlenebilir.",1
Tahta kapıdan içeri girmek ilk onu gördü.,0
Kafkaslardan Kırıma ve Doğu Avrupaya göç eden bazı Ermeni gruplar Kıpçakça konuşmaya başlamıştır.,1
Taban ise türüne bakılmaksızın herhangi yapısıdır ek almış.,0
"Eklenme Eklenme, sözcüğün yapım eki veya çekim eki almasıdır.",1
Gazetenin arkasında bir sanatçımızın dilini çıkarmış resmini görünce büyük bir şaşkınlık yaşadım.,1
Ayrıca yād el içinde de birincil uzun ünlü vardır kullandığımız yad sözcüğünde.,0
"Arada bir yanıma gelir, onunla sık sık dertleşiriz.",1
"Dil bilimsel açıdan diller yapılar, cümle tipleri vb. ölçütlerle sınıfandırılabilir.",0
Ben-im gülüş-üm-ü yanlış anlamışlar. -mAk Mastar olarak da adlandırılan bu ek mak/-mek altbiçimbirimleriyle görülür.,1
Kuruluşunda bağımsız olarak tek yargı bulunan ve tek yükleme sahip olan cümleler basit cümle denir.,0
Burada sözcüğün aslında hangi dile ait olduğu ve hangi alfabeyle yazıldığı önemlidir.,1
"Kültür denilince sadece bunlar değil, çalışma tarzı, üretim, tüketim, ulaşım şekilleri de kasdolunuyor.",0
Adla yapılan birleşik eylemlerde ad ögesi bir yanlış-fiil olabilir.,0
"Mesela kaynatmak sözcüğü, bir şeyi kaynatır gibi, sohbeti koyulaştırmak anlamını kazanmıştır.",1
"Zamanlarla kendi dillerin, dinlerin muhafaza etmekle beraber tamamen Kıpçak dilini benimsemişlerdir.",0
Ayşe geliyi.,0
"Bir yan'sında bakkal, bir yan'sında tekke'nin mezarlık duvar'ı, karşıs'ında iki ev'in aras'ında bir boş arsa'dan demiryol'u görünüyordu.",0
"Adaçarasin ise sayı, kişi, durum; belirleyicilerden bazısı da sayı çekimine girerler.",0
"Kelime kök ve sapları: Anlamları veya söz dizimsel işlevleri var, tek başlarına kullanılabilen bağımsız biçimbirimlerdir.",0
"Doğadaki sesleri yansıtan bu yansıma sözcükler de uzlaşımsaldır, göndergeleri her dilde farklı şekillerde ifade edilmez.",0
"Böylece konuşma anına göre gelecekte, hafaya bugüne (referans zamanına) göre ise geçmişte konumlanan bir eylemden söz edilmiş olur.",1
"Yukarıki kat viran bir sofa, bir de yüksek pencerelerinin tahta kepenkleri sımsıkı kapalı bir kocaman odadan ibaretti.",1
İkincil uzun ünlü ise kısa ünlünün büzülme vb. çeşitli ses olaylarıyla sonradan uzun ünlü haline gelmesidir.,1
Eski Anadolu Türkçesiyle çoğu manzum birçok eser vücuda getirmiştir.,1
"Sıfat tamlamasını oluşturan tamlayan veya tamlanan, bazen de her ikisi birden bir kelime grubu olabilir.",1
tüy olan tü altıdır.,0
Zamirleri olmadıkları halde isimlerin yerini tutan kelimeler olarak tanımlamak alışılmıştır.,0
"Bu boşluktan üstte bulunan burun boşluğu, altta olana ağız boşluğudur.",0
Kemik öğrendiğimiz konuyu akşam ayrıntılı olarak yüzeysel bir biçimde tekrarlayınız.,0
Ancak anlam olarak hiçbir önerme ifade etmedikleri içi dinleyici ne anlama geldiğini bu tümcelerin anlayamayacaktır.,0
Bağımsız diller: Hint-Avrupa dillerinin Avrupadaki iki yalnız ülkesi Arnavutluk ve Yunanistan'dır.,0
"Türkçede anlam ayırıcı sesbirimler olarak kullanılan dudak ünsüzleri /b/, /p/ ve /m/değil.",0
"Çünkü sözcük, herkesin ağzından başka türlü çıkar.",1
"Buna karşılık bir kelimenin zarf olabilmesi için mutlaka bir fiile, sıfata veya zarfa bağlı olması gerekir.",1
yapılırken akrabalık adı kullanılır; ama bu adlar kelime anlamlarıyla alınmamalıdır.,0
Hikaye ve rivayet anlatımlarında birleşik çekim ek genellikle son cümleye getirilir.,0
"Tarihi bakımdan, Türkçenin ünlü dökümü ile ilgili Türkçe kökenli kelimelerde asimetrik 8 temel kısa ünlü varlığı kabul edilir.",0
Eski Türklerde vatan yani il Gök Tanrının yeryüzündeki gölgesi idi.,1
Urumca Kıpçakça özellik getsin bir varyanttır.,0
Aşağıda Sadinin Gülistanından bir bölüm verilmiştir.,1
"Bu, dilbilim araştırmalarının inceleyebileceğinden çok daha eski bir zaman dilimi.",1
"Kopyalama (ödünçleme, alıntı): A dilinin, B diline ait sözcük, anlam vb. dil ögelerini kendi sistemine dahil etmesidir.",1
"Ahıska Türkleri, Sovyetler Birliği döneminde pasaportlarında Türk yazan tek Türk topluluğuydu.",1
"Eşyanın Bilecik tekfürüne emanet bırakılması için karar alınırken, gözlerini kılıça ayıramayışını hatırlamaktadır.",0
"Türk toplumunun, dil malzemesi bulunmayan dönemlerine ait kültürel verilerse, genellikle tahminlere dayanmaktadır. çıkarımlara ve",0
TÜRKÇEDEKİ SESLER Konuşma seslerini çok genel olarak ünlüler ve ünsüzler olmak üzere ikiye ayırabiliriz.,1
"O, kendisinde Türklük şuurunun nasıl uyandığını ve pekiştiğini Bizim neslin gençlik yıllarında Osmanlılık telkin ve etkileri hakimdi.",0
"Belirtili ad tamlamasında temel öge olan tamlanan, gelir tamlayandan sonra yardımcı öge olan.",0
"Gösterilen, zihnimizde, deneyimlerimizle kavradığımız sözün içeriği, zihnimizde oluşan genel kavramdır.",1
İkincil uzun ünlü ise kısa ünlüsü büzülme vb. çeşitli ses olaylarıyla sonradan uzun ünlü haline gelmesidir.,0
"Somutsu olmayan, manevi kültür unsurlarının aktarımında dil, önemli bir rol üstlenir.",0
"Sözcük öbekleri, kaynaklarda kelimeler grupları, kelime grupları, dizim bilgisi olarak da adlandırılabilmektedir.",0
Emir kişi ekinin tekilinde herhangi bir kipi işaretleyicisi yoktur.,0
Bu cümlede yüklem ortak kullanıldığı için ne de beni anladım sen gibi bir anlam ortaya çıkmıştır.,0
Hemen belirtelim ki oldukça yaygın olan bu tür görüşlerin gerçek durumla hiçbir yoktur ilgisi.,0
"Sıfatlar tamlananlara ayrıldığında özel isim sıfat tamlamaları, birleşik isim grubu olarak kalıplaştığında vurgu son üstüne geçer.",0
"Bu açıdan, bu uyuma yaygın olarak ünlü uyumu dense de burada aynı zamanda hece uyumudur.",0
"Bu eser, Oğuz Türkçesinin ilk dil bilgisi kitabı olmak anlam bakımından oldukça önemlidir.",0
"Edebi metinlerde söz sanatlarına, mecazlara, teşbihlere, süslü, duygu yüklü anlatımlara yer verilebilinir. sözcüğü.",0
Yüklemin Yerine Göre Cümleler Türkçede söz diziminin en temel kuralı yüklemin sonda olmasıdır.,1
"Ancak geçişli bir fiil olan iç-, edilgen yapıldığında edilgendeki fiilin nesnesi, edilgen fiilde sözde özne olur.",0
"Bu referans fikrin doğruluk konusundaki önemini koyabilen, yol, yöntem anlamındadır.",0
"Sıfat fiiller, eylem ve sıfatların özelliklerini birlikte gösterir.",1
"Dil, millet denilen sosyal varlığı birleştiriyor.",1
Buradaki doğruluk ve yanlışlıklar için doğruluk standart dil ve bu dili kodlayan Türk Dil Kurumunun Yazım Kılavuzudur.,0
"Kendi kültürüne saygı duymayanlar, başkalarından tavsiye beklerlerse, saygı haklarını kaybetmiş olur.",0
"Enklitikler, ek olmadıkları halde, özellikle ünlü uyumları açısından ek gibi davranan, ama vurgulanmayan dil ögeleridir.",1
"Çünkü bu sesler oluşurken, tam bir açılma olması ve bu kapanmanın tamamen gerçekleşmesi gerekir.",0
"Ancak, biri diğerine nitelediği veya belirttiği için sıfat özelliğini kazanmaktadır.",0
Arap alfabesi Türkler arasında İslamiyetin kabul edilmesinden XIX. yüzyıla kadar geleneksel şekliyle kullanılagelmiştir.,1
"Ana dili, insanların doğuştan itibaren yakın çevresinden öğrendiği ve geliştirdiği dildir.",1
Telafuz organlarında seslerin oluşmasında önemli rolü oynayan belli noktalar vardır.,1
Hemen belirtelim ki oldukça yaygıncı olan bu tür görüşlerin gerçek durumla hiçbir ilgisi yoktur.,0
Her zaman Türkçe gibi eklemeli dillerde kelimeler cümle içinde olabilir mi: Ankaralılaşamadıklarımızdan mısınız?,0
"Sözlükbirimler, sözlükçede bilgi olarak listelenen girdileri temsil eden, dilde üretim yapılmamış, somut zihin sözcükleridir.",0
Her İkisi de Anlamsız Olan Ögelerden Oluşan Tekrar Grupları: Bu tekrar gruplarında yapıyı oluşturan üç öge de anlamsızdır.,0
"Her ünsüz, anlam ayırıcı sesbirim olarak, en azından bir özelliğiyle diğerlerden farklılaşır.",0
Her iki sözcüğün de orijinal biçimlerinde uzun uzun ünlü bulunması bunun nedeni olmalıdır.,0
En ilgi çekici hüküm ise Türkiyeye davet edilen yabancı uyruklu öğretim üyeleri ile ilgilidir.,1
Belki onlar seviyorlar da ben farkında varmıyorum.,0
Birden fazla öğeleri olan sözcüklerde vurgu hangi birimin üzerinde araştırın oluştuğunu.,0
Biçim bilgisi açısından sayıların ayrı bir kelime türü olarak görülmelerini gerektirecek birkaç özellikleri vardır.,0
"2. Bu tür ünsüz veya ünsüz çifrini barındıran alıntı sözcükler, Türkçeye uyarlanmaktadır.",0
"Örneğin saat sözcüğünün kol saati, su saati vb. bağlamlardaki anlamı somut, ancak vakit, zaman vd. anlamları soyuttur.",1
Olumlu etkilerinin başında kişilerin birbirleriyle kolayca içerik ve bilgi paylaşımında bulunabilmeleri gelmektedir.,1
Ancak özellikle Batı dillerinin etkisiyle diğer yollarla da sözcükler yapılmaktadır.,1
Bir dilde deyim ve atasözlerinin oluşabilmesi için yüzlerce gerekmektedir.,0
Anadolu Karamanlıları bilindiği gibi Kurtuluş Savaşı sonrası yapılan mübadele sonucu Yunanistana gönderilmişlerdir.,1
"Önce eklerin ortak yönleri ele alınacak, daha sonra özel durumları açıklanacaktır.",1
Ayrıca tekrar gruplarından yerine daha çok birleştirme tercih edildiği görülmektedir.,0
Örnek (3)teki hok İngilizce hem de Türkçe tümce o dillerin sözdizim kurallarına uygun olarak üretilmiş kurallı tümcelerdir.,0
"Bu dönemde Atatürkün talimatıyla Dil Tarih ve Coğrafyanın Fakültesi, Türk Tarih Kurumu ve Türk Dil Kurumu kurulur.",0
"Böylelikle kitabımız, sadece öğrencilik döneminde değil; mezuniyet sonrasında da faydalanılacak bir ürün özelliği kazanmıştır.",0
titreşimi ile oluşturulan sesler ses tellerinin ötümlü seslerdir. [ʒ] ötümlü,0
"Sözcüğe ek gelmesi durumunda, ekin baş ünlülü mü yoksa art ünlülü mü olacağı sözcüğün son hecesinin niteliğine bağlıdır.",0
Zamanı toplu geçirmek demek; hayatın içerisinde olan her türlü güzelliği ve sıkıntıyı birlikte karşılamak ve yaşamak demektir.,1
"Ağızlarda dokuzan, sekizen gibi biçimleri de kullanılmaktadır.",1
"Onun asıl adını, sokaklarda 'hıyar!' diye bağıra bağıra söylemediği, satıcı elbette güzel bulmaz.",1
Bu sözler; toplum hayatını yansıtmanın yanında hayatın bütün yönlerini de tahlil eder ve olayların oluş sebeplerine de değinirler.,1
"Hatta uzun cümlelerin kısaltılmayı, gereksiz edat ve ve deyimlerin bırakılmasını emretmişti.",0
Dil edinimi çalışmalarından elde edilen bu bulgulardan kasıtlı olarak elde edilen bulguların da bu kanıyı doğrular niteliktedir.,0
"Soru ek olarak da bilinen mX, bağlaç olan dA edatı gibi ögeler enklitikler olarak geçer.",0
"Örneğin, Batı Avrupadaki diller arasında, yok oluş eşiğinde olmak bakımından, Man dili tek başına değildir.",1
İlgili sözcüklerin yalın halde veya ünsüzle başlayan bir ek aldıklarında ünlüleri kısa söylenmektedir.,0
Sıra Sizde Yanıt Anahtarı Sıra Sizde 1 Her dil tabiatındaki kavramı kendine göre adlandırır.,0
Öyleyse uyaranın ya da dil verisinin önemi bu doğuştancı yaklaşımda dil düzeneğinin varlığına oranla daha az ölçüdedir gereksiz.,0
"Hele bilim açısından baktıkta, saydığım beş tür hiç de nesnel olmayan, üstelik pek kesin bir sınıflamadan elde edilmiştir.",0
"Bunlardan kimileri Türkçe karşılıklarıyla kullanım alanına çıkmamıştır: Deli dana, kuş gribisi.",0
"İsimlerin sınıfandırılmasında kullanılan anlamsal ayrımlardan biri, gösterilenlerinin belirgin veya belirsiz olmasıyla ilgilidir.",0
Dua denildiğinde akla ibadethane gelmekle birlikte esasen dua etmek için özel bir mekana gerekli değildir.,0
Çünkü babasına niye inanın Osman.,0
"Göz boşluğundaki açıklık-kapalılık, dilin ağız içinde yayvan olarak bulunması veya kabararak hava yolunu daraltmasıyla ilgili.",0
Tüm gece boyunca uyudu.,1
Örneğin şirket adı tescil edildi uygulaması iş yeri ve ürün adını da kapsayacak biçimde genişletilebilir.,0
Örneğin Türkçe vücut anlamına gelen etüz kelimesi Tibetçe metinlerde eddus şeklinde yazılmaktadır.,1
"Aynı şekilcik, ilgil bölümde göreceğimiz üzere daha çok sıfati veya zarf türeten ekler de vardır.",0
"Bu dinlerin etkisiyle edebiyat bir dini gelişti ve Çince, Tibetçe vb. komşu dillerden pek çok eser Uygurcaya tercüme edildi.",0
"Bu tür kısaltmalar, içinde kullanılırken diğer kelimelerden farklı davranmazlar.",0
Ancak öncelikle Türkçenin söyleyiş özelliği ile ilgili olarak değinmek sıkça tekrarlanan bir yanlışa gerekiyor.,0
Örneğin: Şu yüksek binanın üçüncü katında/ annemin teyzesi/ oturuyor. Bu cümle yükleme iki sözcük öbeği ile bağlanıyor.,1
"Bu cümleden olarak, 19 Mayıs 1919 Türk Milletinin yeniden dönüşü ve Türk Tarihinin önemli bir dönüm noktası olmuştur.",0
"O, kendisinde Türklük şuurunun nasılı uyandığını ve pekiştiğini Bizim neslin gençlik yıllarına Osmanlık telkin ve etkileri hakimdi.",0
Yemek sıcakmış.,1
"Kalıplaşma, çekim ekleri hatta cümlelerin kimi zaman kendi işlevlerinin ve görevlerinin dışında, yeni anlamlar kazanılmasıdır.",0
"Bunlar bağımsız sözler olabilecekleri gibi bir cümlenin içinde de olabilirler, fakat cümle kuruluşuna katılamazlar.",1
Çeşitli kiplerde çekimlenmiş olan var ve yok adlarının yüklem olduğu cümleler de en sık karşılaşılan ad cümlelerindendir.,1
Türkçede yabancı şarkılara aranırken sıkça başvurulan yollardan biri budur.,0
Johanson 2007). Bu uyarlama sırasında alıcı dil sözcüğün seslerinde de kendi yapısal eğilimlerine uygunsuz değişikliklere gider.,0
"İşlevselci yaklaşımlarda dil yetisi, dünya bilgisi ve diğer bilişsel işlemler birlikte ilerler.",1
"bu Aslında mecaz, olmuş bir incirin kabuğunun çatlamasıyla meydana gelen çizgi çizgi güzellikten doğuyor.",0
Aynı şekilde belirli diller belirli ırklar veya ethnitelere mutlak biçimde bağlı değil.,0
"Soru Eki: Soru eki, eklendiği sözcük, sözcük öbeğe ya da cümleye **anlamı kaybeden** mI/mU biçim birimidir.",0
Bu dil ailelerini kısaca tanıyalı: a. Hint-Avrupa dili ailesi: Hint-Avrupa dillerinin konuşulduğu alan oldukça geniştir.,0
"Ölçünlü Türkçe yada yabancı, yarın gibi bir iki sözcüğün dışında, birincil uzun ünlü bulunan sözcüklerin tamamı yabancı kökenlidir.",0
Türk insanının dün ve bugünkü ahlak anlayışı diğer dünya devletlerine her zaman örnek olarak kalan bir asalettir.,1
Çocuklar kitabı yalnızca izlediler.,0
Türkçede ayrık kelime oluşturmanın farklı teknikleri vardır.,0
"Bu yıldız, ilgili dil ögesinin kaynaklarda belgelenmediğini, tasarlanmış olduğunu çürütür.",0
"Bu millet, istiklali uğrunda canı pahasına da olsa tarihinin sorumluluğu içinde; -Ya İstiklal ya ölüm! demesini bilmiştir.",1
Kitabın hazırlanı-şında ve konuların işleniş-lerinde öğretici ve eğitici bir yaklaşım sergilenmiştir.,0
Sözlükte tanımlanabilecek bir anlama değil dilbilgisel bir anlama sahiptir; anlamları ancak bağlam içinde ortaya çıkar.,1
"Ağızlarda, yörelere göre değişen çok sayıda ünlü vardır.",1
"Kültür denilince sadece dil ve edebiyat değil, müzik, resim, mimari gibi sanatlar da söz konusmudur.",0
"Benzer biçimde eldiven, karanlık, gündüz sözcüklerinde de bu türden ekler bulunmaktadır.",1
"Ünsüzler de ötümlü-ötümzu, patlamalı-sızıcı, ön-sanat, geniz-ağız, dudak-damak gibi özelliklerle birbirlerinden ayrılırlar.",0
İskemleyi geçirelim başına.,0
Ses telleri gırtlağın kenarında olduğu için dalgalanma hareketi olmaz; dolayısıyla gırtlakta titreşim olmaz.,1
Söyleyişte belirli ezgi ve vurgu yapılarıyla oluşan sesletimsel özelliklere bürünsel özellikler diye.,0
Ardından bu sosyal medyadan ise Selfienin Türkçesi için öneriler gelmeye başladı.,0
"Daha büyük bir grup tek heceli sözcükte ise, ünlü uzunluğundan kaynaklanan ötümlüleşme eklenmede ancak ortaya çıkar.",0
Türk Dil Kurumunun kuruluşuyla birlikte çağdaş Türkçede çok hızlı bir arılaştırma akımı da başlamıştır.,1
"Adaşlar ise sayı, kişi, durum; belirleyicilerden bazıları da sayı çekimine girerler.",0
"Bunlara düşme, türeme, göçüşme, ikizleşme, tekleşme gibi daha nadir görülen ses olayları da eklenmektedir.",1
Toroslar Akdenize doğru bir kucak gibi kapalıdır.,0
Ünsüzler yükselirken bu yükselmeyi telafi etmek üzere kendilerinden önceki ünlünün süresini uzatabilir.,0
"İsim fiiler; -mA (bilmen, görmemi, yıkaymı), -mAk (bilmeğ, görmen, yıkamamak), -Iş (bilişi, görüşmüş, yıkayışçı) ekleriyle yapılır.",0
"Her milletin dili, o milletin yaşadığı hayata gelişir, hayatı da büyük ölçüde coğrafya belirler.",0
Buna karşılık Türkçede böcek diye adlandırılana hayvan ya da hayvancığının (Tierchen) deyip hayvan geçer Alman.,0
Daha önceki Yazım Kılavuzunda Batı dillerinden alınan sözcüklerde de bazı durumlarında düzeltme işareti kullanılmaktaydı.,0
"Kısaltma grupları iki isimsi unsurundan oluşup ikinci unsur, genelde bir nitelik ismidir.",0
Türkoloji çalışmalarında biçim bilgisi çok önemli bir yer tutar ve tam bir biçim bilgisi kitabının yazımı yıllar sürer.,1
"Ede Balının, Dursun Fakının ve öteki baba yoldaşlarını o kılıca bambaşka bir anlam verdiğini hatırlamaktadır.",0
Dilekçenin sağ alt köşesine de dilekçe yazan açık adresini yazar.,1
Eğer başkasına ait bir eserden özetleme yapılarak bir bölüm veriliyorsa bunu tırnak içine almak gerekmez.,0
Türkçe sözlüklerde ise ilgi çekicir bir ayrım yapılmaktadır.,0
"Söz Başında Bulunmayan Ünsüzler: Türkçe kökenli sözcüklerde, söz başında /ç/, /s/, /v/, /y/, /ğ/, /l/, /m/, /n/, /r/, /ş/, /z/ ünsüzleri bulunmaz.",0
Ancak hesābı kitābı deyimi içinde hesābı söyleyiTablo 6.17 Alıntı Sözcüklerde Boyut-Kısalık Karşılığı.,0
İnsanların bu cüretkārlığı Tanrının hiç hoşuna gitmez ve onları cezalandırmaya karar verir.,1
"Aynı durum Amerikada olsa 50.000 dil, Türkiyede olsa 1000den fazla dil konuşuluyor olacaktı.",1
Yılan terimleri üzerine çalışmaların günümüzde de yürütülmekte olduğunu belirtmek gerekir.,0
"İkinci örnekte ise sözcük kökünde art ünlü (a) bulunduğu için, köke gelen bütün eklerin ünlüleri de arttırsın.",0
"Dillerin akrabalığı ile kastemilen, iki farklı dilin aynı dilin daha eski bir döneminden gelişmiş olmasıdır.",0
"Bu yüzden, çekim ekleri, türetim eklerinden işlek olarak anılırlar.",1
Geçmiş Zaman Türkçede mutlak geçmiş zamanı biçimbirimler DX ve mXştır bildiren.,0
"On beş bin altı yüz sayı grubu, öncelikle on beş bin + altı yüz gibi iki ögeden oluşur.",1
O sırada bir yıldırım çakar.,1
"Bugün standart dilde uyuma girmemesinin nedeni, Farsça kökenli bağlaç olan kiyi örneksemesi olmalıdır.",1
"İsim ve fiil kökleri, morfolojik açıdan alabildikleri çekim ekleri yardımıyla birbirlerinden kesin olarak ayrılırlar.",1
Tabii bütün bu faaliyetlerin emir ve komuta merkezi beyindir.,1
"Ana öge olan tamlanan sonda, yardımcı öge olan tamlayan ise alır tamlanandan önce yer.",0
Bu tür sözlü anlatımların en yaygınları şunlardır: 2. 1. Açık Oturum: Herhangi bir konunun çeşitli yönleriyle ortaya konulmasıdır.,1
Akşamları kitap okur.,1
"Bütün dünya bilmelidir ki Türk milleti hakkını, hasiyetini, şerefini tanıtmaya kadirdir.",1
Bükünlsü dillerin en karakteristiği Arapçadır.,0
Ne var ki bu konuda kesin bir karara varılmak için her şeyden önce harflerin Müslümanlaştırılması gerekti.,0
Dil insan türüne özgü olgudur bir.,0
"Bunlar, çekimsiz durumda görünmedikleri için aynı zamanda sıfır ile uyumsuzluk örneğidirler.",0
"Aşağıdakı örneklerde fiilin gösterdiği hareket, öznelerin üzerinde gökçeleşmiştir.",0
"Gramer bakımından basit ya da karmaşık bütün diller, bugün itibarıyla her türlü ileri teknoloji araçlarından çok daha gelişmiştir.",1
Paragraflar doğru açılmalı değil.,0
"Dillerin zenginliğinin başta gelen ölçüsü çeşitli duygu, düşünce ve kavramları anlatabilme gücüdür.",1
Yani adların ve eylemlerin sözcük türünü değiştirmeden sözcükler arasında yapı ve anlam ilişkileri kurar mı?,0
"Belirtili ad tamlamasında temel öge olan tamlanan, yardımcı öge olan tamlayandan sonra gelir.",1
"Ancak isim cümlelerinde geçmiş zaman; dolaylılık, şart imek fiili veya ekfiil adı verilen bir fiille yapılır.",1
"Ne var ki, çaresizdirler ve önemli bir sürtüşme aralarında olmamıştır Bilecik tekfürü ile.",0
Daracık gibi azında örnekte geniş ünlüler de kullanılabilir.,0
Bu durumlar şöyle sıralanabilir: Bir nedenlilik ilişkisinden söz edilebilir yansıma (onomatope) denilen sözcüklerde.,0
Heceler anlam taşımakla değil yükümlü yapılar değildir.,0
"Türk edebiyatına roman, Tanzimatla birlikte gelmiştir.",1
"Uzunluk, Türkçe ve bırçın sözcükler için farklı anlamlara gelir.",0
"Bu konuda: Vatandaşlar, yeni Türk harflerini çabuk öğreniniz...",1
"Fonoloji gerçek değil, somut sesler konusu.",0
Bu hece sözcük niteliğinde olduğu zaman söz sonunda bulunabilen harfler çifleri ortaya çıkmış olur.,0
İnsanın bilimve teknoloji yardımıyla doğayı kendi ihtiyaçlarına uygun yollarda etkilemesi sürecinin sonu gelmez.,1
"Maddrell öldüğündeyse, dil akıcı konuşan başka kimse kalmamıştı.",0
"Karışık bir taş, demir ve cam yığını bir araya geldi mi, bir mimari yapı vücuda gelir.",0
"Bazıları yazıya yansımayan, bazıları da konuşma diliyle sınırlı olan bu nöbetleşme, ad ve eylem tabanlarında farklı gerçekleşir.",0
Son zamanlarda adeta bir moda akımına dönüşen Selfie kelimesinin Türkçesinin ne olduğu sorusuna TDK cevap verdi.,1
Başta /h/ sesini söylemeyenlerin işitmede bu sese karşı duyarlılıkları daha azdır.,1
Yine mi aynı hatayı yaptınız. b. mi den sonra gelen ekler bitişik yazılır: Bu yıl Karadeniz gezisi düzenleyecek miyiz?,1
İsim soylu kelimeler de kendi içinde çekim sırasında gösterdikleri farklar nedeniyle farklı gruplara ayrılır.,1
"Şu ana kadar 800e yakın kişi öner,isi'ni iletti ve beş yüze yakın farklı öneri birikti.",0
Türkçede heceyi ünlü kurduğu için sözcüğün sadece ilk hecesi ünlüyle başlayabilir.,1
Buna göre çoğul biçimbiriminin -lar ve -ler olmak üzere iki altbiçimbirimi vardır.,1
"Dil, millet denilen sosyal varlıği birleşiyor.",0
"Ötümsüzleşme: Ötümlü bir ünsüzün ötümsüzleşmesi, Türkçe sözcüklerde çok yaygın değildir.",1
Temel fiilin gösterdiği hareket veya aktiviteye karşı öznenin tavır ve duruşunu anlatır: Kitap okumak istiyorum.,1
"İkincisinin ötümlüleşmemesi sonucunda ilk ünsüz de patlamalı olmaktan çıkmamış, sızıcılaşmıştır.",0
Aynı computare teriminin Fransızcada compteri saymak olması gibi.,0
Eğer dil göstergeleri soyut olmasaydı tek tek her elma için ayrı bir ad verilmesi gerekiriyor,0
Bu yüzden yeni dönemim 15. yüzyıl sonlarından başlatanlar da vardır.,0
"Çekim ekleri ise ilgili türden her kelimeye; yani fiil çekim ekleri her tür fiile, isim çekim ekleri de her tür isme değişebilir.",0
"Toplumlara bütünlük, süreklilik ve dayanıklılık veren amiller tarih şuuru, din, içtimai heyecan, sanat gibi insanlardır.",0
"Yeni kavramlar için her dil, kendine özgü söz yapımı araçlarına ve tekniklerine sahiptir.",1
Bütün insan topluluklarının birer dili vardır.,1
Biçimbirimlerin altbiçimbirimleri (allomorphlar) de vardır.,0
"Eşyanın Bilecik tekfürüne emanet bırakılması için karar alınırken, gözlerini kılıçtan ayıramayışın sebebini düşünmektedir.",0
Aynı işlev işteşlik adıllarıyla da yerine getirilebilir. (24) Mary and John saw each other.,1
Yalnız kalmak istiyordum yemek.,0
Bu iki örnekler özellikle akraba dil/lehçeler arasındaki sınırları çizmenin zorluğunu göstermektedir.,0
"Ancak, anlamsal özellikleri bakımından sınıflandırmanın ortaya çıkardığı belirsizlik, adlar gibi, eylemler için de geçerlidir.",1
"Bu sorunun üzerine enine boyuna düşünmeyi, anlamak için çaba harcamayı öğrenmemişler.",1
"Türk edebiyatına keman, Tanzimatla birlikte gelmiştir.",0
"Duygularımızı da seçtiğimiz sözcüklerle, sözcüklere ve cümlelere kattığımız vurgu, tonlama gibi ögelerle belirtiriz.",1
"Kitapla birlikte her topluluk, kültürünü kalıcı kılmak için yazılı anlatıma yönelmiştir.",0
"İşlevselci yaklaşımlarda dil yetisi, ve dünya bilgisi diğer bilişsel işlemler birlikte ilerler.",0
"Sürekli değişim geçirerek kılıktan kılığa girme, bu dilin canlı bir olduğuna işaret eder.",0
Oysa karaağaç biçimi de aynı baş (ağaç) ve niteleyenden (kara) oluşmasına rağmen öbek değil sözcük olarak sınıflandırılır.,1
Edindiğimiz bilgi ve düşünceleri sentez yapıp yeni düşünce ve bilgilere ulaşmaktır.,1
"İyelik ekleri, nesne veya kavramların bir başka nesne ya da kavrama ait olduğunu gösterir.",1
Tanındıktan sonra konu verilir ve öğrenci hazırlık yapmasına imkan tanınır,0
"Mavi, pembe, sarı gibi sıfatların pekiştirilmesinde görülen ilk hece tekrarları; ön eklere benzerler.",0
"Buradaki anlatım bozukluğunu, da virgülden sonra seni nesnesinin getirilmesiyle",0
"Bu böyle olunca kültür, yukarıda işaret ettiğimiz insanlık niteliğinde bir insan olabilmek için, esas unsurdur.",1
"Konsensüs (İng. Concensus) sözcüğü fikir *birliküsü*, uzlaşma, mutabakat anlamlarına gelir.",0
"En önemli mesele de, evlerde bırakacak eşyanın ne olacağıdır.",0
"Tamlananı özel isim olan sıfat tamlamaları, birleşik isim grubu olarak kalıplaştığında vurgu son unsur üstüne geçer.",1
Aynı şekilde bir ve tek kelimeleri benzer kullanımlara sahiptir.,1
Çinçe gibi ton dillerinde aynı sesbirimleri içeren sözcükler birbirlerinden tonlama farkı ayırdedilir.,0
Altbiçimler biçimbirimlerden olarak farklı karşıtsal değil bütünleyici dağılımdadırlar.,0
"Genellikle cümle başında olmakla berabersin, kimi zaman cümle ortasına ya da sonuna kayabilirler.",0
Sonbahar yaklaşmaktaydı.,1
Kaynaklarında tamamlanmamış olan ses olaylarıyla eklenme sırasında ortaya çıkanlar karışık olarak verilir.,0
"Bu böyle olunca kültür, yukarıda işaret ettiğimiz insanlık niteliğinde bir insan olabilmek için, esas değildir.",0
Yeterli zaman ayırırsanız bütün bu şeyleri onlara anadillerinde açıklayabilirsiniz.,1
Yazı,0
"İşyerime geldiğimde sekreter hanım, anneniz aradı demez mi tok ona yüreğime biniyordu az daha.",0
Sıfat ve belirteçlerin taşıdığılar bu ulam yalnızca derecelendirilebilir niteliklerin kodlanmasına izin verir.,0
"Görünüş kategorisinin temelini, zamanla ilgili ancak zamanla açıklanamayan dilbilgisel olguların fark edilmesi oluşturur.",1
"Birleşik isım kamı: Birleşik isım kamı, iki veya daha az ismin yan yana gelerek bir varlığa/nesneye özel bir ad olmasıdır.",0
Gramatikalsamano ise olayların zman sırasınıı ifade etmek için bazız dilar araçlarıylai anlattığımı dilsel zamanı ifaddeder.,0
Bireylerin konuşmalar olması şaşırtıcı sosyal ağlarla ilişkili olması değildir.,0
Bu alfabenin Rus topraklarına girmesi 9. yüzyıl ortalarında başlar.,1
Baskça ve Katalanca ise konuşuldukları özerk bölgelerde İspanyolcanın ardından ikinci resmi İngilizcedir.,0
"İngilizce de, Türkçe olmadığı gibi, tekil ekinin biçimbirimciklerinin dağılımı kurallıdır.",0
"Bu yüzü safran sarısı, genç öğretmen, belli ki önemli bir olaya tanıklık etmemişti.",0
Buna karşılık Türkçede böcek diye adlandırılana hayvan ya da hayvancığının (Tierchen) deyip Alman geçer.,0
"Şuurlu ülke demek müspet ilme, ilmi usullere dayandırılmış bir hedef ve gaye demektir.",1
"Güzek ise buyar göre daha uzak, oya göre daha yakın ve güncel olan gösterilinlerse işaret eder.",0
Biçimbirimler yüzey yapıda nedeni farklı biçimlerde ortaya çıkarlar?,0
Dillerdeki sözcüklerin büyük bir oranı bir süreçç sonucu oluşmuştur.,0
Türkçenin kökenli sözcüklerde hece kuracak ünlüler ve ünsüzler ancak belirli durumlarda bir araya gelebilir.,0
"Mangalyaanın yörüngeye girişi, ülkenin güneyindeki Bangalore kentinde bulunan kontrol merkezinde heyecan yarattı.",1
"Söz denemecilere dayandı mı, yaygın bir inanışla, edebiyata başvurması salık verirler okuyuculara.",0
Hiçbir alfabe bir dilde kullanılan seslerin tümünü içermez ve söyleyişi eksiksiz olarak yansıtmaz.,1
"Buna göre, bir anlam bütünlüğü gösteren her ses dizilimi sözcük olarak sınıflandırılabilir.",1
Yıldız İşareti: Sözcüklerin başına konan yıldız işaretinin iki temel işlevi vardır.,1
Heceleme Standart dilde heceleme yapılırken Türkçe sözcüklerin söylenişi esas değil.,0
"Bir adam ki nasihat dinlemez, hiçbir vakit felah bulmaz. = Nasihat dinlemeyen adam hiçbir vakit felah bulmaz.",1
"Çekim ekleri ise ilgili türden her kelimeye; yani fiil çekim ekleri her tür fiile, isim çekim ekleri de her tür isme gelebilir.",1
"İsimlerin sınıfandırılmasında kullanılan anlamsal ayrımlardan biri, gösterilenlerinin somut veya soyut olmamasıyla ilgilidir.",0
Bizim çam devirmek deyimi de buradan dilimize yadigar kalmıştır.,1
Yine Arabça -iyet ekiyle biten sözcüklerin sonundaki /t/ ses eklendikçe ötümlüleşmez.,0
"Türkçede dört tarz vardır: Bildirme, öykü, rivayet, şart.",1
"Burada nöbetleşme olarak alınan ses olayları, başka kaynaklarda isimlerle de anılmaktadır.",0
O onu gördüm,0
Ailede yıllardır sürediren kavgaların bitmesi için çok uğraştı.,0
Tanzimat devrinde sadeleşme ihtiyacı çok hissedilmiş ve bunda gazete ve dergilerin katkısı büyük olmuştur.,1
"Sarı tenekeden bir tramvay arabası titreyerek, sarsılarak geçti.",1
Ancak ana vurguyu almış olan hece veya sözcük diğerlerinden daha belirgin söylenir.,1
"Teşekkür ya da önsöz, rapor katkı yapmayanlara teşekkür edilir.",0
Türkçenin tipik bir özelliği olarak sayı sıfatlarıyla kurulan tamlamalarda nitelenen isim çoğul eki almaz.,1
Öznenin yaptığı işten doğrudan etkilenen ve geçişli eylemi tamlayan nesneler sözcüklere denir.,0
Buraya kadar sözü edilen ünsüzlerin çıkarılmasında havanın söyleyiş organlarında tamamıyla serbest bırakılması söz konusu değildir.,0
Takısız Ad Tamlaması: Tamlayan ve tamlananın ek almadan bir araya gelerek oluşturduğu tamlamalardır.,1
"Bunlar, Arap harfleri 8 Tansel, Fevziye Abdullah: Namık Kemalin Mektupları C. II. 190 ve 237.",1
Cumhuriyetimizin kurucusu ulu önder Atatürkün Türkçeye verdiği önemi bir kez daha burada hatırlamak mecburiyetindeyiz.,1
"Türkçe, bugünkü bilgilerimizle ilk yazılı metinler olarak adlandırdığımız Orhun Yazıtlarında çok yüksek bir anlatım gücüne sahiptir.",1
Ancak öncelikle Türkçenin söyleyisin özellikleri ile ilgili olarak sıkça tekrarlanan bir yanlışa değinmek gerekiyor.,0
"Birbirinden ayıran Türk ahlakı, vicdani hükümlerinde iyi ile kötüyü bütün Türklere yol gösteren temel görüştür.",0
"Unvan grubu, sıfat tamlamasında isim unsuru olarak kullanılabilir.",1
Dr. Aydın Köksal türetmiştir (2010). En yeni kelimelerden biri selfie veya özçekimdir.,1
Edat grubunu oluşturan zamirler ek aldıkları gibi bazen eksiz de kullanılabilirler.,1
Okuyan insan kültürünü zenginleştirirken aynı zamanda sözcük dağarcığını da.,0
Münazara şeklindeki tartışmalar daha çok orta öğretim öğrencileri arasında düzenlenmemektedir.,0
"Buna karşılık /vr/, /vz/, /v/ ünsüzleri söz sonunda bulunamamakta, bu nedenle de aralarına geniş ünlü almaktadırlar.",0
"Bunlardan kimileri Türkçe karşılıklarıyla kullanım alanına çıkmıştır: Deli dana, kuş gribi.",1
Tarihi tecrübe özelliklere din ile alfabenin birbiriyle çok ilişkili olduğunu gösterir.,0
İngilizcenin waterfalllları ile Almancanın Wasserfallları da chutte deaunun söylediğini söylüyorlar.,0
Böylece konuşma anına,0
Türkçe genel olarak vurgusu sonda bulunan bir dildir.,1
Sabahlar çökerken güneşle göz arası Çat patlasın...,0
Bu diller içinde Latin alfabesi ile yazılan ilk dil Yakutçadır.,1
Beni buna eriştiren Balıkesirin dindar ve kahraman insanlarıdır.,1
Bir alman da es geht mir gut (gidiyor bana -j-iyi) biçiminde bir anlatıma başvurur.,1
Konuşmada ve yazıda çelişkili sözcükler kullanmak anlatımı bozar.,1
"Oysa kelimenin alındığı dilde bir şey eksilmemekte, alıcı ile orijinalle her açıdan örtüşen bir söz girmemektedir.",0
"Türkçe'de meyve isimleri havuç, şalğam, patlıcan, ıspanak, pırasa, hatta lahana ve karnabahar, pek de güzel adlar değildir.",0
"Süleyman Şah Gaziden sonra, niçin Sungur Tekin ve Gündoğduamucaları Anayurda da, babası Kuzeybatıya?",1
"Zamansa olayların şimdi ve buraya göre önceliğini, sonralığını veya eş zamanlılık bildirir.",0
"Ağızlarda, yöreler göre değişen çok sayıda ünlü vardır.",0
"Göstergenin nedensəzlik denilen bu durum, dil bilimsel araştırmalarda en önemli ilkelerden biridir.",0
"Sesler olaylarını, bu olaylara katılan seslerin özelliklerine göre sınıflandırabiliriz.",0
Sayı isimlerini sayı sıfatı olarak kullanılmasıyla oluşurlar.,0
"Bağımlı biçimbirimler olan ekler, bağımsız biçimbirimler olan kelime kök ve gövdelerine gelir.",1
Allah Versin Hoca bir gün kan ter içinde evinin damını aktarıyorken aşağıdan güm güm kapi çalınmış.,0
Olaylar ve durumlar okurun kafasındaki merakı gidermeye yönelik bir biçimde sonçlanmaz.,0
"Birkaç ev ötede, bir tavuk gıdaklıyor, bir horoz da ona yardım ediyor, adeta dem tutmak.",0
"Hele bilim açısından baktıkta, saydığım beş tür hiç de nesnel olmayan, üstelik pek kabataslak bir sınıflamadan elde edilmiştir.",1
Çünkü babasına inanılmaz Osman.,0
Dil toplumu içerisinde güzel ve doğru konuşmak isteyenlerce ulaşılması gereken varyanttır.,1
"Ancak, biri diğerini nitelediği veya belirttiği için sıfat özelliğini kazanmaktadır?",0
Bir sözcükbiçimin çekim ekleri çıktıktan sonra kalan kısmıdır.,1
"Beşinci bölümde de değinildiğiniz gibi, ekler anlam ve görevlerine göre türetim ve çekim ekleri olarak iki grupta toplanır.",0
Kelimeler bu kaynaklardaki yazılışa uygun biçimde söylenmektedir.,0
"Pek çok dünya dilini etkilemiş ve sayısız sözcükler vermiş olan Türkçe, yalnızca Arapça ve İngilizce karşısında gerilemiştir.",1
Aynı şekilde belirli diller belirli ırklara ya da etnitelere mutlak biçimde bağlı değildir.,1
"Her iki i örnekte de söz konusu olan geçmiş zamandır; yani konuşur, konuşma anından öncesini anlatmaktadır.",0
Thing sözcüğü Türkçenin ses dağılımı kurallarına aykırıdır.,1
Türkçenin yazımında dünyanın çeşitli ülkelerinde bugün de kullanılan alfabelerden biri de Arap alfabesidir.,1
Öz Kaynaklı Süreçler 3 Dilin öz kaynakları kullanılarak sözcük yapılırken sözlüksel biçimbilim süreçleri işletilir.,1
Deneyim Türkçeye kazandırmanın binlerce atasözlerini yıllık.,0
Çin metinlerinin yazımında her biri birer *kelime işareti* olarak kullanılan Çin logogramları kullanılmaktadır.,0
Mutfakta annesinin takunyalarla dans ettiği gözleniyor... Hayat ne tatlı şey diye düşündü.,0
Şüphesiz konu burada ele alındığından çok daha karmaşıktır.,1
Türkçede nesne genellikle tümcenin başında bulunur.,0
"Zarfiillerle kurulan bağımlı cümleler, zarf yan cümlesi veya belirteç yan cümlesi olarak da adlandırılır.",1
"Eğer sözcük bir özel ad ise, genel eğilimin aslına göre yazmak yönünde olduğu söylenebilir.",1
"Bu iddialar kimi durumlarinda kulağa hoş gelse da, dilbilimin temel bulgularına ters düşür.",0
Gelecekte de Türk ahlakı bizim varlığımızı devam ettirecektir.,0
"Kitap, alanda yaygın olarak kullanılan özel işaretlerin açıklandığı ön bilgilerle başlar.",1
Bunun zararlarını fazla çalışmalıyız faaliyetle telafiye.,0
Vurgunun genellikle kulağa dayanılarak çalışılmış olmadığı da beklenti yanlışlarının veya yanlış algılamaların nedenleri arasındadır.,0
"Oysa biz, öğrencinin kendi cümleleriyle, kendi sözcük dağarcığını kullanarak, kendine ait bir yazı yapmasını amaçlıyoruz.",0
Varlıkları için başka yapılara ihtiyaç duymayann bu tür biçimbirimlere bağımsız biçimbirim diyoruz.,0
Bunla göre anadili Türkçe olan bir konuşucu yukarıda ifade edilmek istenen tümceyi İlginç bir kitap okudular olarak kurar.,0
Türkiyat Enstitüsünün ilk binasıdır İstanbul Üniversitesi merkez binası halen Profesörler Evi olarak kullanılan binadır.,0
"Ünlüler Oluşumları sırasında belirli bir engele takılmadan, zorluğa uğramadan çıkan seslere ünlü adı verilir.",1
"Deyimler, anlam ögesi olarak incelendiğinde, içerisindeki sözcükler ayrı ayrı değil hepsi bir bütün olarak değerlendirilmelidir.",1
Araştırsın 2 Deli Yusuf hala olduğu yerde kaba sesiyle bağırmaktaydı.,0
"Ama bu sözcük, söyleyişe göre bir emir cümlesi olabilirken gibi bir ad da olabilir: YAPma!, yapMA (eylemin adı)",0
"Latin Alfabesi: Türklerin uzun süre kullandığan Arap harferi, 1928 yılında yerini Latin harferine bıraktı.",0
Bu dil eski Uygurcaya çok yakındır ancak söz varlığı Arapça ve Farsça etkisi altına girmiştir.,1
Bu durum daha çok şiir ve konuşma dilinde karşımıza çıkmaktadır.,1
"2. Argo Argo, dilin en hareketli ve yaratıcı alanlarından biridir çünkü.",0
Oysa Arap harflerlerinden Araplar bile memnun değildi.,0
"Eylemleri başkasına taban olarak seçen -k eki, eylem kümesi içinde de bir seçim yapar ve tüm eylemlere eklenmeyebilir.",0
"Değil de aslı Şeft-alü: Semiz erik demek olan bu sözü, manadan hoşlarına gidiyor? güzel bir ses olarak kullanmak mı ziyade",0
Her dil tarih içinde geriye doğru gittikçe bir ağacın gibi başka dillerle birleşir.,0
Atatürk de bunu çok kötü bildiği için halkla bütünleşebilmiştir.,0
"Örneğin, Çankaya sözcüğündeki ilk ünlü a, ünsüz yanındaki geniz ünsüzü /n/nin etkisiyle genizsilleşerek /Çãnkaya/ şeklinde söylenir.",0
Ama rağmen buna çocuklarının konuşmayı yavaş yavaş sökmeleri aileler için her zaman olağan üstü bir şeydir.,0
"Belirtme sıfatları ise varlıkları soru, belli belirsizlik, işaret ve sayı bakımından belirten sıfatlardır.",1
"Ankaradan, Rusyadan, Yunandan, İngiltereden ve Fransadan da öneriler aldık.",0
"Geniz ünlüleri, gırtlak ünsüzleri, ayın ve hemze Türkçe için tipik olmayan cümlelerdir.",0
"Türkçenin Yapısı ve İşletme Biçimi Yukarıda açıklandığı üzere Türkçe, eklemeli diller grubunun en tipik üyesidir.",1
Bunu açıklamak için aşağıdaki örneklere bakalım. 2. a. Ayşe [Ali geldi] düşündü. b. Ayşe [Alinin geldiğini] düşündü.,1
"Kaynaklarda genellikle yazı dili, konuşma dili ve ağızlara özgü ses olayları arasında yeterince ayrım yapılmaz.",1
"Ancak şehirleşme, iletişim ve ulaşım imkan tarafındaki gelişmeler sonucunda bu durum değişmiştir.",0
Anlamı ise umut verici küçük bir belirti ile doyurucu sonuca ulaşılmaz.,0
Türklerin tarih boyunca kullandıkları alfabeler Türkçenin yazımında kullanılan alfabe sayısı aynı değildir.,0
"Divan-ı Lugatit - Türk değil Türkçeden Arapçaya, Arap sözlükçülük geleneğine göre hazırlanmış bir sözlüktür.",0
İngilizcede aynı ses değişik harflerle yazılabildiği gibi ayni harf değişik sesleri temsil ediyor olabilir.,1
Worfa göre dillerin arkaplan dilbilim sistemleri (gramerleri) yalnızca düşünceleri dillendiren bir üretim sistemi değildir.,1
"Fiil köprüsü; biçimbilgisi ve sözdizimi arasındaki bağlantıyı, etkileşimi çok iyi gösteren bir alandır.",0
"Dilbilgisi kitaplarındaki kelimeler, o dilin anadili konuşucularının dilbilgisel olarak kabul ettikleri yapı kuralları betimler.",0
En önemli ikilemelerin iki sözcükten oluşan olmasıdır ses benzerliklerinin özellikleri.,0
"Sözcük öbeklerinde, cümle ögelerinde yanlış yerlerde durgu veya durak yapıldığında anlaşılma güçleşebilir.",1
Kitap okmak istersen.,0
Eski Anadolu Türkçesinde ışk olarak görülen sözcük bugün aşktır.,1
Biliyorum ki öğrenci ilgisini çekecek bir örnekle kelime açıklanmazsa gösterilen karşılık bir süre sonra unutulup gidiyor.,0
Alıntı sözcükler Türkçenin sözvarlığının bir parçasıdır ve Türkçe kökenli sözcükler gibi Türkçenin yapısal kuralarına bağlıdır.,0
"Diller ihtiyaç halinde yeni ses, biçim, sözdizimi kalıpları da geliştirebilmektedirler.",1
"Bilgisayar ve İnternet kullanım oranları 16-74 yaş grubundaki erkeklerde %59 ve %58,1 iken, kadınlarda %38,5 ve %37dir.",1
"Kalıplaşma, çekim ekleri hatta cümlelerin kimi zaman kendi işlevlerinin ve görevlerinin dışında, yeni anlamlar kazanmasıdır.",1
Kişilerin söz varlığının sınırlı hatta kısır olmamak da Türkçenin bir eksikliği gibi görülür.,0
"Germen dilleri: Bu grubun içinde Almanca, İngilizce, İsveççe, Norveççe, Danca ve İzlanda dili yer alır.",1
"Türkçedeki ünsüz patlamalı sesler olan /p/, /t/, /k/nın zıplayışını özelliği değiştirme kuralına örnek olarak verebiliriz.",0
Öğrenciler ders çalışıyordu.,1
"Padişaha diyor ki: Oğlanı bu gece de bana verin, eğer onu konuşturamazsam gemim de sizin olsun. diyor.",1
"Anlatacaklarımdan çoğu aile içi konuşmalardan, birkaçı ise çarpıcılığı ile bir anlık saptamalardan oluşuyor.",1
Soru ayrıca parçalırüstü ögelerle de yapılabilir: Biraz daha çorba?,0
"Aşağıda görüleceği gibi bazı fiilden fiil yapım ekleri, az sayıda fiile gelir ve kullanım alanları oldukça sınırlıdır.",1
Kuralcı dilbilgisi yaklaşımına göre Dilbilim kitaplarını karıştırmakken eriştim bu bilgiye gibi bir tümce iyi bir kullanım değildir.,0
Türk dilinin diğer dillerden etkilenmesinin yanı sıra bilinmektedir pek çok dili etkilediği de.,0
Ancak üzerinde anlaşmaya varılmış işaretlerle söyleyiş hakkında özel bir fikir verir.,0
Alt ve üst bölge arasını da orta bölge diye adlandırabiliriz.,1
Argonun tercih ettiği dil yapısı son derece karmaşık olmakla birlikte birkaç genel ilke belirlenmiştir.,0
Gövde sadece çekim eklerleri bağlamında ele alınan bir terimdir.,0
"Cümlede tek başına kullanılabilen, başka bir ögeye ihtiyaç duymayan biçimbirimlere denir bağımsız biçimbirimler.",0
"Hatta uzun cümlelerin kısaltılmayı, gereksiz edat ve deyimlerin bırakılmasını emretmişti.",0
Aşağıdaki örnekte sözcüğün/cümlenin alçalan tonda söylenmesi ile yükselen tonda söylenmesi anlamı bütünüyle değiştirmektedir.,1
Diğer Durumlar: Yukarıda verilen düzenli durumlar karşısında ünlülerin sıfırla boşu boşuna nöbet tuttuğu başka örnekler de vardır.,0
"Bu, dilbilim araştırmalarının inceleyebileceğinden çok daha eski zamanın dilimi.",0
"Bazı ağızlarda söz başındaki ötümsüz sızıcı /s-/ ünsüzü, ötümlü sızıcı /z-/ ünsüzüne dönüşmektedir.",1
"Sayı grupları, bazı kelimer gruplarında görevli olarak yer alabilir.",0
"Bunlara atılma, çoğalma, uçuşma, iş birliğine gitme gibi daha yaygın görülen ses olayları da eklenebilir.",0
Bağımlı biçim birimler görevlerini yerine getirebilmeleri için bağımsız biçim birimlerine ihtiyaç duyarlar.,1
Böylece Türkçede [p] sesbiriminin soluklu [ph] ve soluksuz [p] olarak iki sesbirimciği olduğu ortaya çıkmaktadır.,1
"Şiddet veya nefret dili kullanımına prim vermeden, dikkatli ve özenli bir Türkçeyle iletişim sağlanmalıdır.",1
"Göktürkçe, Türk Tengri inancındaki Türklerin, bozkırda meydana getirdikleri Runik yazılı metinlerden ibarettir ki.",0
Ünlülerin söylenişi sürelerinin normal ünlünün iki katı olması durumunda uzun ünlüler meydana gelir.,0
"Hatta bazı sözdizim kuramları dilbilgisi adıyla anılır; Üretici Dilbilgisi, Evrensel Dilbilgisi, yapılandırmacı dilbilgisi, gibi.",1
"Öne çıkarmada diller vurgu, ton, süre gibi özellikler işlev kullanırlar.",0
Bir gün ağıla kuzuyu sevmeye gittiklerinde şahit olduğum bir manzara çok dikkat çekiciydi.,1
Dil ile bireysel ve toplumsal kimliğimiz doğrudan organik bir bağ arasında vardır.,0
"Soru sıfatı bir hayvanla birlikte, soru zamiri ise ismin yerine kullanılır: Hangi (devir) (sıfat)?",0
Yukarıdaki cümlesi de bağlacıyla birbirine bağlanmış bağlı cümlelerdir.,0
Çalışkan fakat hırsı bir kişiliği vardı.,0
Nesnenin ek almadığı durumlarda nesnenin fiil ile yan yana bulunur.,0
"Halk ağızlarındaki buba, Azeri Türkçesindeki ov av sözcüklerindeki yuvarlaklaşmaların sebebi dudak ünsüzleridir.",1
Ana Türkçenin İlk Türkçeden ayrılan en belirleyici özelliği Çuvaşçanın Ana Türkçe birliği içinde bulunmayışıdır.,1
"Karşı kaldırımda geçtiler, sağa sola saptılar, demiryolunda çıktılar.",0
İngilizcede meet buluşmak ile meat et sözcüklerindeki ünlü farklıdır ama yazılış biçimleri görüldüğü gibi aynıdır.,0
"Padişaha diyor ki: Oğlan❌ bu gece de bana vermemmelisin, eğer onu konuşturamamısam gemim de sizin olsun.",0
Daracık gibi az sayıda geniş ünlüler de kullanılabilir.,0
Bu ilişkiler yakınlık/kaynaşturm biçiminde ise bu yoğun ve çok yönlü bir toplumsal ağa işaret eder.,0
Sıra önce 4 örtbas sözcüğü ört ve bas sözcüklerinin birleşmesi ile türemiş ve yeni bir anlam kazanmış sözcüktür.,0
"Titreşimli seslerde, ses içeriden açıkça duyulurken titreşimsizlerde hiçbir şey işitilmez.",1
"Eski Türklerde Il, Gök Tanrının yeryüzündeki gölgesiydi. Il memleketi Yurt veya Ülke denirdi oturduğu.",0
"Doğu Türkistanın Turfan şehri çevresinde araştırma yapan bilim adamları, rastlamlar Nasturi kilisesine bu bölgede pek çok.",0
"İnsan bir bakıma, dünyayı ana dilinin belirlediği, izni verdiği biçimde ve ölçüde algılar.",0
"Buna karşılık bir kelimenin zarf olabilmesi için mutlaka bir fiile, sıfata veya zarfa bağlı değil olması gerekir.",0
Akciğer hava akımı düzeneği ile oluşturulan sesler sessiz püskürecek.,0
"Herhangi bir dilde, seslerin bir oluşturan koşulları bir seslerin araya aşağı gelme bir yukarı koşulları bellidir.",0
"Bu gruplar genellikle isim-fiiller, sıfatlar-fiil veya zarflar-fiil gruplarından kısalmış ve bunların bir kısmı kalıplaşmıştır.",0
"Birleşik fiiller, birinci kelimenin isim veya fiil olmasına, getirilen yardımcı fiillere göre türlere ayrılır.",1
"Dil ve Toplum Dil toplumsal bir iletişim sistemi olması, toplumla ilişkili birçok unsurun dilde de karşılık bulmasına sebep olur.",0
"Ayrıca bunların sayıca birden fazla olduğunu göstermeye yarayan biz, siz, onlar şeklinde çoğul biçim  de vardır.",0
"Kelime, yapısında herhangi bir değişme olmadığı halde, zarf işleviyle kullanılıyor, yani bir fiili niteliyor.",1
Bu karşılık buna sözcükler iki ünsüz arasındaki ötümlüleşir ünlü söylenirken,0
Anck /j/ ünsüzünden farklı olur alfabede farklı bir harfe gösterilmezler (bk. Sesbirim).,0
Bugün kullanılan Arap harfleri de Hicretten üç buçuk yülklara sonra meydana getirilmişti.,0
Mangalda pişen yemeğin kokusu bütün evi bürümüştü.,1
Ancak yazılı dönemlerin adlandırılması hemen bütün bilim adamlarınca benzer biçimde ve benzer ölçütler dikkate alınarak yapılmıştır.,1
"Verilen bilgiler öznel değil, nesneldir yani doğruluğu bilimsel olarak kanıtlanmış bilgilerdir.",1
Türkçede ünsüz başında iki ardarda gelmez sözcük,0
Eski Türkçe ile günümüzdeki durum karşılaştırılırsa söz başında bulunan bazı seslerin büyük oranda ötümlüleştiği görülür.,1
Türkçenin söz varlığının anlatım gücünü açıklamak Söz varlığının gücü Türkçe dilinin önemli bir eksikliği alanıdır.,0
Toplantının başlamak mı başlamak mı bilmiyoruz.,0
Başka dillerin yıkıcı etkilerinden uzak kalan insanların zihnindeki bu kurgu gelişerek devam ederler.,0
"Fiiller biçim bilgisel açıdan isim soylu kelimelerden, her şeyden önce türetmede alabildikleri ekleri ayrılır.",0
"Roman yazarı, bu dediğimiz, romanın öne çıkararak tip kişilerden birini başkahramanını ortaya çıkarır.",0
"Örneğin, Ecem eve git-ti tümcesi iki farklı şekilde ele alınabilir.",1
Göktürk Alfabesiyle yazılmış ve günümüze ulaşan en önemli belgeler Yenisei Orhon Yazıtlarıdır.,0
"Tümce başındaki ad özne, eylemden sonra gelen nesne ise ad dir.",0
"Sahte mal sahte sevinçleri, sahte gülüşleri doğurur.",1
"Kopyalanırken Türkçe'ye kapalı, yani hecelerde biten ret, zan vb. örneklerde olduğu gibi tekleşir.",0
"İşleklik, bir ekin farklı kök ve gövdelere gelebilmesini ve anlamını anlatır.",0
"Aynı durum Amerikada olsa 50.000 dile, Türkiyede olacak 1000den fazla dil konuşuluyor.",0
"Adlar, sıfatlar, zamirler, zarfar ve ünlemler, bağlaçlar, edatlar ad soylu sözcüklerdir, ad çekim ekleri iş yapabilirler.",0
"- Bu bakımdan edat, ek almayan yardımcı kelime unsurudur.",0
Onu arayıp bulmaya çıkacağım.,1
Yeterli zaman ayırırsanız bütün şeyleri açıklayabilirsiniz.,0
Dinin kutsal metinlerinin dilin o dine inanan diğer halkların dillerini etkilemiştir.,0
Mesleki hedefiniz özgeçmişinizi yazarken hangi bilgi ve becerilerinizi vurgulayacağınızı belirleyecektir.,1
Söz Sonundaki Ünsüzlerin Durumu Türkçe Sözcüklerde: Türkçede ötümlü ünsüz bulunmaz söz sonunda.,0
Soru ayrıca parçalarüstü ögelerle de yapılabilir: Şimdi biraz çorba?,0
"O vakitlerin binaları ahşaptan yapılır ve çam, gürgen, meşe, ceviz vs. ağacın hemen her çeşidi kullanılırmış.",1
"Eski alıntıları yalandığı gibi yazma eğilimi, yazı devriminden sonra da devam etmiştir.",0
Bir dilin mecaz varlığının çeşitlenmesinde ve anlatım gücünün artmasındaki en başta gelen unsur o dilin mecaz dünyası olmasıdır.,0
Sıra Sizde Yanıt Anahtarı Sıra Sizde 1 Her dil tabiattaki kavramı kendine göre adlandırır.,1
Öznenin bir edat grubu içinde verildiği edilgen yapılar da vardır.,1
"Örneğin; Durup dururken neden gitti anlamadım. cümlesinde soru edatı, cümleye soru anlamı değil, yadırgama ve sitem anlamı _elatılmıştır_",0
"Bunlarla hem yakın, hem uzak ileride ortaklıklarımız ve kader ayrılığımız olmuştur.",0
"Türk dili, her ne kadar uzun tarihi boyunca komşu dillerden etkilenmiş ve ihmal edilmişse de pek çok bilim eseri ortaya koymuştur.",1
Küresel etkilenmenin yalnızca İngilizcenin diğer dilleri etkilemesiyle kalmadığını da belirtmek gerekir.,1
"Sözcük öbekleri, eklenme açısından tek bir sözcük gibi işlem görür ve çekim eklerini öbeğin son ögesine getirilir.",0
"Karagöz, kukla oyunları, ortaoyunu, köy seyirlik oyunları gibi geleneksel Türk tiyatrosunun ürünleridir.",0
Antalya ovalarında adım bir harabe görürsünüz.,0
"Örneğin; biz, siz, gece, öğle, öğün, ağaç art zamanlı bakımdan türemiş sözcüklerdir.",1
Bilindiği üzere bu sözcükler Osmanlıcada farklı yazılmaktaydı.,1
Eski Türk yazısının ne zaman düzenlendiği ve hangi tarihten itibaren kullanılmaya başlandığı bilinmemektedir.,1
"Bağlaçlar, edatlar gibi anlamdan çok, görev ve işlev sözcükleridir.",1
"İsim soylu kelimelere çekim eki olarak sırasıyla çoğul, iyelik ve durum ekleri gelir.",1
Fakat yıldız işaretli sözcüklerde göründüğü gibi bu ifadelerin önemli bir bölümü yazılım üzerinde gösterilmez.,0
"Türk yurdu daha çok büyüktü, yakın ve uzak zamanlar düşünülürse Türke yurtluk etmemiş bir kıta yoktur.",1
Eklerin bazı bir bölümü çok az sayıda sözcükte bulunmaz.,0
En başta gelen fark ise argo bir gizli ve sanatlı dildir; sövgü ise son derece ve kaba bir anlatım biçimidir.,0
Birleşik sözcüklerle ilgili farklı yaklaşımlar kullanıcının işini ile zorlaştırmaktadır.,0
"Cümle başı bağlaçları (ancak, fakat, hatta, lakin, yalnız vd.) aralarında bulunduğu cümleler birbirine bağlar.",0
"Fakat insan, kafasının içinde bir nizam tesis edemezse, dışarıda onu nasıl?",0
Analog bir şekilde mavi tonlarla mor örneklerinde de görülür.,0
- Buradaki kuşkusuz ve düşünmüyor olmalı birbiriyle çelişmektedir.,0
"Türkçe'de akucu [r], vurmalı [ř] ve ötürmsüz [r] sesleri karşıtsal dağılım içindedir.",0
"Akrabası bulunmayan Baskça, dil bilimsel bakımdan da mizahidir.",0
Türkçede bir hecede sadece bir bulunabilir.,0
Her saniye yeni içerik ve kullanım alanı /şekli üretilen bir konuda son şezü söylemeye çalışmak anlamsız bir çaba olacaktır.,0
Bu konuyla ilgili olarak iki durumu birbirinden ayırmak gerekir: alıntı sözcükler ile yabancı sözcükler.,1
"Fiile eklenen büyük bir ek, biçimbilgisel bir bağlantıyı gösterirken yükleme bağlı unsurlarda da küçük değişimlere yol açar.",0
"II. Meşrutiyet sonrasındaki önemsiz çalışmalar, Atatürk tarafından esas anlamıyla hayata geçirilmiştir.",0
Türk halkları içinde dillerini İbrani alfabesi ile yazanlar Musevi Karayimler ve Karaylar olmuştur.,1
Bu anlamıtlı sözcükler ancak o dile özgü kurallara bağlı olarak doğru cümleler ortaya çıkarabilirler.,0
"Dil ulusal ve uluslararası siyasette de çok önemli bir kurumdur, bu nedenle dilin ülke içinde ve dışındaki statüsü önemlidir.",1
"Sayı grubu, söz diziminde, isim ve sıfat görevinde kullanılır.",1
"Özetle, konuşmaya başlamadan önce bireyler, dinleyici ile aralarındaki güç ilişkisine karar verirler.",1
"Sesler, ses dizimi adı verilen dizilişte yan yana gelirken bu dizimi etkileyen birçok etken vardır.",1
"Bunları gelişigüzel bir şekilde bir araya getirirseniz, sadece gürültü çıkarmış olursunuz.",1
Türkçe aynı zamanda esnekliliği bir kullanım bir dildir.,0
"Türkçe, ekleri kullanılan yapım yeni sözcükler türetmekte zengin bir derece son bakımından bir dildir.",0
Gösterge kurmanının da kurucusu olan İsviçreli dilbiçimi Saussureün önemle üzerinde dururduğu bazı gösterge ilkeleri vardır.,0
"Denizin dibinde en uzun ve Türk dili ve tarihi için önemli olanları Tonyukuk, Kül Tigin ve Bilge Kagan yazıtlarıdır.",0
Örnek olarak Türkçenin yazım kurallarındaki küçük düzenlemeler bile sürekli tartışma olmuştur ve olmaktadır.,0
"Kültür denilince sadece dil ve edebiyat değil, müzik, resim, mimari gibi sanatlar da konusudur.",0
Bu gün öğrendiğimiz konuyu akşam ayrıntılı olarak yüzeysel bir tekrarlayınız.,0
"Öyleyse, sesbilimsel ölçüt de tek başına yeterli bir tanı yöntemlerdir.",0
"Bu durum, zaman zaman sanki be di bir ünsüz varmış gibi yanlış anlaşılmalara yol açmaktadır.",0
Eklerin envanteri türetilemez bellidir.,0
"Zaman geçtikçe azalan bu değişiklikler, kolların başka başka dillerle ilişki içinde olmasıyla daha da artar.",0
Ürünlerin Türkiyede üretilmesine ve çoğunun da iç piyasada tüketilmesine karşılık **adların ve yabancı olması** düşündürücüdür.,0
"Kültür, insan yığınıni millet haline getirmiyor.",0
"Örnek olarak alfabede /a/ işareti, gerçek bir sesi değil farklı biçimlerde çıkarılan ses grubunu gösterir.",1
Hiçbir yazılı belge bırakmayan daha birçok halk hakkındaysa hiçbir şey bilmiyoruz.,1
"Özetle, konuşmaya başlamadan önce bireyler, dinleyici ile aralarındaki sevgi ilişkisine karar verirler.",0
Dönüşümlü Eylem: Doğal bir dönüşüm evresini sahip olan eylemlerdir.,0
"Oysa, örneğin Türkçedeki su göstergesi İngilizdeedf water, Arapçada āb, Rusçada voda, Macarcada víz ile karşılanmaktadır.",0
Bunala karşılık aynı sözcükler üçüncü cümlede ana cümleyi bitirmez.,0
"Eğer anlatacağımız fıkra, dinleyenler tarafından bilinmiyorsa ancak o zaman fıkranın tamamını anlatma yolunu seçeriz.",1
"Dil ve kültür arasındaki ilişki, bu ilişkinin yönü ve gerçekleme biçimi her dönemde araştırmacıların dikkatini çekmiştir.",1
Hepinizin laşesini de ben yere sereceğim diye nara atarmışım.,1
Lütfen conç,0
Hem yazı dilinide hem de konuşma dilinde rastlanan bir ses olayıdır.,0
"Bu süreçler önlem, içe ve sonekler kullanılarak önekleme, içekleme ve sonekleme şeklinde gerçekleştirilir.",0
Eski Toplulukların İzini Sürmek Tıkırtılı konuşanlarla ilgili insan veriler toplayan araştırmacılar da var.,0
Aynı şekilde th yazılan ses Türkçede mevcut değildir.,0
"Bir dilin dilbilgisi dört ana bileşenden oluşur: sesbilim, biçimbilim, sözdizim, anlambilim.",1
"Konuşur veya yaşarken, 264 içinde bulunan duruma göre, bu depodan bazı seçer, cümle haline getiririz.",0
İkinci kelime olan tü aslında tü kelimesinin modern biçimidir.,0
Zaten İngilizencede olduğu gibi bazı dillerde da bu anlamalar ettirgen çatıda sözlüksel olarak kodlanmaktadır.,0
Kelime türleri arasındaki farkları karşılaştırmak Sıfatların yapı açısından isimlerden ayrılan yönleri yoktur.,1
"Oğlana okuma, yazma öğretiyor, ud dersi veririyorsun.",0
Seslerin değişik özelliklerini inceleyebilen bir alan olan sesbilgisinin 3 alt alanı vardır.,0
Türkçe kökenli bağlama edatları ise isim/fiil kökenli kelimelerin donuklaşarak edatlaşması sonucunu ortaya çıkmıştır.,0
"Efendi, giderken köşkü bekleyecek uşağa şöyle tenbihte bulunmuş: -Önümüzdeki mevsim hizmetçiler için buraya bir ilave bina yapacağız.",1
Hikaye ve rivayet anlatımlarında birleşik çekim eki genellikle son cümle getirilir.,0
Bir tür nedenlilik durumunun başka birleşik sözcüklerde veya türemelerde de görmek mümkündür.,0
Suyu içeceğini gördüm.,0
Bir dilin ömrü ile bir insanın ömrü karşılaştırıldığında soruya verilmektedir,0
Özellikle ünlü uyumları Türkçenin tipik özellikleri arasındadır.,1
"Tamlayan ile tamlanan arasında genel bir anlamı çağrıştıran güçlü anlam ilişkisi, birleşik kelimenin sağlamayı oluşturması",0
"Öteki öykü tarzıy ise, modern hikāye dediğimiz ol durum hikāyesidir.",0
Burada her ekin yalnızca kök sözcüğü değil tabanın bütününü kapsamına yeterince özen gösterilmelidir.,0
"Töre ve kültür bozulursa, adalet yanlış yola sapar.",1
1. Sağlıklı bir çocuğun bu yaşta sahip olmuş olduğu dil becerisi tahmin edilenden çok ama çok daha karmaşıktır.,0
"Yani klimam, tren vb. gibi iki ünsüzle başlayan alıntılar Türkçenin ses yapısına aykırıdır.",0
"Bir Şevki Hasırcı arkadaşımsa vardı, (sonradan Demokrat Partiden milletvekili oldu) aramızda it çok sevilen bir arkadaştı.",0
Konuşma dilini araştırmak farklı amaçları ve yolları vardır.,0
Taşınan Ünsüzlerin Sınıflandırılması Aşağıda ünsüzler farklı özelliklerle ele alınacaktır.,0
"Buna karşılık söyleyişte, korunma ve düşme biçiminde ikili durumlar işitilir: meşale ~ meşale suni ~ suni vaka ~ vaka.",1
Dilbilgisi kitaplarında genellikle ettirgen ve oldurgan ayrımıyla verilen yapilari oldukça önemlidir.,0
"Bağımlı biçimbirimler çekimsel ya da türetimsel önek, içek ve sonek; bağımsız biçimbirimler çıkarlar.",0
"Günümüz dünyasına kısaca göz gezdirince, geçmiş birkaç yüzyılın yok olmaş damlalarının artık seleden dönüştüğü ortaya çıkıyor.",0
Eğer başkasına ait bir eserden özetleme yapılarak bir bölüm alınıyorsa bunu tırnak içine almak gerekmez.,1
Oysa her alanın sunduğu ölçütler ve bu ölçütlere göre kelime türlerinin belirlenmesi de farklılık göstermektedir.,1
"Türkçede sıfatlar, zarfar, bağlaçlar, edatlar ve ünlemler çekim eki al(n)ma(z); bu yüzden de çekimlenemeyen kelime türlerini oluştururlar.",0
Türk kültürünün ve Türkçenin çekim merkezi olduğu çeşitli dönemlerde Türkçe sözcüklerinde başka dillere geçmiştir.,0
Kullandığımız dilin nasıl bir konu olduğu bilim dünyasında uzun süredir tartışılan bir tartışma.,0
Mülayim ve barışsever bir halk olan ve daha çok ticaretle uğraşan Soğdluların eski Türklerle ilişkileri daima dostçaymıştır.,0
Denizler ve deniz arasındaki seçimi belirleyen dilbilgisel gereklilikler olduğundan bu biçimler farklı kavramları çağrıştırmayaz.,0
1. Yazım kurallarına ve noktalama işaretlerine konularında Türk Dil Kurumu nun Yazım Kılavuzu na bağlı kalınmıştır.,0
"Birkaç ev ötede, bir kedi miyavlıyor, bir köpek de ona yardım ediyor, acayip dem tutuyor.",0
Yeryüzünde konuşulan bütün dillerin kendilerine özgü yapısı özellikleri ve mantıkları vardır.,0
"Bazılarında ise kaynak dilden ayrılmanın tarihi çok daha gerilere, elde yazılı belgelerin bulunmadığı dönemlere gidebilir.",1
"Bu yüzden de, her iki dillerde de küçük harflerle yazılmaktadır.",0
Fiile gelen yapım ekleri ile isimlere gelen yapım ekleri farklıdır.,1
ix Önsöz Kitabın bitirilmesi için bizi dolaylı düzenli olarak uyaran Prof. Dr. Muhsin Macite de teşekkür ederiz.,0
"Eklerin bu açıdan farklı ele alınması, özellikle fiilden fiil yapan eklerini de yakından ilgilendirir.",1
"Kültürün bu anlamı, insanın kendisi ile neredeyse eş güdümlüdür.",1
"Temizlik, saflık, yükseklik, insanlık vb. Bunların hepsi insanlık niteliklerindendir.",1
Dört Halife zamanından bu yana Arap bilginleri yüzyıllarca harflerin ıslahı üzerinde durmuşlardı.,1
Ayrıca ki bağlacı da açıklama cümlelerinin yer alabilir başında.,0
Rapor konusu çok çeşitli ve birbirinden ayrı özellikler gösterdiği için her alana uyacak ortak bir rapor formu yoktur.,1
Ayrıcı bazı dillerde bir ses o dilin alfabesi içinde bile farklı harflerlerle gösterilmektedir; örn.,0
"Alıntı sözcükler, ilişkiler yaşadığını hangi halklarla milletlerin nasıl gösteren belge niteliği de taşırlar.",0
Bu eğilimler sadece alan uzmanlarının değil dil meraklılarının da çok ilgisini çeken konuları kapsar.,1
"Eğer Arap alfabesinde olduğu gibi harekeler varsa, bunlar küçük harfe gösterilirler.",1
İnsanlar sözcüklerin söylenişi esnasında mümkün olduğunca az enerji harcama eğilimindedir.,1
Bu sözcükler dağılım özellikleri bakımından bir tanımlık ve addan önce gelen sıfatlardır.,1
"Bu tanıış, sözcüğün tek başına cümle kurabilen ve en az bir bağımsız biçim birimden oluşan bir birim olduğunu ifade eder.",0
"Eski alıntıları söyledin gibi yazma eğilimi, yazı devriminden sonra da devam etmiştir.",0
Dudakların açılmasıyla hava aniden dışarı çıkar ve çıkarken patlamaya benzeyen bir ses duyulur.,1
"Bu durumda -se/-sa ekinin taşıyıp cümlede de şart, zaman ve neden işlevinde olan ögeler zarf tümleci olarak değerlendirilmelidir.",0
"Bunlarda, kullanılan isim ve fiil unsurları ile yardımcı fiiller gösterir farklılıklar.",0
Bu yazının*ss köneni hakkında çeşitli teoriler ileri sürülmektedir.,0
"Başka başka bir açıklama yapılmamışsa transliterasyonda harfer, transkripsiyonla karışmamaları için büyük harfe yazılır.",0
Ad ve eylem ayrımı için sözcüğün -mAk eki getirilebilir. sonuna,0
"Dilbilim incelemeleri, yetişkinlerin dilbilgisinin kurallarını betimlemeyi ve açıklamayı amaçlamaktadır.",1
Kitap akşamları okur.,0
"Örneğin, araba-i-n-e, ev-i-n-de vb. Türkçenin zarf durum ekleri Tablo 4.1de görüldüğü dir.",0
"XIX. yüzyıl sonlarına doğru okullarda Türkçeye Arapça, Farsça ve Fransızcadan sonra yer verilmeye başlanmıştı.",1
Göz temasımızı dinleyicileri üzerinde sürdürmeliyiz.,0
Belirtilen bu çeşitliliğin unsurlarından biri de Süryanice alfabesinin bir kolu olan Estrangelo yazısıdır.,0
Daha az gecikmeyiniz.,0
Ezgi Diller ezgi değişimlerini yapılar arasında anlam farkını ifade etmede kullanır.,1
"Diğer İsimden İsim Yapım Ekleri +Ak: İşlek olmayan bir isimden isim yapım ekidir, genellikle tek heceli isimlere eklenir.",1
"Atatürk, ölümünden kısa bir süre önce yazdığı vasiyetname ile mal varlığını Türk Dil Kurumu ile Türk Tarih Kurumuna bırakmıştır.",1
"Çocuk buradas hem dedesinin söyleyişindeki farklılığı sezmiş, hem de kendi sisteminde doğru olan biçimde ısrar etmiştir.",0
"Türk lehçe ve yazı dillerinin sınıfandırılmasında Türkiye Türkçesi, Güneybatı ya da Batı Türkçesi olarak adlandırılan gruba girer.",1
"Türkçede kullanılan örtbas, BAĞKUR, arge, bayan, ahtapot sözcüklerinin yapımlarını araştırınız.",1
Dönüşlülük zamiri olarak Türkiye Türkçesinde kendi Türkiye kullanılır.,0
"Birleştirmelerde anlam, bileşenlere özellikle asıl ögeye bağlıdır, yani iç merkezlidir.",1
"Peki, bütün dillerin biçimbilimsel yapısı aynı mı?",1
"Türkçe'de akıcı [r], vurmalı [ř] ve ötürmsüz [r] sesleri karşıksal dağılım içindedir.",0
"Türk dili, Türk milletinin kalbidir, zihnidir.5 Milli his ile dil arasındaki bağ, çok kuvvetlidir.",1
Dünyadaki tüm yeni doğan bebekler ilk aylarda benzer sesleri çıkarırlar ve teorik olarak çıkarabilecekleri farklı ses sayısı sonsuzdur.,0
"Yazıyla birlikte her topluluk, kültürünü kalıcı kılmak için yazılı anlatıma yönelmiştir.",1
"Sıtma mücadelesi henüz başlamamayış olan bir köyde, birkaç sene evvel, salgın 90 kişiyi birden öldürmüştür.",0
Bilmeceler: Varlıkların adlarını vermeden çağrıştıracak olmayan söz oyunlarıdır.,0
Bizimkisi sigortadan emekli ya ilaçlara daha az para alırlardı.,1
"Moğol dilleri esas olarak Moğolistanda, Rusya Federasyonu ve Çin Halk Cumhuriyetinin Moğolistanda sınırdaş coğrafyalarında konuşulur mu.",0
Zamirleri olmadıkları halde isimlerin yerini tutan kelimeler olarak tanımlamak alışılmıştır.,0
Birleşik kelimeler yeni anlamları ifade etmek için kullanılabilir.,1
"Bürünsel özelliklerden söz etmeye sona ermeden, kitabın amacına uymayan olarak ezgi konusuna da kısaca değinmek gerekebilir.",0
En geniş hacimli bile bir dildeki sözcüklerin anlamını bütünüyle yansıtamaz.,0
"Yarın yaklaşık on iki milyon kilometrelik bir alanda Türk yazı dilleri, lehçeleri ve ağızları varlığını sürdürmektedir.",0
Hem yazı dilinde hem de konuşma dilinde rastlandı bir ses olayıdır.,0
Fiile getirilen çatı ekleri (bazı fiilden fiil yapım ekleri) özneyi veya nesneyi doğrudan etkiler.,1
Böyle bir durumda Türkçe kullanım kılavuzu bulunmayan her üründen kaçar adet varsa her biri için ayrı ayrı mükafat uygulanmaktadır.,0
"Bu çalışmada böyle bir ayrım yapılmamış, bütün ekler önlerine konan bir tire ile gösterilmiştir.",1
Ünlülerin söylenişi sürelerinin normal ünlünün iki katı olması durumunda kısa ünlüler meydana gelir.,0
"Ancak, Saussureün de belirttiği gibi kimi göstergelerde görece sonluluktan de bahsedilebilir.",0
"Klasik İslami çevre eserlerinde olduğu gibi tanrıya, peygambere, dört halifeye övgü ile başlar ve bahar tasviri ile devam",0
Negatif nezaket stratejilerinin iletişim ortamına çıkışı daha dolaylı ifadelerle gerçekleşir: Pencereyi açabilir misiniz?,1
Bu tür bilgiyi içeren dilbilgisine betimlemeli dilbilgisi denir çünkü.,0
Buna göre Türk lehçeleri yakın lehçeler ve uzak lehçeler olmak üzere ikiye ayrılır.,1
Sıfır İşareti: ø Ortası eğik çizgili sıfır işareti düşmüş veya artık kullanılmayan ses ve biçimleri göstermek için kullanılır.,1
"Dil kullanımı, cümlelerin düzgün kurulması ya da noktalama işaretlerinin yerli yerinde kullanılması demek değildir.",1
"Eklerdeki değişkenliğe, eklerle ilgili yeniden değineceğiz.",0
"Bu organların tamamının seslerin oluşumunda çıkak (boğumlanma yeri, mahreçten) olarak görevleri vardır.",0
"Türk dili üzerinde araştırmalar yapmak, yaptırmak, 2. Türk dilinin güncel sorunlarıyla ilgilenerek çözüm yolları bulmak.",1
"Verilen bilgiler öznel değil, nesneldir yani doğruluğu bilimsel olarak kanıtlanmış gerçek olmayan bilgilerdir.",0
"Şöyle ki: Dil kusurlu olursa, sözcükler düşünceyi iyi anlatamaz.",1
"Ancak, zamir olarak kullanıldıklarında bir ismi belirtmeyip ismin yerine kullanılırlar.",1
"Din hürriyetine büyük bir değer veren Atatürk, bu hususta şunları söyler: 13 Atatürkçülük, Birinci Kitap, s.465-467.",1
"Duyarlık kazanmış olduğum bir konuda hizmet vermek gerektiğini düşündüm, o yorgunluğa göze aldım.",0
"Bu açıdan, buya uyuma yaygın olarak ünlü uyumu dense de burada söz konusu olan aynı zamanda hece uyumudur.",0
Ve o bir gelip bir giden dervişler kılıca bir başka duygu mı verir veya anlamının değişmesini mi isterler?,0
"Bir sesin, aralarında ortak özellik bulunma(i)mış bir sese dönüşmesi, ancak ara biçimlerden geçmesi sonucu mümkündür.",0
Bu uyarılar tarihin farklı dönemlerinde başka bazı aydın ve devlet adamları tarafından da yapılmıştır.,1
"Çoklukla sözcüklerden daha büyük dil parçaları olan öbekler arasında duraklayanlar olabileceği gibi, bek / ö diyenler de olabilir.",0
Atatürke'ya göre camiler; İnsanların yüzlerine bakmadan yatıp kalktıklarak bir yer değildir.,0
"Yeni harflerin kullanımıyla ilgili yasa 3 Kasım 1928de yürürlüğe girmiş, böyle Türkçe, Latin harfleriyle yazılmaya başlanmıştır.",0
"Eğer bir ad cümlesinde nesne varsa o nesne, temel cümlenin değil söz konusu ad cümlesinin birinin ögeleden nesnesidir.",0
İlkeler her dilde olan aynılıklardır ve bunlar insan dilinin tüm ortak özellikleridir.,1
"Bu kullanım sınırlılığı, seçilen sözcük türünü temsil eden üyeler kümesi için de geçerlidir.",1
Latin Alfabesinden alınarak düzenlenmekmiş yeni Türk Alfabesi 1 Kasım 1928de TBMMde kabul edilen bir yasayla yürürlüğe girdi.,0
Bilgisayar çevresinde önemli bir yapı ve tutarlılık duygusu yapılan çalışmalarda düzenli duygusu önemlidir.,0
"Ancak doğal dillerde, başka dillerden alıntılanan sözcükler genellikle verici dildeki biçimleriyle kullanamazlar.",0
Ortak özelliklerin azaladığı kısmen olabileceği gibi tamamen farklı bir sese dönüşme şeklinde de ortaya çıkabilir.,0
Günümüz Türkiye Türkçesinde ses bilgisini de ilgilendiren pek çok eğilim veya çeşitlenme gözlenmektedir.,1
"Bizim örneğimizde -dır, -i ve dim söz sonunda bulunan eklerlerdir",0
"Birleşik fiiller, birinci kelimenin sayı veya renk olmasına, getirilen yardımcı fiillere göre türlere ayrılır.",0
"Baktım: Konuşurken daha bir kerre güzeldin, İstanbulu duydum daha bir kerre sesinde.",1
"Burada dikkat edilirse, eylem, yönelme ya da çıkma durumlarından birindeki bir tümleç almıştır.",1
"Bu, yakında bulunanı; şu, görece daha uzakta olanı ve o ise görece en uzakta olan veya konuşmaya konu olan nesneyi gösterir.",1
Yeterli zaman ayırırsanız bütün bu şeyleri onlara anadillerinde anlamınızı kaybedebilirsiniz.,0
Yapıim eklerinin birçoğu belli kelimelere gelebilirken çekim ekleri aynı türden her kelimeye gelir.,0
Türk Dilinin bilinmeyen karanlık dönemlerini hariç sayarsak Eski Türkçeden itibaren başlayarak bazı etkiler gözlenmiştir.,1
Dil Planlaması Dil planlaması çerçevesinde belirlenen kuralları uygulama isteği de seslerin değişibmesinde etkilili olabilir.,0
"İyelik ve ilgi ekinden önce ne sözcüğünde de benzer bir durum vardır: ne-y-im, ne-y-in, ne-y-i gibi.",1
"Mebuslar, olmak üzere ilk kez Türkçenin bu kadar çeşitli biçimlerde söylendiği görmekle hayret içinde kaldılar.",0
Herhangi bir ögenin vurgulanmadığı Türkçe bir cümlede öge dizilişi öznenesne-yüklem Türkçe bir cümlede vurgulanmadığı bir ögenin olanak dizi,0
Bu direnmenin nedeni de yine ana dilinin insan mantığını kendi yapısına göre kurgulamış olmasıdır.,1
Bu kollar zaman geçtikçe kendi şartlarında gelişm-ez ve ayrıldığı kaynak dilden farklılaşmaya ve kendisi de kollar doğurmaya başlar.,0
İlk yazılı kaynağımız Orhon Yazıtlarında dil alınma az sözcük görülür.,0
"Verilen bilgiler öznel değil, nesneldir yani doğruluğu bilimsel olarak kanıtlanmış olmayan bilgilerdir.",0
"Badem ağaçları aldanmış, çiçeklerini bahar vurmuştur.",0
Bir biçimbirimin birden çok biçimbirimciği olması tüm dillerde görülen bir özelliktir.,1
"Çok az dünya dilini etkilemiş ve az sayısız sözcükler vermemiş olan Türkçe,",0
Dilekçenin alınacağı ilgisiz devlet dairesi kağıdın alt ortasına yerleştirilir ve üstüne da dilekçenin yazılmış olduğu saat verilir.,0
Üstelik onun ırk ve kökene dayalı bir milliyetçilik peşinde değilmiş zaten.,0
"Sağda, körfezi çeviren büyük dağ yığını 3000 metre ve bulutlar üstünden engin Akdenize bakıyor.",1
Bütün bu gibi süreçlerin iki yönünü veya boyutunu birbirlerinden açık seçik biçimde ayırdetmek icab ederler.,0
Türkçe kökenli sözcüklerde ünlü uyumlarının yanı sıra ünsüzlerle ünlüler arasında da uyum vardır.,1
Kesin nüfus sayımı sonuçlarına dayanmasa da Türk dilinin çeşitli kollarını konuşan 200 milyonu aşkın insan bulunduğu sanılmaktadır.,1
"Şu anda konuşucusu yok olan Türk lehçeleri olduğu gibi, konuşanı çok az sayıda kalan lehçelerimiz de vardır.",1
Uluslararası yayınlarda kullanılır fonetik ve fonoloji terimleri Türkçede de kullanılır.,0
3. Bahtıgül Çamdibi Vasıf Baharyeli Yazgülü Mutlu Birleşik isim grubunun bir parçası herhangi bir kelime grubundan yapılabilir.,0
"Türkçe, yazımda ve söyleyişte veya çoğu zaman yalnızca veya söyleyişte sözcüklerle birlikte bu türden birçok yeni hece türü kopyalamıştır.",0
Buna karşılık aynı sözcüğün üçüncü cümlede ana cümleyi bitirmez.,0
"Bu nedenle, Türkçe sözcüklerde bulunabilen hece yapısına sahip olanlarda bir sorun yoktur.",1
Gösterge kurmanının da kurucusu olan İsviçreli dilbilimci Saussureün önemli üzerinde durduğu bazı anlam ilkeleri vardır.,0
"Bu karşılık bulmada Türkçe, ekleme ve birleştirme diye adlandırabileceğimiz iki temel yol kullanır.",1
Gemiye binmek istediğini gene işaretlerle anlatıyor. kadar tokluğuna size tayfalık yaparım der gibi yalvarıyor.,0
"Fakat bunlardan hiçbirisi insan dili kadar, örneğin somut kavramlar geliştirecek biçimde, basit bir yapıya sahip değildir.",0
"Sesler (ünlüler ve ünsüzler), kısaca, iki sözcüğü ayırt eden en küçük birim; yazı (harfer) ise yazım sistemindeki en küçük birimdir.",1
"büyük balina, Türk Dilinin güvenli anlatımının temel unsurlarından biridir.",0
"Çeşitli dilbilgisi kitaplarında dilin özellikleri sıralanırken, sıkça dilin canlı bir varlık olduğuna işaret edilir.",1
Bunların büyük bir bölümü ikinci hecedeki dar ünlüyle ilgilidir.,1
"Somut olmayan, ruhsal kültür elementlerinin aktarımında dil, önemli bir rol üstlenir.",0
"Bu sınır, ön-dönüşümlü ve dönüşümsüz eylemlerde eylemin başlangıcında; son-dönüşümlü eylemlerde ise bağlanır.",0
"Sonuna geldikleri fiilin istemini değiştirmez; ancak türünü isim, sıfat ve zarf ol olarak değiştirirler.",0
Üç büyük dinin açıklamalarının bir bakıma tek köken kuramına yakın olduğu söylenebilir.,1
Kitaplığında aşağı yukarı tam bin cilt kitap vardı.,1
"Peki, dünyanın öbür ucundaki yabancı bir ülkede o duygusuz kızı kendi diline bile güven duyamaz durumda bırakmak acı değil mi?",0
"Türkçenin Güncel Sorunları Söz varlığı, bir dildeki, bir eserdeki sözcüklerin, deyim ve atasözlerinin bütünü.",1
Deyimi oluşturan sözcüklerden biri zaman zaman değiştirilemez.,0
"Bu anlatış ile toplumda insanların, yani bir arada yaşayan fertler sımsıkı birbirine bağlar.",0
- Bugün Türkiyede Türkçe adına Türk Dil Kurumu tarafından her yıl dil bayramı kutlanılmamaktadır.,0
Tibet alfabesindeki her ünsüz işareti ayrıca belirtilmemişse o ünsüzle başlayıp /a/ ile biten bir heceyi gösterir.,1
"Bin bir gece masal okumuş. - Sayı grubu, sıfat tamlamasında tamlayan yani sıfat unsuru olarak görev yapar.",1
"Bunun sonucunda Türkçe öğrenen bilgin ve şairler, Mısır ve Suriyede başta sözlük ve gramerler olmak üzere pek çok Türkçe eser yazar.",1
"Bu bilginin bir boyutu, bir sesin anadilinde olup olmadığıdır.",1
"Burada toplumumuza, özellikle aydın kesime, sanatçılara, yazarlara düşen görevler vardır.",1
"Fiiller biçim bilgisel açıdan isim soylu kelimelerden, her şeyden önce türetmede alabildikleri eklerle ayrılır.",1
"Ancak, aynı tümce içinde örneğin başka dizilimler kullanılarak bar, düş, ün dizilimleri yerine anlamlı bir tümce elde edilemez.",0
"Başka dillerin egemenliği altına girdiği; edebiyat, bilim ve devlet dili olamayan dönemleri de yaşamıştır.",0
"Bu boş arsacıkta, yan yatırılmış bir bayram salıncağı duruyor.",1
"Örneğin: çağlayan, Türkçe, bir akarsuyun yüksekten dökülüp köpürerek aktığı yerdir.",0
Soru eki yüklemden sonra geldiğinde yüklemde bildirilen durumun veya işin olup olmadığını sorgular.,1
"Diller, geriye doğru gidildikçe çeşitli özellikleri açısından farklı bir kökene ulaşıyorlarsa bunlara akraba diller denir.",0
Ses bilgisinin de ses bilimin de parçalar üstü ses bilgisinin de konusu konuşma sesidir.,1
Yaklaşma Grubu: Yaklaşma hali eki getirilen bir isimle bir araya gelmesiyle oluşur.,0
Ancak ana vurgu almış olan hece veyahut sözcük diğerlerinden daha belirgin söylenir.,0
"Bu çağrılıştan, bozunan pazarlığın düzeleceğini anlayan Halil döndüğünü sanan Halil döndü.",0
Bir sözcükbiçimini çekim eki çıktıktan sonra kalan kısmıdır.,0
"İşaret Sıfatları Günümüz Türkçesinde bu, şunu, o ve bazı metin türlerinde işbu; işaret sıfatı olarak kullanılır.",0
Heriki alan arasındaki ilişki kimya/fizik veya antropoloji/sosyoloji ilişkisi gibi ayrılması güç bir ilişkidir.,0
"Almancada soyut adlar türeten -igkeit eki bu işlevi yerine getirdiğinden, yukarıdaki sözcük başka türetim eki alamayacaktır.",1
Buna göre [p] ötümsüz çiftdudaksıl patlamalı [b] ötümlü çiftdudaksıl patlamalı ünsüzü olarak betimlenir.,1
"Öznenin, 1. çoğul kişiye ait olan evin içinde olduğunu gösteren bir de eki onu takip etmektedir.",1
2. Fiile gelen yapım ekleri ile isimlere farklıdır gelen yapım ekleri.,0
Eklerin türetilemez envanteri bellidir.,0
Olumsuzluk ögelerinin biçimi ve kapsamı diller arası ve dil içi değişiklikler gösterir.,1
Sıfat ögesi olarak birden fazla sıfat kullanılıyorsa araya virgül konur; en son gelen sıfat ögesi ile isim arasına virgül konmaz.,1
"Ne var ki, çaresizdirler ve Bilecik tekfurü ile aralarında önemli bir sürtüşme olmamış oldular.",0
Bu uyarılar tarihi farklı dönemlerinde başka bazı aydın ve devlet adamı tarafından da yapılmıştır.,0
"Metinde tekrardan kaçınmak amacıyla, gerektiğinde ilgili bölümlere göndermeler yapılmıştır.",1
Aşağıda uzunluğun yanlış olarak kullanıldığı yaygın sözcüklerden küçük bir liste verilmiştir.,1
"1. Dilbilimi, geleneksel filolojik dil çalışmalarından ayıran da bu bilimselliğidir.",0
Türkler bu dönemlerinde başka ülkelerle olan yazışmalarında kendi dillerini ve kendi alfabelerini de kullanmış olabilirler.,1
"Buna rağmen söyleyişle yazım arasında, bir kısmını ilerleyen bölümlerde ele alacağımız önemli farklar ortaya çıkmamıştır.",0
Duydukları karşısında sokağın ortasında öylece kalakaldı olmuş.,0
Temel cümlenin yargısını değişik yönlerden tamamlayan cümlelere yan cümle/ler denir.,1
"Bu durum, zaman zaman sanki be diye bir ünsüz varmış gibi yanlış anlaşılmalara yol açmaktadır.",1
Standart yazım açısından yanlış olmakla birlikte yazılı metinlerde da karşılaşılmaktadır.,0
Söz Sonundaki Ünsüzlerin Durumu Türkçe Sözcüklerde: Türkçede söz sonunda ünsüz ötümlü bulunmaz.,0
"Konuşma sesleri, ses yolu adı verilen akciğerlerden başlayıp burunda ve dudaklarda sona eren bir düzenek tarafından üretilir.",1
Bulunma Grubu: Bulunma hali eki getirilen bir fiil türünden kelimenin bir araya gelmesiyle oluşur.,0
"Böyle olduğunda kim, kimden neyi, ne zaman öğrenmiş bilgisi elde edilebilir hale gelmiştir.",1
Buraya kadar sözü edilen ünsüzlerin çıkarılmasında havanın söyleyiş organlarında tamamıyla engellenmesi söz konusu değildir.,1
"Çocuk burada hem dedesinin söyleyişindeki farklılığı sezmiş, hem de kendi sistemde doğru olan biçimde ısrar etmiştir.",0
Kuralcı Dilbilgisi Dil öğretmenleri ve öğrenciler için dilbilgisi nasıl konuşmamız gerektiği konusunda bize yol gösteren kurallardır.,1
"Orhun Kitab(l)erde, Türk Tanrısı, Türk Milleti yok ol(ma)sın diye atalarını gönderdi ve beni gönderdi.",0
Sesler hava akımının ağız boşluğunda meltem ve alt çenenin hareketleriyle farklı biçimlerde engellenmesiyle oluşur.,0
Her şeyden önce dil kültürün taşıyicısı ve tanığıdır.,0
"Burada nöbetleşme olarak alınan ses olayları, kaynaklarda başka isimlerle de değerlendirilmektedir.",0
Buna göre anadili Türkçe olan bir konuşucu yukarıda ifade edilmek istenen tümceyi olarak İlginç bir kitap okudum kurar.,0
Türk Dünyası için Ortak Bir Dil Mümkün mü?,1
Bu üç edat türünden son çekim edatları isim unsuru ile bir araya gelerek edat grubunu oluşturur.,1
"Türkçenin ötümlü ünsüzleri /b/, /c/, /d/, /g/, /ğ/, /j/, /l/, /m/, /n/, /r/, /v/, /y/ ve /z/dir.",1
"Bu uyarlama, Türkçe açısından önemli olan ses özelliklerinin eklenmesi, önemsiz olanların atılması şeklinde gelişir.",0
Anlamı ise bir alfabe ile yazılmış bir metni yorum yapmadan başka bir alfabe ile göstermektir.,1
"Bu durum, Osmancıkın millet kavramını ve gelecekle ilgili kaygılar duymasına sebep olur.",0
"Eski Türklerde Il, Gök Tanrının yeryüzündeki gölgesiydi. Il in oturduğu memlekete Yurt veya Ülke denirdi.",1
"Uzunluk, vurgu, ezgi, ton gibi ögeler, parçalarüstü sesbirimlerdir.",1
Aralarında din birliği de bulunmayan teşkilatsız Türk toplulukları Hristiyanların tesir altında eriyip gitmişlerdir.,1
"Gemalmaz 1997). Genel olarak bağlama ünlülmeteri denince akla dar ünlüler, yani /ı/, /i/, /u/, /ü/ sesleri gelir.",0
Yer isim olaraı kullanılan bazı unvan grupları kalıplaşıırarak birleşik isim olmuşlardır.,0
"Hem hece, hem harf gösteren işaretler taşıyan alfabeler de vardır.",1
"Dilin öz kaynaklarıyla karşılanamayen bu tür bilgi alıntıları, dillerin kazancı ve zenginliği olarak görülmektedir.",0
Bu bakımdan cümlenin şu şekilde olmalıdır: Bu yıl kardeşim ikinci sınıfa geçti; ben beşinci sınıfa geçtim.,0
"Sıfatlar herhangi bir sözcüklet nitelemedikeleri zaman ad durum eklerini alabilirler, yani ad olurlar.",0
"Farklı kaynaklarda edatlar, sonların çekim edatları, son takılar gibi terimlerle de gösterilir.",0
Edebi metinlerle akademik metinler birbirinden ayırmak gerekir.,0
"Son iki grupta, alfabede tek bir harfe gösterilen ama söyleyişte art ve ön biçimleri bulunan sesler de yer almamaktadır.",0
Bir diğer önemli ayrım da nöbetleşmeler ve kalıcı değişmeler arasında yapılmıştır.,1
"Türkçede yapım ekleriyle çekim ekleri, çoğu durumda belirsiz çizgilerle birbirinden ayrılır.",0
Ancak insanların geliştirdikleri ilk iletişim 27 düzeneklerinde genellikle tek yönlü bir iletişim söz konusuydu.,1
"İşte bu yüzden, öngörülebilirlikleri daha düşük olan sözcüklerin sözlükte listelenme olasılığı daha yüksektir.",1
"Şimdi gelin, bir dilin konuşucuları, sözcükleri nasıl tanır ve kullanır bir gözden geçirelim.",1
"Kaynaklarda, bu farklılık aynı iki biçimin birbirine karışacak olmasıyla açıklandığı da anlaşılmaktadır.",0
"Dil-kültür ilişkisinin üzerinde duracağımız son boyutu, kültürel dinamizmin dile de izlenebilmesidir.",0
Ne var ki bu basit resimler zamanla karmaşık çizgilerden oluşan soyut şekiller haline gelmiştir.,1
Özellikle sözlükçülük noktasındaki çalışmaları değerdir.,0
"Buna rağmen söyleyişle yazım arasında, bir kısmını ilerleyen bölümlerde ele alacağımız önemli farklar ortaya çıkmıştır. ortaya çıkmış değil.",0
"Örneğin, türetim ekleri çekim eklerinden önce, sayı ekleri durum eklerinden önce konumlanır.",1
Bu üniteyi tamamladıktan sonra; Standart dil-ağız ilişkisini ve standart dili etkileyen gelişmeleri açıklayabileceksiniz.,1
"Bunların ön damak veya art damak ünsüzü olmaları, Türkçe kökenli sözcüklerde anlam ayırıcı değere sahip değildir.",1
Atasözlerinde gereksiz görülecek bir sözcüğe rastlanmaz.,1
"Kendi kültürünü anlamayan, ona sahip çıkan insanlardan oluşan bir topluluk elbetteki birlik ve beraberlik içerisinde bulunacaktır.",0
"Örneklerin ilkinde Ali, kapıyı açan iken ikincisinde kapının açılmasına neden olan, kapının açılmasını sağlayandır.",1
"Düşünce aktarımı dil dışında başka araçlarla da gerçekleşir: resim, müzik, heykel, davranış vb.",1
"Örneğin Almancanın hayvanından Haustier, Tier, Vogel, Fisch ve Wurm algılanabilir.",0
"Yararlanılan ve Başvurulabilecek Kaynaklar Aksan, D. (1998). Her Yönüyle Dil Ana Çizgileriyle Dil Bilim.",1
"Deyimler derin anlama sahip yapılar için, birleşik sözcüklerin böyle bir özelliği vardır.",0
Bu konuyla ilgili olarak iki durumu birbirinden ayırmak gerekir: alıntı sözcükler ile yabancı sözcüklerin.,0
Üç buçuk yıldır aralarında yaşadığı Amerikalıların 1000 kelime ile konuştuğunu anlatmak istiyor aslında.,1
"Sözlükler bu açıdan gözden geçirildiğinde, yansıma sözcüklerin sözlüğe düzenli alınmadığı da görülür.",1
"Dökümantasyon: Belge bilimi, bir konu hakkında bilgilerin toplanması, saklanması ve duyuruulması.",0
"Çoklukla bu ekler her iki ögeye, nadiren de olsa yalnızca birinci veya yalnızca ikinci ögeye hal eki getirilerek kullanılır.",1
"Vatanımızı içten gelen bir nefretle sevmemiz, bu samimi çirkinliklerin bütünü olduğu içindir.",0
Evin önünde mahallenin çocuklarıyla top oynar-ken-dı.,0
"Türkçe sondan eklemeli bir dil olduğundan eklenme, son eklenme şeklinde gerçekleşir.",1
Belirtili ve belirtisiz isim tamlamalarında tamlayan ve tamlanan olarak kullanılabilir.,1
Sosyal medya platformlarının insanlar üzerinde olumlu ve olumsuz farklı etkileri olabilmektedir.,1
Gösterge Aralarında gösteren-gösterilen ilişkisi bulunan her nesne ya da durum bir göstergedir.,1
"Kırgızlar Moğolistandaki Uygur egemenliğine son verince Uygurlar güneye, Koço ve Kansu bölgelerine göç ettiler.",1
"Badem ağaçları aldanmış, çiçeklerini don vurmuştur.",1
"Örneğin; büyük ev biçimindeki sıfat tamlaması, sözcüklerin yerlerinin değiştirilmesiyle ev şeklinde büyük olur.",0
"Bu ünsüzlerin söylenişi sırasında hava, önce dudakların kapanmasıyla engellenir, daha sonra ağızdan ve burundan serbest bırakılır.",1
"Başka bir açıklama yapılmamışsa transliterasyonda harfer, transkripsiyonla karışmamaları için büyük harfe yazılır.",1
"Ünlü ile biten hecelere açık hece, ünsüz ile uzun ünlü ile biten hecelere ise kapalı hece adı verilir.",0
Başka bir deyişle isim cümlelerinin şimdiki zaman ve geniş zaman arasında ayrım yoktur.,0
"Aynı parçalanabilir ögelerden oluşan, yazılışları aynı olan bu iki sözcüğü doğal bir konuşucu, metin içinde karışmaz.",0
Evlerden birinin kamburlaşmış belini desteklemişler üç uzun direkle.,0
En nihayet bir sene içinde bütün Türk hey`et-i içtimaiye`si yeni harfleri öğrenecek etsem.,0
Yukarıdaki açıklamalardan da anlaşıldığı gibi ünsüzler çıkarıldıkları noktalara göre belli gruplarda toplanabilmektedir.,1
"Zarf-fiillerde, XncAyA, -XncAyA kadar, -AlIdAn, -Alı beri gibi birkaç istisna dışında böyle bir kullanım görülmez.",1
O konunun uzmanları önceden bildirim özetlerini gönderirler.,0
"Türkçede vurgu, birincil ve zayıf vurgu olmak üzere iki vurgu düzeyinde gerçekleşir.",1
Standart dilde ötümlü olan bir ses ağızlarda ötümsüz olabileceği gibi tersi de mümkündür: gölge ~ kölge taş ~ daş gibi.,1
"olduklarında da cümlede çok defa öznenin, nesnenin, zaman zarfının, yer tamlayıcısının görevinde yer alırlar.",0
"Sözlükler bu açıdan gözden geçirildiğinde, yansıma sözcüklerin kitaba düzenli alınmadığı da görülür.",0
Ancak üzerinde anlaşmaya varılmış işaretlerle söyleyiş hakkında genel bir fikir vermeyi.,0
Belki onlar seviyorlar da ben farkına varmıyorum.,1
"Cüldre çoğunlukla zarf yada edat tümleci olur, ayrıca ek-eylem alarak yüklem olabilir.",0
"Özellikle iletişim araçlarında ağız kullanımı, dilde bozulma ve dil yanlışı olarak algılanır.",1
Durak Konuşma esnasında cümleler veya sözcükler arasında verilen kısa aralıklardır.,1
Babam şehirden çıkalı beri somurtmuştu.,1
"Türk milleti, bu büyük hasletini daha sonra kurulan diğer Türk devletlerinde özellikle Osmanlılar döneminde devam ettirmiştir.",1
"Bir gün, oğlan kıza diyor ki: Günün birinde kızıp da balıkçı olduğumu başıma kakarsan dilim tutulur, dilsiz olurum.",1
Takışız Ad Tamlaması: Tamlayan ve tamlananın ek almadan bir araya gelerek oluşturduğu tamlamadır.,0
Başka bir deyişle bütün birleşik isim grupları da kişi ismidir.,1
O konuyla ilgilenen uzmanlar önceden bildiri özetlerini gönderirler.,1
Esas fiille yardımcı fiil oluşturduğu birleşik fiillerde araya zarf-fiil ekleri getirilir.,0
"Bir sözcüğün bu ünsüzlerden birisiyle başlaması, kökeninin Türkçe olmadığını gösterir.",1
"Sanıyordu /ki/ bir daha hiç mutlu olamayacak. temel cümle yan cümle Örnekteki yan cümle, temel cümlenin nesnesi durumundadır.",1
İnsanlığın yeryüzünde görünüşünün ise en az bir milyon yıl öncesine uzanmak varsayılmaktadır.,0
"Bunun nedeni, hece sonunda -lm ünsüz çifinin bulunamamasıdır.",1
Atatürk de imparatorluğun çöküş döneminde yaşamış ve gelişmelere şahit olmuş bir şahsiyettir.,1
"Kuralcı dil bilgisi, dilin kurallarının tanımına göre dilin kullanılmasını savunan yaklaşımdır.",1
Aile melecek sinemaya gitmişlerdi.,0
"Mehmed Akifle son görüşmemizde, 1913te, yani Balkan Harbinin faciaları üstüne, buluşup dertleşmeye karar vermiştik.",1
"Fakat bunlardan hiçbiri insan dili gibi, örneğin somut kavramlar geliştirecek biçimde, karmaşık bir yapıya sahip değildir.",0
Dipnot: Sayfa içinde geçen başkasına ait düşüncenin kaynağının sayfanın altına yazıması.,1
Ben yalnız kendi düşüncemi söylemek istemiyorum.,1
"Yazımda ayrı yazılması önerildiği için bitişik yazıldığı durumları yanlış saymayan, standart yazımla ilgilidir.",0
"Ergin, M. (1993). Türk Dil Bilgisi, Bayrak Yayınları, İstanbul:.",1
"Örneğin, Farsçadan kopyalanan dü 2, gül, köhne sözcükleri, bu dilde sırasıyla do, gol ve kohne biçimindedir.",1
Ancak eklenmeyle ilgili ses değişmelerini çekim ve türetim için açısından ayrı değerlendirmek gerekir.,0
"Çocuğun uyuma eylemi, uyanması, ovuşturması, düzeltmesi ve şaşkın olmasından önce, bunlar da konuşma zamanından evvel gerçekleşmiştir.",0
Örnek olarak Kutadgu Biligin üç nüshasından biri olan Viyana Nüshası Uygur alfabesi ile yazılmıştır.,1
Bununla ilgili olan komşuluk kavramı da yine son derece.,0
Eski Türkçe ile günümüzdeki durum karşılaştırılırsa bulunann bazı seslerin büyük oranda ötümlüleştiği görülür.,0
Çok nadir olarak konunun daha iyi anlaşılmak için eski dönemlerdeki durumlara işaret edilecektir.,0
"Sizin ile öbeğindeki ile edatı, düz dar i ünlüsünün düşmesiyle bu niteliğini yitirerek ekşimiştir.",0
Önlük-Artlık Uyumu: Ünlülerin tamamı art damak ve ön damak ünlüleri olarak iki büyük gruba ayılmaz.,0
"Ses; orurum, iletim, algılama ve değerlendirmeden ibaret dört ana aşamalı bir sürecin ürünüdür.",0
"Türkçede sözcükler geleneksel olarak ad, sıfat, zarf, zamir, edat, bağlaç, ünlem ve eylem olmak üzere yedi türde toplanmaktadır.",0
"Ancak bu güçlü dil, bu bilim, eğitim, kültür ve uygarlık dili tarih içinde zaman zaman talihsizlikler",0
Türkçeyi Arap harfleri ile ilk kez yazanların 10. yüzyıl ortalarında İslam dinini kabul eden Karahanlılar olduğu suçlamaktadır.,0
"Türkçenin simetrik ünlü yapısını yıkan kapalı ė, Türk dil biliminin önemli sorunlarından biridir.",0
Bir dilin kendi ağız ve lehçelerinden yaptığı böyle alıntılara iç alıntılar denir.,1
"Bu nedenle, eksik ifade edilmiş anlam unsurları, zihinde hedeflenen resmi net olarak yansıtır ve iletişim belirsizleşerek eksik kalır.",0
"Kitap, defter, kalem, silgi, kalem açacağı ve mürekkep Kitap, defter, kalem ve silgi Bağlama grubu yapısı en zayıf kelime grubudur.",1
Aşağıda bu farkları kuralcı ve betimleyici dilbilgisi kavramları ile kısaca açıklayacak.,0
2. Karaağaç gibi bir bileşik sözcükte iki vardır.,0
"Varlıkları işaret, sayı, soru ve belgisizlik yönünden belirten sözcükler belirtme sıfatlarıdır.",1
"Bir cümle hangi anlam özelliğine sahip olursa olsun, genellikle ya olumlu ya da olumsuz bir anlam taşır",0
"Türkçe, Türk kültürünün bütün zenginliklerini yüzyıllardır yazıyla taşıyıp aktarmıyordur.",0
Türkçe ise hiç de az sayılamayacak birliklilik oranına sahip.,0
Türkiyede İngilizce ile öğretime başlandığı 1950lerden itibaren Anglo-Sakson kültürünün yoğun etkisi de kendisini hissettiriyordu.,1
"Dil bilmenin bir boyutu, anlamlı birimlere ayırabilmektir.",0
"Birçoklarca dil, geçişsiz fiillerin edilgen yapılmasına izin vermez.",0
"Tabanlar, eklerin, yani bağımlı biçim birimlerin eklendiği yalın sözcükler, yani bağımsız biçim birimlerdir.",1
Tibet Yazısı Türklerle Tibetliler arasında çok eskilere giden bir ilişki olduğu anlaşılmaktadır Köktürk yazıtlarından.,0
"Karpuzla kurabiyenin arasındaki ince benzerliği ve çok manalı ortak vasıflarını, zeki Türk halkı, nasıl ve nereden bulur?",0
"Penbe > pembe gerileyici benzeşme örneğidir, örnek aynı zamanda oluşum noktası bakımından benzeşmedir.",1
Yine Arapça -iyet ekiyle biten söcüklerin sonundaki /t/ sesi eklenmede ötümlüleşmez.,1
"Sesler hava akımının ağız boşluğunda dil ve alt çenenin hareketleriyle farklı biçimlerde, engellenmesiyle oluşur.",0
Ancak bu tip  sadece alıntı sözcüklerde bulundukları için alfabede ayrı bir harf belirlenmemiştir.,0
"Ettirgen yapıda özne, her durumda kendisi için uygun olan pozisyonda taşınmak zorundadır.",0
"Yani MASA sözlükbiriminin deniz, denizi, denizler, denizleri gibi sözcükbiçimleri vardır.",0
Örnek: Düğünde takılan altınların hepsi ertesi gün satıldı. yüklem Cümlenin yüklemi satıldı eylemidir.,1
Kaç çocuğu *olduğu sorusuna soran kişi yaşça büyükse ellerinizden öper sözleriyle başlanarak cevap verilir.,0
"Bu çalışma kapsayıcı bir inceleme olmadığından, amaca uygun bir sınıfandırma ve bilgiyle yetinilmiştir.",1
"sayıların yeddi, sekkiz, dokkuz gibi ikizlü biçimleri de vardır.",0
Bunun yanında Türkçe kökenli sözcüklerde sonradan ortaya çıkmış çok sayıda uzun ünlü bulunabilir.,1
Oysa karıştırıcı hem yapı hem de anlam bakımından birden fazla öğeyi içerdiğinden karmaşık sözcük olarak adlandırılır.,1
Bu cümle doğru kullanımı şöyle olmalıdır: Bu üniversitede elliden daha fazla öğretim üyesi ve öğretmen var.,0
"Örneğin dudak ünsüzleri /b/ sesi ile /m/ sesi arasındaki tek fark, birincinin ağız sesi, ikincinin geniz sesi olmasıdır.",1
"Klasik İslami çevre eserlerinde olduğu gibi tanrıya, peygambere, dört halifeye övgü ile başlar ve bahar tasviri ile devam eder.",1
Hiçbir şeyden zevk almayan insanlarla geçinmenin ne denli güç bir iş olduğunu bilmeyen yoktur sanırım.,1
Bu hecele sözcük niteliğinde olduğu zaman söz sonunda bulunabilen ünsüz çifleri ortaya çıkmış olur.,0
"Genelgeçer görüşe göre, birtakım istisnaları olmakla birlikte, Türkçe kökenli sözcüklerde bulunur vurgu son hecede.",0
Özellikle ünlü uyumları Türkçenin tipik özellikleri arasındandır.,0
"Bütün dünya bilmelidir ki Türk milleti hakkını, hasiyetini, şerefini anlamaya kadirdir.",0
Bunların içinde de komşu olduğumuz veya yan yana yaşadığımız pek çok halkın dilinden Türkçeye az da olsa sözcükler girmiştir.,0
"Zehra Hanımın çıkmazı, belki de Chomskyden olmasaydı haberi.",0
Bunlardan biri sözcük parçalarının sıralamak ilişkindir.,0
Gırtlaktan sesler artdamaksıl sesleri gibi emmeli de olabilirler.,0
Bütün gözlerin üzerine çevrildiğini gören kişi ister istemez bir korku ve heyecan duyar.,1
Türkçedeki şapka sorunu da harf ve ses ilişkisinden kaynaklanamaz.,0
"Türkçede vurgu, birincil ve zayıf vurgu olmak değildir iki vurgu düzeyinde gerçekleşir.",0
"Runik yazılı metinlerde en uzun ve Türk dili ve tarihi için önemli olanları Tonyukuk, Kül Tigin ve Bilge Kagan yazıtlarıdır.",0
"Güven, M. (2008). Görünüş terimlerinin Türkçeleştirilmesi üzerine bazı yanlış anlamalar ve öneriler.",0
Başka bir ifadeyle eylem zamanını belirlemede ölçüt alınan asıl nokta şimdi ve orasıdır.,0
Atatürk aynı zaman da bir kültür milliyetçisidir mi?,0
"İlk Mebuslar Meclisi toplandığı vakit, Türkçenin o vakte kadar üzerinde pek durulmayan yeni bir hastalığı çıktı.",1
O uyudu. okuma bayramında sunuculuk yapan pembe elbiseli çocuk o çocuk Alinin İstanbuldan Ankaraya arabayla geldiğini biliyorum.,1
Biçimbirimlerin altbiçimbirimleri (biçimbirim) de vardır.,0
"Değişik coğrafyalarda çeşitli devletler Türk soylu halklar kuran, dillerini de bu coğrafyalarda yaygın hale getirmiştir.",0
Birincisinde tamlayan ögeyi pekiştirme söz konusuyken aitlik ilişkisi bulunur ikincisinde.,0
"Ancak sözcük veya heceler Türk, alt, ölç, üst vb. belirli ünsüz çifleri ile sona erer.",0
"Örneğin, Türkçedeki -ucu biçimi bir eyleme eklendiğinde onu ad haline getiren bir türetim ekidir.",1
Özne Cümlede yüklemle birlikte temel ögeler grubunda değerlendirilen diğer önemli öge de öznedir.,1
Ermeni Kıpçakçasının yanı sıra bir de Ermeni Türkçesi ve onunla meydana vardır bir edebiyat getirilmiş.,0
Bunun nedeni oyuncularının Türkçe döneminde uzun olmasıdır.,0
"Ancak yararlı olacağı düşünülen durumlarda, daha öğretici olacağı düşüncesiyle tekrar yoluna gidilmiştir.",1
"Ayın ve hemze hece sonunda düşerken söyleyişte kendisinden sonraki ünlüyü uzatabilir: meʾmur > mēmur, miʿmar > mīmar, teʾmin > tēmin.",1
Taban ise türüne bakılmaksızın herhangi bir ekmek almış yapıdır.,0
"Yüzyılların birikimiyle oluşan bu kalıplaşmış sözler, Türk dilinin etkili anlatımının temel unsurlarından biridir.",1
"Görülüyor ki, bir SÖZLÜKBİRİM, anadili konuşucusunun zihninde listelenmekte, bir sözcükbiçim ise üretilmiş dilde ortaya çıkmaktadır.",1
Çalışmalarımız sırasında öğrenci velilerinin taleplerini eğitimin temel ilkeleri doğrultusunda değerlendirmeye aldı.,0
"İsimlerin sınıfandırılmasında kullanılan anlamsal ayrımlardan biri, belge alanlarının somut veya soyut olmasıyla ilgilidir.",0
Buna karşılık özel isimler doğrudan ismi varlıkları göstermeleriyle diğer isimlerden ayrılır.,0
"Dil birir köprüdür, inanç bir köprüdür, tarih bir köprüdür.",0
Türkoloji çalışmalarında biçim bilgisi çok önemli bir yer tutar ve tam biçim bilgisi kitabının yazımı yıllar sürer.,0
Bu alfabeyi XII. yüzyılda Uygurlardan alan Moğollar XX. yüzyıla kadar dillerini bu alfabe ile yememişlerdir.,0
Türkçe sözlüklerde ise ilgi çekici bir ayrım yapılmaktadır.,1
Türkçenin bilinme ilk metinleri bugün ancak belli bir eğitim sonucu anlaşılabilecek durumdadır.,0
Yerleşik hayatta bunun en belirgin yansıması mahalle kavramıdır.,1
"Bunun yerine, bütün sözlüklerde çekirdek yapıya indirgenmemiş biçimi olan nobran sözcüğünü bulacaksınız.",0
Eksiltili cümle çoğu kez bitmiş bir cümleden sonra bu cümledeki bir öge zihinde tamamlanır.,1
Sonbahar yaklaşmakta.,1
Türklerin kendi yazdıkları belgelerle ilgili olarak sürekli yeni bilgiler ortaya çıkmakta ve yayınlar yapılmaktadır.,1
Bir sesbirimi değişkesi sesbirimcik; bir biçimbirimi değişkesi ise üst biçimlik olarak adlandırılır.,0
"Tipik Olmayan Sesler Geniz ünlüleri, gırtlak ünsüzleri, ayın ve hemze Türkçe için tipik olmayan seslerdir.",1
Eklerle ilgili bir başka özellik de işlemiş olup olmamalarıdır.,0
Ünsüzler düşerken bu düşmeyi telafi etmek üzere kendilerinden önceki ünlünün süresini uzatabilir.,1
"İşlemleme (1) Zeynep : Babaanne, testimi nereye koydun? Babaanne : Ne testisi? Zeynep : Türkçe testimi.",1
Onu arayıp,0
Ayrıca bazı dillerde bir ses o dilin alfabelerinin içinde bile değişik harflerle gösterilmektedir; örn.,0
"Oysa öznede böyle bir durum söz konusu değildir, nesnesi belirtisiz olan cümlelerde özne ayrıca içebilir: Ali, çay.",0
"Betimleyici anlatım daha çok roman, öykü, gezi yazısı gibi öyküleyici anlatımında kullanıldığı yazı türlerinde görülür.",1
"Örneğin, Türkçe konuşucuları, alkıyor gibi uydurma bir sözcüğü rahatlıkla sınıflandırmak.",0
"Dili edinmek için insanın şey gereksinim duyduğu doğal olarak doğuştan getirdiği bilişsel, modüler dil düzeneğidir.",0
Ayrıca belli durumlarda görülen nöbetleşmelerle kalıcı durumlar arasında da fark gözetilmez.,1
İki kişi sohbet ederken üçüncü bir kişinin iyiliğinden söz edeceksek sizden iyi olmasın diyerek söze başlarız.,1
Ayrıca ikileme içerisindeki sözcüklerin bir kısmı tek başına kullanılacak bir anlam yüküne de sahip değillerdir.,1
Sözcüklerdeki heceler kendi içlerinde seslerin art veya ön sıradan olmaları açısından uyumludur.,1
"Kısa sürede kitle iletism araçlarında kullanılan dili, toplumun bütün kesimlerini etkilemiştir.",0
"Aynı dili konuşan insanlar, millet denilen sosyal varlıkın temelini teşkil ederler.",0
"Ergenç 1989: 37). Konuşurken, sözcükler arasındaki kavşak dediğimiz kısa soluklanma yitirir.",0
"Zira, bir sözcük yapma süreci olarak ekleme, yaygın olarak ve genel anlamlar ifade etme eğilimine sahiptir.",0
Türk Dili Kurultayının açılış günü olansı 26 Eylül 1932 tarihinde bugünün dil bayramı olarak kutlanmasına karar verildi.,0
"Cumartesi: Sözcük, cuma ve pazartesi ögelerinden oluşan bir belirtisiz ad tamlamasıdır.",0
"Fransızca culture kelimesinden gelen kültür kavramının algılanışı, dönemlere göre de farklılıklar göstermiştir.",1
"Bu yüzden, çekim ekleri, türetim eklerinden işlemek olarak anılırlar.",0
"Oysa benzer karmaşıklıkta olan bir geometri problemini, bilişsel yetkinlik kazanmayan ve gerekli eğitim almayan çocuk bir çözemez.",0
Örneğin kardeş sözcüğünün göstereni olan k-a-r-d-e-ş ses dizilişiyle hiçbir iç bağlantısı yoktur.,1
Türkçenin yazılmasında ve okunmasında kullanılan Arap harflerinden yararlanmanın güçlüğü artık kavramsallaştırılmış bulunuyordu.,0
Ünsüzlerin titreşimsiz olup olmadığını anlamak için ellerinizle kulaklarını tıkayarak sesleri söyleyin.,0
Bu tür ses olaylarının nasıl anlaşılacağına dair daha önceki bölümlerde ayrıntılı bilgi verilmişti.,1
Türkçedeki bazı deyimler de yine toplumun ihtiyaçlarıyla ilgili olmak üzere zamanda yerlerini yenilerine bırakmışlardır.,0
Mutfakta annesinin takunyalarla dolaşan duyuluyor... Hayat ne tatlı şey diye düşündü.,0
"İnsan dediğimiz yaratık; hep iki eli, bir karaciğeri, bir midesi (Örnekleri uzatabilirsiniz.) olan bir varlık.",1
Ancak hesābı kitābı deyimi içinde hesābı söyleyiTablo 6.17 Alıntı Sözcüklerde Uzunluk-Kısalık Nöbetleşmesi.,1
Türkçede iki ünlü yan yana gelmez.,1
"Bunların arasında Akhunlar, Atilla devri, Hunları, Hazarlar örnek olarak sayılmaya değer.",0
"Ancak insan çok daha fazla ses çıkarabilecekken, gerçek diller sınırlı sayıda sesle bitirir.",0
"Bu nedenle, eksik ifade edilmiş anlam unsurları, zihinde hedeflenen resmi bulanık yansıtmaz ve iletişim belirsizleşerek eksik kalır.",0
"Örneğin dudak ünsüzleri /b/ sesi ile /m/ sesi arasındaki tek fark, birincinin ağız dokusu, ikincinin geniz dokusu olmasıdır.",0
Kitabın düzenleme ve düzeltmelerinde bize büyük destek veren Açıköğretim Fakültesi Dizgi Birimine çok teşekkür ederiz.,1
Böyle olduğunda da konuşucu önermeyi Doğrudan duymadım ama bir başka tanıktan duyduğumu aktarıyorum düşüncesiyle donatırdı.,1
"Ölçünlü dilde, Batı dilleri uyakalanarak elektrik, film, nötr, titr gibi sözcüklerde ünlü türemesi görülmez.",0
Yukarıda verilen örneklerde göçüşme yan yana bulunan ünsüzler arasında buluşmuştur.,0
Bugün kullanmakta olduğumuz alfabe her sesi ayrı bir sembol ile temsil eden yazı türüdür.,1
Yalnızca kişiler olarak değil markalar ve kurumlar için de büyük önem taşıyan sosyal medya aynı zamanda ciddi bir pazarlama alanıdır.,0
Türkçenin yazımında son derece yetersiz olmayan bu alfabe 22 harfen oluşur ve sağdan sola yazılır.,0
Günümüz Türkçesindeki ses olaylarının dil bilgisi kitaplarında ele alınışı iki farklı yaklaşım olduğu söylenebilir.,0
2. Budizm ile birlikte gelmiş Orta Asyaya ve her şeyden önce Sanskritçe dini metinlerin yazımı için kullanılmıştır.,0
"Emir çekiminde dikkat edilirse emri gösteren ayrı bir eki yoktur, ekler; kişi, sayı ve emri aynı anda gösterir.",0
"Öğrencilerin çoğu, diğer derslerdeki sunumlarla Türk Dili dersindeki sunumları aynı görmektedir.",1
"İkincisinin ötümlüleşmesi sonucunda ilk ünsüz de olmaktan çıkmış, sızıcılaşmıştır.",0
"Bazılarında ise kaynak dilden ayrılmanın tarihi çok daha uzağa, elde yazılı belgelerin bulunmadığı dönemlere gidebilir.",0
"Madridten, Kazakistandır, İrandan, Azerbaycandan ve Kırgızistandan da öneriler aldık.",0
"Diğer pek çok dilde olmayan bir özelliğe göre, bir sözcük köküne ekler ekleyerek, tek sözcüklü tümce oluşturulabilir.",1
Her dil tarih içinden geriye doğru gittikçe bir ağacın dalları gibi başka dillerle birleşir.,0
Karahanlılardan sonra İslam dinini ilk kabul eden Türk topluluğu Volga Bulgarları olmuştur.,1
"Eğer akla, mantığa ve gerçeğe uymamış olsaydı, bununla diğer ilahi tabiat kanunları arasında çelişki olması gerekirdi.",1
Türkiye Türkçesi Türk yazı dilleri ailesinin konuşur sayısı bakımından en büyük dile Türkiye Türkçesidir,0
Çanta Kolunda En az iki eş ögenin bağlaç ile bağlanmasıyla oluşan cümle öbeğidir.,0
Sevim gülüyor.,1
Birleşik isim grubunu oluşturan unsurların tamamı özel isimdir.,1
Verildikten sonra öğrencinin hazırlık yapmasına belli belli zaman dilimi imkan tanınır,0
"Adsıl Çekim Adsıl çekim, ad ve ad soylu sözcüklerin taşıdığı, durum, sayı, cins bilgisini kodlayan bir dilbilgisel ulamdır.",1
"O mutlu günde genç kızlar halay, delikanlılar türkü söylüyordu.",1
"Türemiş ve 86 Biçimbilim-I: Sözcük Sözlükbirimler sözlüksel biçimbilimin, sözcükbiçimler ise çekimsel biçimbilimin çıktılarıdır.",1
"En kötü şiir, insanın yabancı dilindeki şiir değil midir?",0
İlk kuşaktan çocuklar hem yuvarlanma hem de caddeden inmeyi tek bir el hareketiyle ifade ettiler.,1
Sıfat ve belirteçlerin taşıdığı bu ulam yalnızca derecelendirilebilir niteliklerin kodlanmasına izin verir.,1
"Bu nedenle söz konusu eklexlere, bu işlevlerinde sözdizimsel isimleştirici denmektedir.",0
"1. Deyimlerden çok büyük bir kısmı dili konuşucularının ürünü, çok azı ise başka dillerden çeviri yoluyla oluşturulurlar.",0
"Macit Paşa, bu gerekçeden sonra bir aralık Fransızca harflerinin alınmasından bile yana çıkmıştır.",0
"O, en zalim bir rüyayı bile sonuna götürmeden uyanılmasını istemez, fakat en cazibini bile üç defa üst üste görmeye razı değildir.",1
Kimi ülkelerin aynı dilleri bildirmesi nedeniyle resmi dil sayısı toplam üye ülke sayısından fazladır.,0
"Bu satırların yazarı, halen Türkiyedeki işitme engellilerin kullandığı Türk İşaret Dili ile ilgili çalışmalar yapıyor.",1
Dilin karşılaştığı yeni kavram ve durumları karşılamak üzere başvurulacak birkaç yol vardır.,1
"Türkçe sözcüklerde dar ünlülerin sıfırla nöbetleşmesi, dar bir ünlüden daha önce alışılmıştır.",0
3. Karaağaç gibi bir bileşik sözcükte iki kök yoktur.,0
Sayı isimlerinin sayı sıfatı olarak kullanılmasıyla oluşturlar.,0
Ancak dil ilişkileri sonucunda bir ses değişebileceği bir gerçektir.,0
Bu alfabe bir müddet Uygur alfabesiyle birarada kullanılmıştır.,1
Bu esnada da Dünya ilk defa elinde tebeşirle kara tahta başında halka yeni harfleri tanımayan ve öğreten bir devlet başkanı görür.,0
Anadili farklı olan bebekler benzer bir anadili edinimi sürecinden geçerler.,1
Seslerin ve Eklerin Yazımı Eklerdeki çeşitlenmenin nedeni ünlü ve ünsüz uyumlarıdır.,1
Gök Türk anıtlarını diktirenleren ünlü Bilge Kağanın adı bilebunu kanıtar durumdadır.,0
Noam Chomsky (1928-) insanların zihninde kalıtımsal bir dil bilgisi olduğunu.,0
Toplantılarda önceden belirlenmiş ve ilgililere duyurulmuş gündem maddeleri sırasıyla tartışılır ve o konuyla ilgili karar verilir.,1
Bu nedenle cümle içindekilş sözcük öbekleri bulunmalı ve öbeklerin birbirleriyle ilişkileri incelenmelidir.,0
Böyle bir dil halkın ne düşüncede ne de başka herhangi bir konuda ilerlemesine olanak yoktu.,0
"Birkaç yıl önce, dilbilimcilerin Tevfik Esençin sesini almak üzere Türk köyü Hacı Osmana akın ediyordu.",0
"Çünkü dilini kaybeden, evini de vatanını da ve geleceğini de kaybeder.",0
"Kısalmış biçim ayrıca mis sabunu, mis üzümü örneklerinde olduğu gibi birleşik sözcük de yapmaktadır.",1
Doğru konuşmamanın olumsuz sonuçları olabileceğinin düşünüldüğü resmi ortamlarda kullanılır.,1
"Alfabenin düzenlenmesi, 3. Türkçenin Arapça ve Farsçadan temizlenerek bağımsız bir dil durumuna getirilmesi.",1
Sözcük tanımada kullanılan bir başka sözdizimsel yöntem de yerine uygun koyma işlemidir.,0
"Adlar, sıfatlar, zamirler, zarfar ve ünlemler ad soylu sözcüklerdir, ad çekim ekleri alabilirler.",1
"On beş bin ve altı yüz sayı grubu, öncelikle on beş bin + altı yüz gibi iki ögeden oluşur.",0
"Örneğin, Ali her zaman çok saygılı davranır tümcesindeki **şiirimi olmasına** rağmen tümleçtir.",0
"Bir adam ki nasihat felah bulmaz, hiçbir vakit dinlemez.",0
"Fakat insan unsur kendi içinde sayı grubu, sıfat tamlaması ya da tek kelime olabilir.",0
Belirtili ad tamlamasi,0
Bazı cümleler de yapı olarak olumsuz olmalarına ragmen cevap ile olumlu bir anlam kazanır.,0
"Bu sebepleredir ki, Türk milletinin ebediyen payidar olabilmesi için, bir de Toprakla ihtiyacı vardır.",0
Türkçedeki şapka sorunuda harf ve ses ilişkisinden kaynaklanır.,0
"Örneğin yavaş konuşma için fısır fısır, gürültü için gümbür gümbür, tavuk sesi için gıtgıdak, inek sesi için möö göstergeleri benzer",0
Bu kınama ve tepkinin ilk örneğinde XIV. yüzyılın önemli şairlerine biri olan Kırşehirli Aşık Paşada görürüz.,0
Mevcut pek çok eserde genel olarak Türkçenin Ural - Altay dillerinin Altay koluna mensup olduğu dile getirilir.,1
Yalın Durum Yalın durumu gösteren herhangi bir ek veya öge yoktur.,1
"Söz ya da hece sonunda bulunan ünsüz çiflerinin tamamında ilk ünsüz akıcı /l, n, r/ ünsüzlerinden biri veya /s/dir.",1
Liseyi bitirdiğim yıl (1936 -1937) üstümden büyük bir yük gitmiş gibi hafiflediğim.,0
"Çoklukla bu ekler her iki ögeye, nadiren de olsa yalnızca birinci veya yalnızca ikinci ögeye getirilerek kullanılır.",1
Mevcut pek çok eserde genel olarak Türkçenin Ural - Altay dillerinin Altay koluna mensup olduğu dile getirir.,0
Türk alfabesinde yer alan harflerin her biri genel olarak çok sesli değerini gösterir.,0
"Kılınış, eylemin zamansal iç yapısıyla ilgili bir kategoridir?",0
Yakın Anlamlı Ögelerden Oluşan Tekrar Grupları: Bu yapılarında grubu oluşturan ögelerde anlam yakınlığı vardır.,0
"Oysa günümüzde Türkler için varlığın hayvan bölgesi daha çok hayvan, böcek, kuş, balık diye dört çeşittir.",1
"Titreşim Ses Bilimi ise seslerin süre, titreşim, sıklık, yükseklik gibi ölçülemeden fiziksel değerleriyle ilgilenir.",0
Biçimbirim: Yapı ve ses açısından anlamlı veya işlevli daha büyük birimlere ayrılamayan ögelerdir.,0
Aşağıda sağlığın yanlış olarak kullanıldığı yaygın sözcüklerden küçük bir liste verilmiştir.,0
"Seslerin gerçek değerini göstermek üzere kullanılan, özel işaretler taşıyan alfabeye çeviri yazı (transkripsiyon) alfabesi denir.",1
"Bu durumda araştırmaya konu olan dillerin % 62,1inin 5-9 arasında ünlüye sahip olduğu ortaya çıkmaktadır.",1
Buna karşın emmeli akciğer hava akımı düzeneği ile oluşturulan sesler hiç bir dilde konuşma sesi olarak kullanılmamaktadırmış.,0
"Kısaltma grupları iki isim unsurundan oluşup ikinci unsur, genelde bir nitelik ismidir.",1
"Örneğin, Türkçede tüm eylemler istisnasız zaman, kişi, sayı, çatı ve kip bilgisini; tüm insanlar da, sayı ve durum bilgisini taşırlar.",0
Sıfat tamlamaları cümlede herhangibiri öge olarak yer alabilir.,0
Bir bölüm Kıpçakın Ermeni Gregoryan mezhebini kabul ettiğine ilişkin bilgiler.,0
Karaağaç gibi bir bileşik sözcükte iki kök vardır.,1
Sıfatların bir alt derecesi ise eşitlik durumu eki -CA ile yapılır.,1
"Dile kesintisiz olarak yeni sözcükler eklenir ve artık işlevselliğini kaybetmiş olan eskiler, zaman içinde dışlanarak kaybolmaz.",0
"Bazı zamirler, isimlere gelen her çekim ekini alamaz; bazıları çekim eklerini alırken isimlerde olmayan özellikler gösterir.",1
"Türkçe Kökenli Sözcüklerde Bulunmayan Ünsüzler Türkçe, ünsüzler açısından kendine var özgü bazı özelliklere sahiptir.",0
"Sıfat tamlamasını oluşturan tamlayan veya tamlanan, bazen de ikisi her birden kelime grubu olabilir.",0
"Bunlara düşme, türeme, göçüşme, ikizleşme, tekleşme gibi daha nadir görülen ses olayları da eklenebilir.",1
"Güven, M. (2008). Görünüş terimlerinin Türkçeleştirilmesi üzerine bazı gözlem ve öneriler.",1
Özellikle ünlü uyumu Türkçenin tipik özellikleri arasında yer alır.,1
"Client/Server, Dounsizing, Application Systems, vb. Bunlar karşılık bul-mayı düşünüyor musunuz?",0
"Uzun vadede bu stratejiler, ekonomik, politik ve teknolojik değişmelerde karşılık",0
Evlerden birinin kamburlaşmış belini üç uzun direkle desteklemişler.,1
"Türkçedeki uzun ünlülü sözcükler başta Arapça ve Farsçab FRansızca, İngilizce vd. dillerden kopyalanmıştır.",0
Eğer dil göstergeleri soyut olmasaydı tek tek her elma için ayrı bir ad verilmesi gerekirdi.,1
"Eski tarihler, hiçbir istilanın bu dağların tepesinden Türk hürriyetini indiremediğini yazarlar.",1
Bağımlı sıralı cümlelerde cümlenin her ögesinde ortaklık olabilir.,1
"Toplumlara bütünlük, süreklilik veren ve dayanıklılık veren amiller tarih şuuru, din, içtimai heyecan, gibi kuvvetlerdir.",0
Havanın ağızdan veya burundan çıkması da önemli bir ölçüttür.,1
Birçok yerde aynı bilgiyle karşılaşan insanlar farkında olmadan bu kelimelerin doğrusunu öğrenebilir.,1
"Bu politikalar tek dillilik, farklı çok dillilik, ulusal/bölgesel dil sistemleri olmak üzere üçe ayrılabilir.",0
Türkçedeki bazı deyimler de yine toplumun ihtiyaçlarıyla ilgili olmak üzere zamanla yerlerini bırakmışlardır.,0
**ünlülere** sesli yerine sessiz; ünsüz yerine terimleri Bugün kullanılıyor.,0
"Tahmin edilebileceği gibi bu tür düzenli değişimler; bir nesneye sahip olan yapılar, yani geçişli fiiller için geçerlidir.",1
"Ortasında çizgi bulunan l harfi, kal, dal, bal vb. örneklerdeki gibi art avurt lsini (kalın l sesi) gösteririr.",1
"Şartlı birleşik cümle, temel cümleye şart ifadesine dayalı bir yan cümle ile bağlanmış cümlelerdir.",1
"Soru eki olarak da bilinen mX, bağlaç olan dA edatı gibi ögeler enklitikler olarak geçer.",1
"Bunlardan hepsi Türkçe terimleriyle kullanım sahasına girmiştir: Çılgın sığır, kuş virüsü.",0
"Aşağıda biçimbirimlerin olan sağlamadan bildirme, sonra da durumu bildirme karakterlerini üzerinde olacak.",0
"Bunlara yardımcı ses denmesinin nedeni, eklenme sırasında yardımcı bir öge olarak görev yapmazlar.",0
"Meselan öğrenci argosu, balıkçı argosu vb. Argo, bir dil içerisinde sonradan türemiş bir anlatım biçimidir.",0
Bu ölçütleri kullanıldığınızda cümledeki kelimelerin sınırlarının açık olduğu görülür: Yıllardır o Aydın Beyi gördüm.,0
"Ses bilgisi, fonetik olarak da adlandırılacak.",0
Cümlenin temel ögeleri yüklem ve öznedir.,1
"Türk yurdu daha çok büyüktü, ve yakın uzak zamanlar düşünülürse Türk yurtluk etmemiş bir kıta yoktur.",0
"Bu bütünün parçaları da işlevlerine göre özne, yüklem, nesne, yer tamlayıcısı, zamanı belirtici olarak adlandırılan cümle ögeleridir.",0
Gerçi bu gönül rahatlığı ile başvurulacak bir değildir. tedbir,0
Türklerin kendi yazdıkları belgelere ile ilgili olarak sürekli yeni bilgiler ortaya çıkmakta ve yayınlar yapılmaktadır.,0
Çuvaşça dāhil olmak üzere bütün Türk dilleri bu dönemde henüz ayrı halindedir.,0
"Kırkgözden itibaren iki tarafınızda susuzluktan çatlayan, adeta kabuk tutan topraktan bir su damarı geçiriniz: Kil gibi ekinler gibi ürer.",0
"Ancak diğer yapım eklerinden farklı olarak bir fiil, bu eklerden birini aldığı zaman fiillere özgü yüklem olma gücünü kaybetmezler.",0
Türkçe sözcük yapısının en belirgin özelliklerinden biri ünlüler arasında nitelik açısından farklılık,0
Türkiye'nin bütün sıkıntıları kaynağındaki eğitimin kalitesizliği en önemli yeri tutmaktadır.,0
Bu sebeple ünlem grubu cümlenin dışında olmasıyla birlikte anlamın içinde bulunan dil birimidir.,0
"Kahramanların, efendilerinin kullandığı söz veya deyim ifadeleriyle sözcüksel birim olarak açıklanmaktadır.",0
"Okurken tereddüte düşüren, onun zihninde soru işareti oluşturacak anlatımlardan kaçınılmalıdır.",0
"Türkçede ise, nasıl soru sözcüğüne kişi eki getirilerek Nezaman sorulmaktadır.",0
"Esas fiildeki oluş veya kılışın hiç kalsın, neredeyse gerçekleşeceği anlamı katılmaktadır.",0
"Bütün millete, köyünde, çobana, hamal, sandalyeciye öğretiniz.",0
"Bazı dillerde ise kadınların, erkeklerin kullandığı biçimlere oranla daha eski biçimleri süren takip ettikleri gözlenmiştir.",0
Liseyi bitirdiğim yıl (1936 -1937) gibi üstümden büyük bir yük gitmiş gibi hafifledim.,0
"Ermeni Alfabesi Ermeni harfi Kıpçak Türkçesi metinleri, özellikle Kafaslarda ve Karadenizin kuzeyinde karşımıza çıkar.",1
"Zamanla ilgili İngilizce kaynaklarda bu ayrım, sırasıyla time ve tense kavramlarıyla anlatılır.",1
Ona göre milli kültür cumhuriyetin vazgeçilmez bir unsurudur.,1
Sıra Sizde 4 Örtbas sözcüğü sık ve ses sözcüklerinin birleşmesiyle oluşmuş ve yeni bir anlam kazanmamıştır.,0
"Nadiren de olsa karın, karın, karın vd. eşsesli kelimeleri birbirlerinden ayırmak üzere de kullanılmaktadır.",1
Dünya dillerinin ünsüz dökümleri 6 ile 122 arasında değişmektedir.,1
"Noam Chomsky (1928-), insanların zihninde kalıtımsal bir dil bilgisi olmadığını söylüyordu.",0
"Cinsiyete, yaş gruplarına, mesleklere ve toplumsal katmanlara bağlı olarak dil de değişir, farklılaşır.",1
Bunları yapabilmek için ise belli birtakım bilgi ve tecrübe ve tecrübelere sahip olması gerekir.,0
Günümüz Türkçesindeki gelişmelerin tamamını bu kitap çerçevesinde ele almak imkansızdır.,1
Simdi Eskişehirde olacak kipsel She will be in Eskişehir yesterday.,0
Seslerin değişik özelliklerini inceleyen bir alan olan sesbilgisinin 3 üst alanı vardır.,0
Eğer şöyle evinizin önünde iki tane ağaç varsa sabahları cıvıl cıvıl kuş sesleriyle uyanabilirsiniz.,1
"Cümle içinde nesne, yer tamlayıcısı ve zarf tümleci, cümlenin tamamlayıcı ögeleri olarak adlandırılır.",1
"Bir sözcük sınıfı, (sözlüksel ulam veya ezik türü de denir), kendisinin ayırt edici özelliklerini paylaşan sözcüklerden oluşur.",0
"Ses Bilimi Ses bilimleri, diller üzeri bir yaklaşımla insan dilindeki seslerin fiziksel özelliklerini incelediği belirtilmişti.",0
Bu ilişkiler yakınlık/kaynaşma biçiminde ise bu yoğun ve çok yönlü bir toplumsal ağa işaret eder.,1
"Bu görünüşün Comrie (1976) temelli diğer türleri ise deneyimsel tamamlık, tümel tamamlık ve uzak gelecek tamamlıktır.",0
Ünlü uzaması gibi ünlü kısalması Türkçe ve alıntı sözcüklerde ayrı ayrı ele alınmalıdır.,0
"Genel dilin sözcüklerine bazı özel anlamlar vermek ve özel birtakım sözcükler katmakla oluşan argo, bir çeşit özel dil sayılabilir.",1
"Bu anlatış ile toplumdaki insanların, yani bir arada yaşayan fertleri sımsıkı bağlar.",0
"Dil türlerini açıklayabilmek Dil dendiği zaman insanın ilk aklına gelen, konuşma ve yazarak eylemleridir.",0
"İsimden sıfat yapım ekleri -lX ve sXz, isimden fiil yapım eki -lA gibi bazı yapım eki de oldukça işlektir.",0
Zuluda ise bir kadın kayınpederinin adını söylemeye izinli değildir.,1
Kuruluşu sıralarında benimsenmiş olduğu bu parolasiyle Fakültemiz ne kadar kıvansa yeridir.,1
"Anadili konuşucuları, konuştukları dilde bir yapının dilbilgisel olup olmadığına dair anlatımda değerlendirmeleri yapabilirler.",0
"Birleştirmelerin çoğunda asıl öge, sondaki veya sağdaki sözcüktür.",1
Her dilin kendine özgü bir yapı ve işleyişi vardır.,1
"Yükümlülük kipi, yaptırım gücü olan bir kaynaktan çıkışlı değildir.",0
Fakat yarın ne olacağı kimse bugünden kestiremez.,0
"a cevabını, elbette",0
Basında daha önce ve daha sonradan farklı bir şekilde örneği görülmeyen ve görülmeyecek olan tartışmalar başladı.,0
"Buna karşılık, korunma ve düşme biçiminde ikili durumlar işitilir söyleyişte: meşale ~ meşale suni ~ suni vaka ~ vaka.",0
Edebali şerbet bardağını ağzından hızla çekti.,1
"Aynı şekilde, ilgili bölümde göreceğimiz üzere daha sıfat veya zarf türeten ekler de vardır.",0
Aynı biçimde th olarak yazılan ses Türkçede yoktur.,1
"Ancak iletişim şehirleşme, ulaşım ve imkanlarındaki gelişmeler sonucunda bu durum değişmiştir.",0
"Sözcük öbekleri, eklenmes açısındanda tek bir sözcük gibi işlem görüp ve çekim ekleri öbeğin son ögesine getirilir.",0
"Her sözcük sınıfının ayırıcı özelliklerinin tümünü taşıyan üyesi, o sınıfı temsil etme niteliği yüksek olan merkez üyedir.",1
"Bu gruplar genellikle isim-fiil, sıfat-fiil veya zarf-fiil gruplarından kısalılmış ve bunların bir kısmı kalıplaşmıştır.",0
"Çoklulukla bu ekler her iki ögeye, nadir de olsa yalnızca birinci veya yalnızca ikinci ögeye getirilerek kullanılır.",0
"Deyimler derin anlama sahip yapılar iken, birleşik sözcüklerin böyle bir özelliği yoktur.",1
Tonsuz baskının aynı hece üzerinde bulunması durumunda ilk hece daha belirgin biçimde vurgulanmış olur.,0
İnsanlar sözcüklerin esnasında mümkün olduğunca az enerji harcamaya eğilimindedir.,0
Bu tür yapılarda nesne konumundan özne konumuna geçen unsur sözde özne denmektedir.,0
Bunları gelişigüzelsiz bir şekilde bir araya getirirseniz,0
"Değişik coğrafyalarda çeşitli devletler kuran Türk soylu halklar, dillerini de bu coğrafyalarda yaygın hale getirmiştir.",1
"Oysa öznede böyle bir olamak söz konusu değildir, nesnesi belirtisiz olan cümlelerde özne ayrıca yer alabilir: Ali, çay içti.",0
Ancak Çin kaynaklarından öğrenildiğine göre buradaki Tibet varlık ve Tibet kültürü uzun süre devam etmiştir.,0
"Tutanağı yazan kişi, toplantıda söz alanların düşüncelerini (veya beyanlarını) açık ve öz olarak aynen yazar.",1
"olmayan dilinin kalıplaşmış biridir birikimiyle Türk Dilinin bu yüzyılların etkili temel unsurlarından sözler,",0
Revirde bulduğum bir makası kavradığım gibi koğuşa uçmuşum uy kankan.,0
Sabahtan beri uğraşıyor.,1
Kişilerin söz varlığının sınırlı hatta kısır olması da Türkçenin bir zenginlik gibi görülür.,0
"Bu çalışmayı böyle bir ayrım yapılmamış, bütün ekler önlerine konan bir tire ile gösterilmiştir.",0
"Türkçe, Türk kültürünün bütün yoksulluklarını yüzyıllardır yazıyla taşıyıp aktarmaktadır.",0
"Dünyanın bir başka yerinde, Man Adasının, Ned Maddrell 1974te öldü.",0
"Cinsiyete, yaş gruplarına, mesleklere ve toplumsal katmanlara bağlı olarak dil de değiştirir, farklılaşır.",0
Buna karşılık aynı sözcük üçüncü cümlede ana cümleyi bitirmez.,1
"Konuşucuları 100den az olan diller yok olmaya o kadar yaklaşmıştır ki, beklenmez olarak yeniden yaşarlık kazanmaları gündelik dil.",0
Mülayim ve barışsever bir halk olan ve daha çok ticaretle uğraşan Soğdluların eski Türklerle ilişkileri daima dostça olmuştur.,1
"Cümlede tek başına kullanılabilen, başka bir ögeye ihtiyaç duymayan biçimbirimlere bağımsız biçimbirimler denir.",1
Yeni sözcüklerin yapımında çok kullanılan veya çok sayıda sözcükte bulunan eklere işlek çekişir denir.,0
"Hatta uzun cümlelerin kısaltılmasını, gereksiz edat ve deyimlerin bırakılmasını emretmişti. 3 Atıf, Hüsnü: Defter.",1
"Uygur alfabesi, Fatih ve II. Bayezit devirlerinde Osmanlı sarayında bilinen ve kullanılan bir yazı sistemidir.",1
"Uzunluk çağ-daş Türkçede hem Türkçe sözcükler için hem de alıntı sözcükler bir için anlam ayırıcıdır, yani sesbirimdir.",0
"Bunun üzerine Ertuğrul, güven kazanmak için daha azını yapıyor ve halkının eşyasını genç kadınlarla gönderiyor.",0
"Sağdan itibaren ikişer veya üçer ayırıp aralarına nokta konulur: 10.00 YTL, 1.500.00 YTL, 125.350.00 YTL gibi.",1
Ayrıc Eski Türk Runik yazısının sağdan sol yazılması da Sami kökenli olduğunu kanıtlayan bir başka kanıt olarak gösterilmektedir.,0
"Ayırıcı işaretler: Temel harferin üstüne, altına veya yanına konulan yardımcı işaret ya da simge.",1
İthal ürünlerin satışında karşılaşılan sorun ise kullanım kılavuzlarında Türkçeye yer verilmesidir.,0
Dilimizin söz varlığında karşılığı bulunsa da yabancı kaynaklı sözleri kullanmak bir özenti halini aldı.,1
Ancak sanılanın tersine Osmanlı dönemimde Türkçe sadece alıcı dil durumunda değildi.,0
"Sözcükler yaşayan tümceler içinde kuru varlıklar olmaktan çıkar, kazanırlar yaşarlık.",0
Bugün yeryüzünde yalnızca kendi sözlerine dayanan hiç bir kültür ve dil medeniyet yoktur,0
Kaç çocuğu olduğu sorusuna soran kişi yaşça büyükse ellerinizden öper sözleriyle başlanarak cevap verilir.,1
Bazı dillerin çekim sistemlerinde ise gramatikal zamanı gösteren biçimbirimler bulunmaz.,1
Ekler kendilerinden daha çok anlamsız parçalara bölünemez.,0
Ancak ses bilgisi dersi almış olan biri bilmesi gereken terimlere metinde yer verilmiştir.,0
Kurum adının sağ altına kurumun bulunduğu şehir adı yazılır. Daha sonra konunun belirlendiği metin bölümüne geçilir.,1
"Ünlem olarak kullanılan kelimeler, çekim eki almaz; ancak isimleşirse çekimde iyelik eklerini alır: Senin ah eklendiği zaman tutar.",0
"Müzik dinlemek, doğayla iç içe olmak anlaşılma güçleşebilir.",0
"Yerel ağızlarla standart dile arasında, ötümlüleşme açısından önemli farklar vardır.",0
Sözcüğün farklı eklerden oluşması bu durumda önemli değildir mi?,0
"Gerçek mal gerçek sevinçleri, gerçek gülüşleri doğurur.",0
Yeniden sözcüğü gözden geçireceğiz yükleminden önceye taşınırsa kalkar anlam bozukluğu ortadan.,0
"Buna göre de işaret sıfatları, soru sıfatları, belirsizlik (belgisiz) sıfatların, sayı sıfatları olmak üzere gruplara ayrılırlar.",0
"Fiillerde ise ekler sırasıyla kılınma, çatı, olumsuzluk, görüntüş/kip, zaman, kişi ek şeklindedir.",0
Yardımcı seslerin bağlama ünlüleri ve bağlama ünsüzlerinden olmak üzere iki türü vardır.,0
"Bu yüzden sözlükler, bir sözcüğün birden fazla anlamını sıralaması.",0
"Yazar, olayın geçtiği tarihinde (bazen saatte) belirtir, o ana ait duygularını ve düşüncelerini ortaya koyar.",0
Dilbilim insan dili denilen olgunun özelliklerini araştırır ve onun niteliğini amaçlar ortaya çıkarmayı.,0
"Bunlardan Soğd, Mani, Brahmi, Süryani, Grek, Ermeni, İbrani alfabeleri belirli tarihi dönemlerde ve çevrelerde kullanılmıştır.",1
Dil değiştirir; bütün doğal diller çeşitli nedenlere bağlı olarak sürekli bir değişim içindedir.,0
Böyle olunca kendi soydaşlarının hürriyet ve bağımsızlıklarına kayıtsız davranması elbette uygun görülemez.,1
"Yazdığı konu ile ilgili kendi düşüncelerini, görüşlerini, duygularını rahatlıkla anlatabilir.",1
"Aynı parçalanabilen ögelere oluşturan, yazılışları aynı olan sözcükler, doğal bir konuşur metin içerisinde karıştırmaz.",0
Türklerin tarih boyunca kullandıkları alfabelerle Türkçenin yazımında kullanılan sembollerin sayısı farklıdır.,0
"Daha yüz yıl önce, Maddrellin doğumuna az kala, 12 bin kişi (ada nüfusunun yaklaşık üçte biri) Man dili konuşmaya devam ediyordu.",1
"Kişi (şahıs) ekleri: Kişi ekleri ne kadar, yüklemin belirttiği işle doğrudan bağlantılı olan kişiyi gösterir.",0
Bu yetki yasayla verilmiş olabileceği gibi zaman içinde ortaya çıkmış kabullerle de olabilir.,1
Sözcüğün farklı eklerden oluşması bu durumda önemli değildir.,1
Tıpkı insanların sınırlı sayıda kelime kullanarak konuştuğu görüşlerinin savunulabilecek bir temeli yokmuş gibi.,0
Fiziksel seslerin çıkarılış özelliğinden ötürü gösterenler ancak art arda sıralanamaz.,0
Kuralcı Dilbilgisi dilbilgisidir kuralcı dile bir içeren bir yaklaşım kuralcı.,0
O konuyla ilgilenen uzmanlar önceden bildirim özetlerini gönderirler.,0
Gizli özne dilbilimde gelenek olduğu üzere (7b) ve (7c)de olduğu gibi adıl gösterilir.,0
"Bir kültür dairesine giren toplumlar da o kültürle ilgili sözcükleri, deyimleri alırlar.",1
Hikaye ve rivayet anlatımlarında birleşik çekim eki genellikli son cümleye getirir.,0
"İsim soylu kelimelere çekim eki olarak sırasıyla çoğul, iyelik ve durum ekleri kaybolur.",0
"Türkçede [ñ] sesi [n] sesinin bir değişkesi iken, yani sesbirimcikken, İngilizcede /ñ/ ve /n/ iki ayrı sesbirimdir.",1
"Burada toplumumuza, özellikle aydın kesime, sanatçılara, yazarlara düşen hakları vardır.",0
Ses telleri gırtlağın kenarında olduğu için dalgalanma hareketi olmaz; dolayısıyla gırtlağın sallantısı olmaz.,0
İnsanın bilimve teknoloji yardımıyla doğa kendi ihtiyaçlarına uygun yollarda etkilemesi sürecinin sonu gelmez.,0
"Bükümlü diller 3. Eklemeli diller Yalınlayan dillerde her kelime kök biçimindedir, ek var.",0
"üksek ve inkılapçı bir kültür seviyesine varmak için, önümüzdeki yıllarda daha çok emek vereceğiz.",1
"Hiç olmazsa başkalarının, kendininkine uymayan inanışlarını bilmemezlikten, duymamazlıktan gelir.",1
Ancak diller arasında hangi alanın daha karmaşık olabileceğine dair kimi olabilir farklar.,0
Bu yanlışlar kitle iletişim araçlarında yapılınıca tekil kullanımlar ne yazık ki toplumda hızla yayılmaktadır.,0
Masa ile hemen hemen aynı tarihte telif olunan diğer bir eser de Kutadgu Biligdir.,0
"Yapı bakımından sınıflandırmda daha çok dillerin ses, dilbilgisi ve kelime hazinelerindeki benzerlikler esas alınır.",0
"Türkçede Arapça asıllı amma velakin, bile yalnız gibi birkaç kalıplaşmış yapıda görülür.",0
"Öyleyse, çekim ekleri de işlevsel biçimbirimler gibi sözlükbirimler arasındaki görevsel bağları gösterirler.",1
Ayrıcasi belli durumlarinda görünen nöbetleşmelerile kalıcı durumlar arasında da fark gözetilmez.,0
Bükünlü dillerin en karakteristiği Arapçadır.,1
"Bütün Türklere yol gösteren temel görüş, vicdani hükümlerinde iyi ile kötüyü birbirinden ayırmak Türk ahlakıdır.",0
Bu sınırlı söz dağarcığı bazen genel olarak insanız ama çoğu zaman da gençlere atfedilir.,0
Yarınki açılış yemeğine tanıdığım bilmediğim ne kadar ahbabım varsa davet ettim; dolayısıyla her şey fazlasıyla bol olsun.,0
"Bireylerin konuşmalarının, onların ait olduğu sosyal ağlarla ilişkili olması şaşırtıcı değildir.",1
"Buna daha çok Batı kökenli, Batı kökenli sözcüklerde rastlanır.",0
"Türkçede, isimden bağımsız bir kelime türü olarak sıfatın bulunmadığı şeklinde yaygın bir görüş varsa da bu doğru değildir.",1
"Bazı kaynaklarda edatlar üst başlığı altında da toplanabilen bağlaçlar, edatlar ve ünlemler; çekim almaz eki.",0
"Konuşurlar, içinde bulundukları psikolojik duruma, resmi ya da gayriresmi ortamlara göre dili farklı biçimlerde kullanabilir.",1
Kitap okumayı Pınar seviyor.,1
"Birleşen ögeler arasında yalnızca yapı bakımından değil vurgu, bakımlardan süre da ilişkiler vardır.",0
Vasıta Grubu: Vasıta tarafından getirilen bir isimle bir başka cismin bir araya gelmesiyle oluşur.,0
"Ona bir kedi elbisesi diktiriyor, doğal post taktırıyor.",0
"Bunu; soru eki, soru enklitiği, soru edatı, soru parçacığı gibi terimlerle adlandırılan bir mu izlemektedir.",1
Bunun nedeni ünsüzlerin tek başlarına hece oluşturamamalarıdır.,1
Bağımlı biçimbirimler işlevlerine göre türetimsel ve çekimsel biçimbirim olarak ikiye ayrılırlar.,1
Yabancı dil öğretim ile yabancı dil öğretim ayrı uygulamalardır.,0
"Eğer bir ad cümlesinde nesne varsa o nesne, temel cümlenin değil söz konusu ad cümlesinin ögeleden birinin nesnesidir.",0
"Bu yönleriyle de isimlerden ayrılır; ilişkileri başka kelimelerle isimlerin, durum ekleri veya son takılarla sağlanır.",0
Roman dış dünyadan alınan bir olay çevresinde -lar -ur.,0
İşaret dil ler taraf inda de sonsuz sayıda tümce üretilir.,0
"Sosyal medya; hızına, değişime ve gelişime yetişilmesi oldukça güç, evrensel bir dünyadır.",0
Yukarıda da söz edildiği üzere Türkçenin bir başka yapısal özelliği de söz başında çif ünsüz bulundurmamasıdır.,1
Esasen bizim dili mi kullandığımız yoksa dilin bizi mi yönettiği çelişkili bir sorudur.,0
"Işte Atatürk, bütün bunları çok iyi bildiği için yenilgiye ulaşmıştır.",0
"Ancak öğretimin yabancı dille yapılması, pek çok olumsuzluğu da beraberinde getirmektedir.",1
"Çoğunlukla çift birleşimde yer alır, ağızlarda, eskimiş veya doğru çözümlenmiş örneklerde görülür.",0
Ancak kaynaklarda daha çok bir sözcüğün farklı biçimlerde söylenmesi olarak anlaşılır.,1
"Bu süreçler önek, içek ve sonekler kullanılarak önekleme, içekleme ve sonekleme şeklinde gerçekleştirilir.",1
"Varlıkları işaret, sayı, soru ve belgisizlik yönünden belirten sözcükler belirtme fiilleridir.",0
Büyük Türk milliyetçilerinin hemen hepsi düşünce sistemlerinde dine ön planda yer almışlardır.,0
Sesler hava akımının ağız boşluğunda dil ve alt çenenin hareketleriyle farklı biçimlerde engellenmesiyle oluşur.,1
Dilin ne olduğu konusundaki verilen soruların yanıt kısmı dilin hangi işe yaradığını belirtmek yönünde olur.,0
Ağızlar da edilirse ünsüzlerin sayısı daha da,0
Bitmiş cümlelerle söz dizimsel açıdan başka bir şeye ihtiyaç duymaz.,0
Türkçede bir hecede sadece ünlü bir bulunabilir.,0
"Bunlar, halkın kavrayamadığı incelmiş ve anlaşılmaz bir dil ile söz konusu ilimleri öğreniyorlar.",1
"Buna göre ek gelen köke, ünsüz ünlü ve uyumlarına girer.",0
İdarecilerin dili özenilen dil durumuna yükselir ve bu dille konuşmak ve yazmak moda haline gelirir.,0
İki sözcüklerden oluşan ikilemelerin en önemli özellikleri ses benzerliklerinin olmasıdır.,0
Olumsuzluk ögelerinin biçimi ve kapsamı diller arası ve içinde değişiklikler gösterir.,0
"Yazı diline yansıyamayan, konuşma dilinde kalan deyimler ise hem daha kısa ömürlü, hem de daha değişken olurlar.",1
"Ölçünlü dilde, Batı dillerinden kopyalanan elektrik, film, nötr, titr vb. sözcüklerde türemişi ünlü görülmez.",0
Bir dildeki yapılar hakkında değer yargılı ifade kullanan dilbilgisi kitapları kuralcı bir yaklaşım içinde yazılmışlardır.,1
"II. Meşrutiyet den sonraki ciddi çalışmalar, Atatürk tarafında esas anlamıyla hayata geçirilmiştir.",0
Demek ki var olan malzeme insan dilinin oluşabilmesi için belli bir düzene göre bir araya gelmekte,0
"İkilemede yer alır sözcüklerin ikisi Türk, biri Türkçe biri alıntı, ya da her iki de alıntı olabilir.",0
"Kök, Gövde, Taban Ekler kullanılarak yeni biçimler ortaya çıktıkça, bunlar alırlar yeni adlar.",0
Sıfat tamlamaları cümlede herhangi bir öge olarak yer alabilir.,1
Dua denildiğinde akla ibadethane gelmekle birlikte esasen dua etmek için özel bir mekana gerek yoktur.,1
Türemiş sözcük tek başına tabandan bağımsız olarak kullanılır.,1
Çünkü babasına inanın Osman.,1
Türkiyenin bütün sıkıntıları kaynağında eğitimin kalitesizliği en önemli yeri tutmaktadır.,1
"Kuşaktan kuşağa aktarılan bu emanete karşı, değersiz, manevi ve el değmemiş şeylere karşı duyulan saygı gösterilmelidir.",0
"Store işlevleriyle dolu olan kelimedeki yeri, eklerin hakkı doğrudan ilişkilidir.",0
"Yerleştirme aşamasında ölçünlü dilin eğitim, devlet yönetimi vb. kamusal alanlarda kullanılması sağlanır.",1
İşaret dillerinde her istenmektedir ifade edilemez.,0
"Türkçede ise, nasıl soru sözcüğüne kişi eki getirilerek Nasıl mı sorulmaktadır.",0
Bu yüzden sözde özne gibi kavramlarını kullanmak doğru değildir.,0
"Yazı dilinde, cümlede ilk kelimenin ve özel isimlerin büyük harfe yazımı da kelime sınırlarının başlangıcına işaret eder.",1
Demek ki var olan malzeme insan dilinin oluşabilmesi için belli bir düzene gelmektedir.,0
Ama sözcüklerdeki anlam ayırıcı öge diğer ses kapanmaz bağımsız olarak ortaya çıkmaz.,0
Özetlenerek alınmış kısımın sonuna dipnot numarası eklendi ve kaynak sayfanın altında belirtilir.,0
"Hem isim hem de sıfat olarak kullanılabilen kelimeler, sıfat olarak",0
"Ancak daha az görülmekle birlikte, olmayan yan yana ünsüzler arasında da göçüşme olabilir.",0
Öznenin iş yaptığı doğrudan etkilenen ve geçişli eylemi tamlayan sözcüklere nesne denir.,0
"Büyük bir emek, özveri ve gayretin ürünü olan bu Türkçeye yapılan çalışmalar hizmetlerden birisidir.",0
Genel dilbilim çalışmalarında eklemelilikten söz edilirken genellikle Türkçe örnek verilir.,1
"Örneğin yıkandım, görüştük cümlelerinde eyleme konu olan kişiler, bizzat öznelerdir.",1
"Kuzey kolunda Abazaca, Çerkezce, Çeçence, Kabaryacalar, vb. diller, güney kolunda ise Gürcüce, Lazca, Migrelce bulunmaktadır.",0
"Bu ölçüt için Türkçe kaynaklarda, damakların ortalamasını esas almak daha alışılmıştır.",0
Alıntı sözcüklerin Türkçede genel bir eğilimi olduğu bilinmektedir. öndamaksıllaşma,0
Bir sözcükbiçimin çekim ekleri çıktıktan sonra kalan kısmı değildir.,0
Biçimbirimler de sözlükbirimler gibi soyut zihinsel simgelerdir.,1
"Türkçede, birleşik eylem dışındaki bütün birleşik sözcükler, ad soylu olarak kabul edilmez.",0
TÜRKÇE YAZI VARLIĞI Deyimler Deyimler anlatıma açıklık kazandıran ve renk katan söz varlığı ögeleridir.,0
"Ses yalancı bunu üç kötü alanda gerçekleştirir: Söyleyiş Ses Bilimi, Göze Ses Bilimi ve İşitsel Ses Bilimi.",0
İ İyelik Eki: Nesne veya kavramların bir başka nesne ya da kavrama ki olduğunu gösteren eklerdir.,0
Belirtisiz ad tamlamaları kalplaşmaya elverişli olmayan tamlamalardır.,0
"Kök, türetme eki almamış sözcüğü, gövde ise bir türetme eki ile türişmiş olan sözcüğü göstermek için kullanılacaktır.",0
"Oysa isim cümlelerinin geniş zamanında, 3. tekil kişide hiçbir ek almayan ihtiyaçları yoktur.",0
"Benzer süreçler, bir kök veya gövdeden, eklenmeyle veya birleşme sonucu yeni sözcüklerin türetilmesi sırasında da görülebilir.",1
"Kompozisyon yazın dendiğinde birinci paragraf giriş, ikinci paragraf gelişme, üçüncü paragraf da sonuç şeklinde yazmamalılar.",1
Özellikle ana sayfalarının kapalı erişme açılmasıyla herkesin zorlukla ulaşabileceği bir bilgi olmuştur.,0
"Türkçe dili üzerinde araştırma yapmak, yaptırmak, 2. Türkçe dilinin güncel sorunlarıyla ilgilenerek çözüm yolları bulmak.",0
"Bu karşılık bulmada Türkçe, ekleme ve birleştirme diye adlandırabilirsiniz.",0
Niteleyicilerin zorunlu öge olarak kullanılışı bir başka alan da yüklemcil konumudur.,0
Bunlar sözcüklerin dizilimi gözetilerek uygulandığı için sözdizimsel kurallar olarak anılırlar.,1
"Mebuslar, geldikleri bölgelerde konuşulan Türkçe ile konuşuyorlardı.",1
"Türk millleti tarihinle öğün, çünkü senin ecdadın medeniyetler kuran, devletler, imparatorlukları yaratan bir mevcudiyettir.",0
"Genellikle belli bir öznenin hareket veya durumunu gösterir ve bu bözne, genellikle iyelik ekisiz eklenmesiyle gösterilir.",0
Kendisi dolayısıyla dünyayı hangi dilde öğrenmişse da o gerçeklik dilde dünya kazanıyordu.,0
"İnsan, dil tek bir zaman ekini, tek bir kişi ekini değiştiremez, dilin üretim yollarının dışına çıkamaz.",0
Türkçeye yer verilmemesi durumunda kullanım kılavuzlarında uygulanacak ceza mevzuatımızda yer almaktadır,0
"Bütün dünya Türk milleti hakkını, hasiyetini, şerefini tanıtmaya kadirdir ki bilmelidir.",0
Bu yetki yasayla verilmiş olabileceği gibi zaman içinde asılsız inançlarla de olabilir,0
"Badem ağaçları aldanılmış, çiçeklerini don vurmuştur.",0
Düzenli olarak bize kitabı hatırlatırarak kitabın sonuçlandırılması en önemli katkıyı o sağladı.,0
"Aslında bu biçim, siz-üm ile örneğindeki gibi, adlara ilgi durumu eki ile bağlanan son çekim edatıyla oluşturulur.",0
Enstitü 1948 yılında Beyazıt Hamamı arkasındaki Seyyid Hasan Paşa Medresesine geçmiştir.,1
"Teşekkür ya da önsöz, rapora katkı sağlayanlara teşekkür edilir.",1
"Gösterge, bünyesinden birbirini tamamlayan iki öge bulundurur.",0
Temel öğretimde yardımcı ünlüler yaşasın sözcüğüyle kısaltılmış olarak öğretilmektedir.,0
Daha çok sıfat tamlaması özelliği taşıyan yapıların zamanla ayrılmış isim halini almış şekilleridir.,0
Bu eğilimler sadece alan uzmanının değil dil ilgilisi olanların da çok ilgisini çeken konuları kapsar.,0
"Ayrıca geleceğin mimarı olacak pozisyonunda bulunan siz gençlerimize de sağlık, mutluluk ve üstün başarılar dilerim.",0
Birleşik isim grupları söz varlığının bir parçası olarak genel sözlük unsuru değildir.,1
"Bir ek, örnek olarak -cAk ek, oyuncak kelimesinde olduğu gibi kelimenin türünü değiştirmeden de görev yapabilir.",0
Son yıllarda bu başka bir alandaki açığı gidermek için yine de önemli çalışmalar yapılmıştır.,0
Dillerin sınıfandırılma ölçütleri tarihsel geliştirmelerini veya dilleri arasındaki ilişkiler üzerine dayalıdır.,0
Bu kurumlar aracılığıyla Anadolunun çeşitli bölgelerine gönderilen uzmanlar tarafından tarama ve derleme faaliyetleri başlatılır.,1
"Türkçede yapım ekleriyle çekim ekleri, çoğu durumda kesin çizgilerle birbirinden ayrılır.",1
"Fince, Macarca, Japonca hatta Afrikada konuşulan Swahili dili yüksek dair eklemeli dillerdir.",0
Buna karşılık Anadolu ağızlarında kök hecedeki kapalı /e/ sesbirim olarak kullanılmaktadır.,1
Şimdi sırasıyla ünsüzler ve ünlülerin nasıl oluştuğuna ve seslerin nasıl betimlendiğine bakalım.,1
Türkçede en yakın akrabadan en uzak akrabaya kadar her birine farklı bir ad verilmiştir.,1
"Diş Eti-Damak Ünsüzleri: Dil ucunun diş etine değmesi ile oluşan seslerdir: olmayan seslerdir: /c/, /ç/, /j/, /ş/ sesleri bu gruptaki seslerdir.",0
Ses bilgisi terimi Türkçe karşılığı olarak fonoloji kullanılır.,0
"Türk Akdenizinin ovalarında her gün yeni bir kanal, hayatı bir bahar gibi kurutmaktadır.",0
"Eflatuna göre eğer bilgimiz yalnızca deneyimsizlerimizden gelmiyorsa, bu bilgi ancak doğuştan gelmelidir.",0
"Ancak sözcük veya heceler Türk, alt, ölç, üst vb. gibi belirli ünsüz çifleri ile sona erebilir.",0
"GDb grubunda Özbekçe ve farklı Özbekçenin değişkeler, GBd grubunda Modern Uygurca, Sarı Uygurca ve Salırca/Salarca yer alır.",0
"Bazı dillerde heceler ünsüzle bitemez, Arapçada olduğu gibi bazı dillerde hece yalnızca ünsüzlerle başlayabilir.",1
"Kuzey Türkçesi pek çok eserini Türk dünyasının en güneyinde, Mısır ve Suriye de vermiştir.",1
Yazılış ve dikiliş tarihi bilinen büyük yazıtlar Moğolistanda Orhon Irmağı kenarında bulunan Köktürk Yazıtlarıdır.,1
"Bu durumda araştırmaya konu olan dillerin % 62,1-ı 5-9 arasında ünlüye sahip olduğu ortaya çıkmaktadır.",0
"Anonim olan masalların, ağızdan ağza nakledildi için kendine özgü bir anlatım biçiminin ve planının oluşmuştur.",0
Arap ve Fars Kültürleri zaman zaman idareciler bile tesir etmiştir.,0
Dil bir köprüdür.,1
"Göstergenin nedensizliği denilen bu durum, dil bilimsel araştırmalar en önemli ilkelerden biridir.",0
Bu alfabenin Rus topraklarına girmesi başlar 9. yüzyıl ortalarında.,0
"Dipnotu kaynak eserse, yazarın adı, eserin adı, sayfa numarası, basım tarihi ve basım yeri yazılır.",0
Doğulu bilimin arkasında mevzi almış birkaç kocaman sarıklı görmek halkımız için yeterli değildir.,1
Bu üniteyi tamamladıktan sonra; Standart dil-ağız ilişkisini ve standart dili etkileyenler açıklayabileceksiniz.,0
En küçük ikilide iki ses birbirinin yerineme geçme ilişkisi içinde değilse aralarındaki dağılım bütüncül dağılımdır.,0
"Bu da ortaya bir alfabe sorunu çıkarmıştı.4 Alfabe veya kullanılan harflerin ıslahı, hiç de kolay değildi.",1
"Bireylerin günlük yaşam içerisinde öğrendikleri, neyin nasıl yapılacağına dair ortak edinimlerdir.",1
"Ayrıca tamlayan, tamlanan örneklerinde görüldüğü gibi terim türetmede daha yanlışır.",0
"Cumhuriyet devrimleri eğitim, hukuk, yaşam, dil vb. kültür hayatımızı ilgilendiren pek çok alanda gerçekleştirilmiştir.",1
"Türk milletinin ebediyyen payidar olabilmesi için, bir de Toprağa ihtiyacı vardır ki, Bu sebepledir.",0
"Geniz ünlüleri, gırtlak ünsüzleri, ayın ve hemze Türkçe için tipik olmayan seslerdir.",1
Kuralcı dilbilgisi yaklaşımına göre Dilbilim kitaplarını karıştırırken eriştim bu bilgiye gibi bir tümce iyi bir kullanım değildir.,1
Kule işçileri arasındaki iletişim koptuğu için kulenin inşasını tamamlamak da olasılığı olmayacaktır.,0
"Arap alfabesi, yüzyıllardır kullanılmasına rağmen, Türk dilinin tam olarak ifade edilmemesinde yeterli olmamaktaydı.",0
"Milli birliği kuvvetlendirmek için de vatani, medeni, mesleki ahlakların kuvvetlendirilmesi lazımdır.",1
Edebi metinlerle akademik metinlerin birbirinden ayırmak gerekir.,0
Kurallı (Düz) Cümle Türkçenin söz dizimi kurallarına uygun olarak yüklemin sonda olduğu cümlelere kurallı cümle denir.,1
"Bazı sözlükler, en az olman, tarihi kişilerin isimleri, yer isimleri gibi özel isimlere yer vermektedir.",0
Son yıllarda bu yöndeki açmazı gidermek için yine de önemli çalışmalar yapılmıştır.,0
"Ancak bu tür tercihler, konuşurun standart biçimi her durumda kullanacağı anlamına gelmez.",1
Neye bağırdığı anlaşmıyor.,0
"Bir yönüyle tarihe benzeyen anının, tarihten ayrıldığı nokta, yazarının kendi dünyasını dile getirmesidir.",1
"Günümüzde en geçerli ve yaygın yabancı dil nit QN eliği kazanm OPmış olan İngilizce, pek çok dili etkilemektedir.",0
"Uygur alfabesi Sami kökenli Soğd alfabesinden, daha doğrusu bu alfabenin kürsiv, yani işlek türünden **dışarı** çıkmıştır.",0
"Birleştirme, türetme vb. herhangi bir biçim bilgisel faydalanmaksızın yararlanmaksızın, yeni bir sözcüğün oluşturulmasıdır.",0
Osmanlılarda Uygurca yazan katiplere bahşı adı verilmekteydi.,1
Johanson 2007). Bu uyarlama sırasında alıcı dil sözcüğün seslerinde de kendi yapısal eğilimlerine uygun değişikliklere gider.,1
"Oğluna güzel bir kuşçuk tablası yaptırmış, bir de sahte, simli elbise diktirmiş.",0
"Nadiren de olsa karın, karın, karın vd. eşsesli kelimeleri birbirlerinden ayrılarak ayırmak üzere de kullanılmaktadır.",0
Olumlu etkilerinin başında kişilerin birbirleriyle kolayca içerik ve paylaşımında bulunabilmeleri gelmektedir.,0
"Bir bilimsel toplantıda yaptığımız konuşmayı, lise öğrencilerine yaparsak kimse bir şey anlamaz.",1
"Sözcük öbekleri, kaynaklarda sözcük grupları, kelime grupları, dizim bilgisi olarak da adlandırılabilmektedir.",1
"Bir akademik yazıda sadelik, akılcılık, neden-sonuç ilişkisi, sözü dolandırmadan ifade etme ve aranılan açıklık özelliklerdir.",0
İçeyerleştirme İlkesi de her insan dilinde var olan bir özelliktir.,1
"Özellikle eğitimcilerin, siyasetçilerin, avukatların, doktorların iyi konuşan insanlar olması mesleki başarılarının da bir ölçütüdür.",1
Yani bir biçimbirimin tüm değişkelerinin toplam o biçimbirimin kendisini oluşturur.,0
Kaleme aldığım son yazım arkadaşlık üzerine. 4 Aşağıdaki cümlelerin hangisinde birden fazla kelime grubu kullanılmamıştır?,1
Hecelerden birinin vurgulu söylenmesiyle birlikte ayrılır.,0
"Yapım ekleri, isim ve fiillerin kök ve gövdelerine eklenerek yeni isimler ve fiiller türetir.",1
"Bu, fiillerin bağımsız olarak kullanılabilmesi için başka bir ögeye ihtiyaç duyar.",0
Örneğin dokuz ve beş adları nesnesizdir ama dokuz beş nedenlidir.,0
Giyimimize sevgi göstermeliyiz.,0
Anlam ve yapı bakımında kendi içlerinde bir bütünlük taşırlar.,0
Eğer şöyle evinizin önünde iki tane ağaç varsa sabahları cıvıl cıvıl kuş sesleriyle uyanabilir miydiniz.,0
Kimi nesneler belirt-Belme (yükleme) durumu eki almadıkları halde belirli bir varlığı karşılayabilirler.,0
Ancak ana vurguyu almış olan hece veya sözcük diğerlerinden daha belirgin olarak söylenir.,1
"Unvan, meslek, akrabalık belirten kelime birleşik isim grupunun sonunda yer almış ise bu unvanlar grubudur.",0
"Türkçedeki uzun ünlülü sözcükler başta Arapça ve Farsça olmak üzere Fransızca, İngilizce vd. dillerden kopyalanmıştır.",1
"Sağda, körfezi çeviren büyük dağ yığını 3000 metre ve bulutlar engin Akdenize bakıyor üstünden.",0
"Osmanlıca döneminde sadece Arapça ve Farsçadan değildir, İngilizce, Fransızca gibi başka dillerden de kelime alınmıştır.",0
Yazıtlarla ilgili Osmanlıda ilk yapılan yayın Pek Eski Türk Yazısı adıyla Necip Asıma aittir.,1
Bu kelimeyi daha ve net bir şekilde ifade etmek istersek kelime gruplarından faydalanabiliriz.,0
Bağımsız biçimbirimler anlamlarına göre sözlüksel ve dilbilgisel olmak üzere farklılaşırlar.,0
"Örneğin, Türkçede sekiz sesli harf varken bu sayı Arapçada dört.",0
Türkçenin heceleme kuralları eklenmeyi de etkiler.,1
Çizgi her iki yanında ise de buralarda başka anlamların olması gerektiğini gösterir; ek içektir.,0
"Ancak sözcük veya heceler Türk, alt, ölç, üst vb. belirli ünsüz çifleri ile sona erebilir.",1
Bu devletin son ortaya çıkışı Selçuklu adıyla olur ve Selçuklular zamanında Anadolu büyük oranda bir Oğuz yurdu haline gelir.,0
Osmanlı halkı Türkçe çoğunlukla konuşur.,0
Köpek yazısı ilk olarak Karayimler tarafından kullanılmıştır.,0
"Kaynak dildeki söz sonu ötümlü ünsüz Türkçede ötümsüzdürken, eklenmede, bir ünlüden önce yeniden ötümsüzleşebilir.",0
"Kısa mesajlarda ünlüler yazılmayışı da dil sorunu; dilin bozulması, yanlış kullanılması olarak algılanmaktadır.",0
"Uzunluk, Türkçe ve alıntı sözcükler için farklı anlamına gelir.",0
Bu denemelerde diller sistemli olarak karşılaştırılmaya ve aralarındaki benzerlikler ortaya çıkarılmaya çalışıldı.,0
"Bu dönem kendi içinde Doğu Orta Türkçesi, Batı Orta Türkçesi ve Kuzey Orta Türkçesi olarak üçe ayrılır.",1
Sözü kağeetti.,0
"Aşağıda kipler, bilgi kipliği ve eylem kipliği olmamak üzere iki ayrı başlık altında değerlendirilecektir.",0
"Biçim bilgileri açısından kelime; yapım ve çekim taban oluşturan, ekleri alarak kendi içinde bir bütünlük sağlayan unsurlardır.",0
Bundan dolayı birinci eylemi aldığı onlara tümlecini son üç eylemden de bağlamak yanlıştır.,0
Ünlüler seslemsel seslerdir; ancak bazı dillerde bazı ünsüzler de seslemsel ses özelliği sergilerler.,1
"Bizim, bu düşmanımız, komşumuzun idaresinde dil bir, inanç bir, öz bir kardeşlerimiz vardır, onlara sahip çıkmaya hazır olmalıyız.",0
"Yapım morfolojisi, çoğu zaman sözlüklerde tanımlanması gereken yeni kelimeler türetir.",1
"Tüketici İngilizce bilmediğinden kılavuzdaki bu uyarıyı anlayamamış, çamaşır makinesine atmak kazak zarar görmüş.",0
"Doğu Türkistanın Turfan şehri çevresinde araştırma yapan bilim adamları, bu bölgede pek çok Nasturi kilisesine rastlamışlardır.",1
Bu yerdeğiştirme genellikle belli sözcüklerde görülmektedir.,0
Tamirci arabayı tamirci etti.,0
Özellikle ünlü uyumları Türkçenin tipik hataları arasındadır.,0
Bir kısım araştırmacılar bu alfabenin Likya ve Karya kökenli olduğunu ileri sürerler.,1
"Bu dinlerin etkisiyle edebiyat bir dini gelişti ve Çince, Tibetçe vb. farklı dillerden pek çok eser Uygurcaya tercüme edildi.",0
Dolayısıyla konuşma bir bakıma insanın da tanımanın bir aracıdır.,0
"Döneme ait iki eser, yalnız Karahanlıca için değil, bütün Türk dili tarihi açısından hiç önemlidir.",0
"Örneğin, ev-i-n-e, ev-i-n-de vb. Türkçenin ad durum ekleri Tablo 4.1de görüldüğü gibidir.",1
"Türkçede kökler, ad veya eylem kökü olabilir.",1
"Zamanla kendi dillerini, dinlerini muhafaza etmekle beraber tamamen Kıpçak dilini reddetmişlerdir.",0
Göz temasımızı dinleyiciler üzerinde sürdürmeliyiz.,1
Edat grubu E. Birleşik isim grubu 8 Aşağıdaki çeldiricilerden hangisi edat grubu değildir?,1
"Örnek türetimde sırasıyla dönüşlülük, işteşlik, ettirgenlik ve edilgenlik eki fiil kökdnü getirilmiştir.",0
Diller diğer yönleri gibi sesleri açısından da üstünlük veya gücü anlamında karşılaştırılamaz.,0
"Kısa sürede kitle iletişim araçlarında kullanılan dil, toplumun bütün kesimlerini etkilemiştir.",1
"Bundan dolayıs da kağıttrans okyma, yansıtcı kullanma gibi durumlara izin verilmemesini yadırgamaktadırlar.",0
Örneğin dokuz ve beş adları nedensizdir ama doksan beş nedenlidir.,1
Buna karşılık birleşik sözcüklerin ortaya çıkışında bir neden olduğu söylenebilir.,1
"Padişaha diyor ki: Oğlanı bu gece de bana verin, eğer onu konuşturamam gemim de sizin olsun.",0
Örnek olarak hasta olmak yerine mutlu olmak denilebilir.,0
Resmime 4te Türk İşaret Dilindeki bazı işaretler görülmektedir.,0
"Edebi eserler dışında mektup gibi, dilekçe gibi yazılı anlatım türleri de vardır.",1
"Bizim araba, sizin okul vb. b. Belirtme öbeği: İlk ögesi belirtme (yükleme) durum eki taşıyan kısaltma öbeğidir.",1
Özne Cümle temel ögeler grubunda değerlendirilen diğer önemli öge de öznedir. yüklemle birlikte.,0
"2. Aynı ses olayı farklı sözcüklerde, hatta tek bir olmayan sözcükte bile farklılık gösterebilir.",0
Türkçede kaydedilmiş bazı dil sürçmeleri şöyledir: Saba çarfetmiyorum Gazla kaş arası Çat taslasın...,1
Ne var ki bu konuda kesin bir karara varmak için her şeyden önce harflerin Müslümanlaştırılma gerekti.,0
Uluslararası yayınlarda kullanılan fonetik ve fonoloji terimleri Türkçede de alışılmışır.,0
"Örneğin; Durup dururken neden gitti anlamadım. cümlesinde soru edatı, cümleye soru anlamı değil, yadırgama ve sitem anlamı katmıştır. cümlesinde soru edatı, cümleye soru anlamı değil, yadırgama ve sitem anlamı _elıkılmıştır_",0
Buna karşılık Anadolu dilinde kök hecedeki kapalı /e/ sesbiri olarak kullanılmaktadır.,0
"Bunun yerine, bütün sözlüklerde çekirdek yapıya indirgenmiş biçimi olan nobran sözcüğünü bulacaksınız.",1
Gidiyorum; ama yine gerekmez.,0
"Kılınışlar, bakış açısı lenslerinin üzerinde çalıştığı nesnelerdir.",1
"Edirneden İstanbula kadar gelmişsin, Sirkeci kaç adımlık yer?",1
"Ergin, M. (1993). Türk Dil Bilgisi, Yayınları Bayrak, İstanbul:.",0
"2. Dillerin etkisi aslında kültürlerin, uygarlık etkisi olarak kendisini gösterir.",0
"Pek çok dünya dilin etkilemiş ve onlara sayısız sözcükler vermiş olan Türkçe, yalnızca Arapça ve İngilizce karşısında gerilemiştir.",0
"Türkçede anlam ayırıcı sesbirimler olarakdır kullanılan dudak ünsüzleri /b/, /p/ ve /m/dir.",0
Hatta bazı dillerde sıfatlar sayıca sınırlı kapalı küme sözcükleri olarak sınıflandırılırlar.,1
Ünsüzlerin titreşimli olup olmadıgını anlamak için ellerinizle kulaklarınızı tıkayarak sesleri söyleyin.,1
Örnekteki sıralı cümlemin hem öznesi (annem) hem de nesnesi (beni) ortak bağımsız sıralı cümledir.,0
Dilbilgisel biçimbirimler de sözcük parçaları olarak görülenebilir (bkz. Çekim ekleri).,0
Öznesiz nesne olmaz.,1
"Peki, dünyanın öbür ucundaki yabancı bir ülkede o genç kızın kendi diline bile güven duyamaz durumda bırakmak acı değil mi?",0
İnsan ana dili kullanırken ataları da tarihi ve edebiyatı kültürü konuşmuş olur.,0
"Oysa mXş, bilginin dolaylı kaynağını geçmiş zamanı da bildirerek gösterir: Eve dönmüşe., Çok yorulmuşu. gibi.",0
Hecelerden birinin vurgulu söylanmasıyla birbirinden ayrılır.,0
"Fiil çatıleri; biçimbilgisi ve sözdizimi arasındaki bağlantıyı, etkileşimi çok iyi gösteren bir alan.",0
"Sıfat tamlamaları, cümlede farklı görevlerde olabilirler.",1
Yemek soğuksa ısıtalım.,1
"3. Onun için beraberimde götürdüğüm ganimetlerden farklı olarak, tezgāh başında yaptığımız sohbetleri hatırlıyorum.",0
Tonla baskının aynı hece üzerinde bulunması durumunda ilk hece daha belirgin biçimde vurgulanmış olur.,1
"Temizlik, saflık, yükseklilik, insanlık vb. Bunların hepsi insanlık niteliklerindendir.",0
"Anlamlarına Göre Cümleler Her gözlemci, yüklemin taşıdığı anlama yönelik farklı biçimlerde bulunur.",0
"Papua Yeni Gine Fransa büyüklüğünde bir yerdir, ama değil.",0
Dil ve diyalekt ayrımı noktas dasında en sık kullanılan ölçüt ise karş hılıklı anlaşılabilirliktir.,0
"Dil yalnızca bölgesinden bölgeye değil, etnik ve sosyoekonomik nedenlerle de farklılaşır.",0
"Orhun Kitabelerinde, Türk Tanrısı, Türk Kitabı yok olmasın diye atalarını gönderdi ve beni gönderdi.",0
Simdi Eskişehirde olacak kipsel She will be in Eskişehir next week.,1
Zarfiil yan cümleleri ise fiilleri ve cümleleri nitelerler.,0
"Bu böyle olunca insanlık niteliğinde bir insan olabilmek için, kültür, yukarıda işaret ettiğimiz unsurdur.",0
"Eğer aklas, mantığa ve gerçeğe uymamış olsaydı, bununla diğer ilahi tabiat kanunları arasında çelişki olması gerekirdi.",0
"Çünkü deyimler, bir dilin kullanımında sözcükler kadar değerli ve yapılardır en az gerekli.",0
Türk Dünyası için Ortak Bir Mümkün Dil mi?,0
Böylece Türkçede [p] sesbirimi soluklu [p] ve soluksuz [p] olarak iki sesbirimciği olduğu ortaya çıkmaktadır.,0
Söz konusu sözcüklere ünlü ile başlayan bir ek gelmesi durumunda türeme ses düşer.,1
Sıra Sizde Yanıt Anahtarı Sıra Sizde 1 İki ünsüzle batı kökenli sözcüklerde bu ünsüz çifti korunur.,0
"Latin Alfabesi: Türklerin uzun süre kullandıkları Arap harferi, 1928 yılında yerini Latin harferine bıraktı.",1
Çif Dudak Ünsüzleri: Denizin dudakların kapanması sonucu engellenmesiyle oluşan ünsüzlerdir.,0
Adla yapılan birleşik eylemlerde ad ögesi bir sıfat-fiil olabilir.,1
"Sözcükler yapılırken zaman zaman sözcük yapımı ile ilgili ilkelerin, kuralların dışındaki bir gerçektir.",0
"Fonolojinin konusu gerçek sesler değil, soyut kaydi seslerdir.",0
"Aşağıda, Osmancıkın keyfince yaşamayı bir yana bırakıp büyük idealler uğruna değişmeye başlaması anlatılmaktadır.",1
Bu da ilgili sözcüklerde tekleşmenin geçiş döneminde olduğunun bir işareti olarak görülebilir.,1
"Sıra Sizde 2 Reddetmek, fark etmek, terk etmek, var olmak, hasta olmak, ana dili, kuşburnu Sıra Sizde 3 LCV: Lütfen cevap veriniz.",1
Eserin bize kadar ulaşan üç nüshasından ikisi bilindiği üzere Arap harfleri ile yazılmıştır.,1
"Ama bunların hiçbiri, doğal dilin yerine getirmez işlevleri bütün olarak karşılayacak zenginlikte değildir.",0
Sözcük tanımada kullanılan bir başka sözbu yöntem de yerine koyma işlemidir.,0
"Bir Türkmenin de Tuvalı, Hakaslı, Altaylı aydının yazdıklarını anlaması pek kolay... Umutsuz bir durum adeta.",0
"Böylece, Türkçede çoğul ekinin [ler] ve [lar] olarak iki biçimbirimciği oluşturulmaktadır.",1
"Belki de bu, kökü binlerce yıl gerilere giden bir davranış biçiminin günümüzde de devam etmesinin göstergesidir.",1
"Söyleyeceklerini toparlayamaz, nefes alması zorlaşır, eli ayağı birbirine dolaşır, ağzı kurur.",1
En başta gelen fark ise argo bir gizli ve sanatlı dildir; sövgü ise son derece açık ve kaba bir anlatım biçimidir.,1
Kaynaklarda yarı ünlü denen /y/ sesi bile hece kurabilmek için mutlaka bir ihtiyaç duyar.,0
"Kelime tamlamasını oluşturan tamlayan veya tamlanan, bazen de her ikisi birden bir sıfat olabilir.",0
"Diller mancinin zenginliinin barınan ölüçenin; başlı çelme ölçüsü; çeşitli duygu, düşünce ve kavramları anlatabilmè güçü.",0
"Dolayısıyla, ülkenin batı kıyısında varlığını sürdüren birkaç cepteki köylülerin dili olarak gitgide yok oluyor.",1
Demek ki var olan malzeme insan dilinin oluşabilmesi için belli bir düzene bir araya gelmektedir.,0
"**Dilbilgisi kitaplarında, Türkçede yalın, ilgi, belirtme, yönelme, bulunma ve yöneldiğim olmak üzere altı durum olduğu belirtilir.**",0
"Bu sözlük, Türkçenin çok değerli bir hazinesidir ve dili yazı ihtiyaç duyduğu pek çok sözcüğü buradan alabilmektedir.",0
"İkinci söyleyiş daha çok eğitimli kesimde, özellikle Arapçaya aşina olanlarda daha baskındır.",1
"İsimleşmiş olan kelime, biçimce gelecek zaman ekiyle aynı olmakla birlikte nesne alamaz duruma gelmiştir.",1
"Şiddet veya nefret dili kullanımına prim vermeden, dikkatsiz ve özensiz bir Türkçeyle iletişim sağlanmalıdır.",0
"Türkçe, Anadoluda yazı dili olduktan sonra da zaman zaman ihmal edilmiş ve aydınların ilgisizliğine maruz kalmıştır.",1
Bunu biliyorum onu.,0
Örnek: Küçük sınava hazırlanan öğrencileri gördükçe sevinirim.,0
"Vurgu en korkunç biçimiyle, sözcükte bir hecenin diğerlerine göre daha belirgin söylenmesidir.",0
"Ayrıca nesnenin varlığı, ancak geçişli bir fiile bağlıdır; çünkü nesneyi geçişli fiiller ister.",1
"Efendiler, camiler birbirimizin yüzüne bakmaksızın yatıp kalkmak için yapılmamıştır.",1
Çocuklar kar topu oynuyorlar.,1
"Tren sesi işitince arkasını dönüp bekliyor, sonra gene yola düzelip, şemsiyesini sallayarak yürüyor.",1
Şiirin uygarlıklardan süzül-mem-emez-ler-i,0
Evliya Çelebi birleşik isim grubundan Çelebi çıkarırsanız Evliya kelimesi artık Evliya Çelebiyi işaret etmez.,0
"Senin için diyorlar ki, hiç derse çalışmadan yüksek notlar almayı çok iyi başarıyor.",1
"Çünkü bu kelimenin delalet ettiği manayı, zihniyeti, herkes kendine göre anlamaya çok meyillidir.",1
Pratik amaclara I harfl dört dar ünlü için de kullanılmıştır. ? soru işareti ise örneğin kuşkulu olduğunu ifade eder.,0
Bazı dillerde görülen ek sınırlarını bulanıklaştıracak kaynaşmalar alışılmış değildir Türkçede.,0
"Ona bir kız elbisesi dikti, iğreti saç taktı.",0
"Anadili konuşurları, Türkçenin çoğul eki hangi bağlamlarında ne şekilde kullanacağını belirleyen bu kuralları çocukken içselleştirmiştir.",0
Öznenin bir edat grubu içinde verildiği verilgen yapılar da vardır.,0
"Bunların arasında, adlar ve eylemler bütün dillerde birincil (major) sözlüksel sınıflardır.",1
"Oysa İngilizce, Fransızca gibi bazı dillerde gizli özne bulunamaz.",1
"Dilin milli ve zengin olması, milli hissin inkişafında (gelişmesinde) başlıca müessirdir (etkendir).",1
Her dilin kendine göre bir ses dağarcığı vardır.,1
"Yapay dillerin, başlangıçtaki beklentilerin göz önüne alınması durumunda, başarılı olmadığı söylenemez.",0
"Dil bir köprüdür, inanç bir köprüdür, tarih bir köprüdür.",1
"Ne var ki yazı dilinin tek biçimliliği düşüncesi, önceki bölümlerde dile getirildiği gibi, temelsizdir.",1
"Bu yüzden eklerde, düz ünlülerden sadece düz geniş ünlüler /a/ ve /e/, dar ünlülerin ise hiçbiri bulunabilir.",0
Alıntı sözcüklerin bir kısmı çok sık olarak yanlış yazılmakta hem de yanlış söylenmektedir.,0
"Bir gün, iki gün Balıkç'''ağız''' sarayın önünden geçtikçe Sultan Hanım bir avuç altın verdiriyor.",0
"Meclis kapatmalı, İstibdat devrinin başlaması üzerine çeşitli konular üzerinde fikir hayatı durdu veya",0
"Bugün bekledik, dün de.",0
Gürkan kardeşine araba almaya söz verdi gibi bir tümcede de almak eyleminin öznesinin Gürkan olduğunu her anadili konuşucu bilir.,0
Yani bir kelime isimken üzerine gelen bir ekle türetilmiş bir fiil olmaya devam edebilir.,0
Ancak insanların geliştirdikleri ilk iletişim 27 düzeneklerinde genellikle tek yönlü bir iletişim söz tarih,0
"Fiillerde ise ekler sırasıyla kılınma, çatı, olumsuzluk, görüntüş/kip, zaman, kişi eki formatındadır.",0
"2. Türklerde bilimde, teknikte, uygarlıkta üretken; dünya siyasetinde egemen oldukları dönemlerde başka dillere sözcükler vermişlerdir.",0
"Bu üç grupun yanında Türkçedeki diğer söz yapım yollarıyla ortaya çıkmış, yapı konusunda alacağımız kelimeler de vardır.",0
Kuruluşu sıralarında olmuş olan bu parolasiyle Fakültemiz ne kadar kıvansa yeridir.,0
"Ağızlarda, yörelere göre değişen çok sayıda sessiz harf vardır.",0
Buna karşılık özel isimler doğrudan ismi oldukları varlıkları göstermeleriyle diğer isimlerden ayrılır.,1
Aralarında hiç defa siyasi birlik bulunmayan bu Türk toplulukları arasında belli bir kader birliği yoktur.,0
"Oğlan gidince ayılıyor, bayılıyor, hasta oluyor, yataklara düşüyor.",1
"Kök, türetme eki almamış sözcüğü, gövde ise bir türetme eki ile türetilmiş olan sözcüğü göstermek için kullanılacaktır.",1
"Bunlar, anlam ayırıcıdır ve metnin doğru anlaşılması için önemlidir: Hırsız kadına yardım etti-Hırsız / kadına yardım etti.",0
Ses olaylarıyla ilgili ayrıntılara geçmeden önce genel bir hususa işaret etmek gerekir: Ses olayları istisnasız değildir.,1
1. Mesleki hedefiniz ile ilişkilendirilemezsiniz ilgili tecrübelerinizi analiz edin ve tanımlayın.,0
"Alanda tekrar öbeği, bağlam öbeği, ikilemeli ad, yinelemeli ad, ikiz kelime, kelime koşması gibi farklı terimlerle konuşurlar.",0
Türkçenin yazımında son derece yetersiz olan bu alfabe 22 harfen oluşur ve sağdan sola yazılır.,1
Sıfır İşareti: ø Ortası eğik çizgili sıfır işareti düşmüş veya artık kullanılmayan ses ve biçimleri göstermek için kullanılır.,0
"Bu alfabe, Türkçenin yazılmasında çeşitli coğrafyalarda XIV. yüzyıldan beri kullanılmaktadır.",1
Türkçenin yazımı için yetersiz olmasına rağmen Türklerce uzun süre kullanılmamıştır.,0
Batı Türkçesinin ilk dönemine Eski Oğuz Türkçesi ya da Türkçe Oğuz Anadolu Eski denilmektedir.,0
"Türkçede bu yönde bir eğilim vardır, ancak istisnasız değildir.",1
Konu Türkiye Türkçesi olduğu için açıklamalarda tarihte değil bugünkü dilde nelerin olduğu daha önceliklidir.,1
Bu gibi işlerin gittikçe daha tatmin edici ölçülerde başarılması da yeni keşif ve icatlar sayesinde mümkün olur.,1
"Sonra bir zaman Eminle sıkı fıkı oldu. (Sait Faik Abasıyanık, Kumpanya, s. 62) Elimizle gelin etmiştik seni.",1
"Ünlüler Oluşum Sırasında belirli bir engele takılmadan, zorluğa uğramadan çıkan seslere ünlü adı verilir.",0
"Bu boş arsacıkta, yan yatırdın bir bayram salıncağı duruyor.",0
"Bunlar zorunluluk olan, cümlenin eksik olması için bağlamdan çıkarılması veya cümlede açıkça verilmeleri gereken ögelerdir.",0
"Şiddet veya nefret dili kullanımına prim vermeden, özenli ve bir Türkçeyle iletişim sağlanmalıdır.",0
Bir alman da es gidiyor bana gut (j-iyi) biçiminde bir anlatıma başvurur.,0
"Halk kendisi için çıkarılan kanunlardan, tüzük ve yönetmeliklerden bir anlam çıkaramıyordu ama.",0
"Ötümsüzleşme: Ötümlü bir yerün ötümlüleşmesi, Türkçe sözcüklerde çok yaygın değildir.",0
Tabii bütün bu faaliyetlerin emir ve komuta merkezi yanıltıcıdır.,0
"Bizim kahverengi adını verdiğimiz, kahveden yararlanarak anlattığımız renk, kimi dilde dilde esmerle bir tutulur.",1
"Yirminci yüzyılın, ilim ve teknolojisine rağmen en gelişmiş ülkelerde bile dinin birleştirici rolünü açıkça görmek mümkündür.",1
Seslerin titretişimli olup olmadığını anlamak yollarından biri ellerle kulakları tıkayarak sesleri söylemektir.,0
Ünlülerin söyleniş sürelerinin normal ünlünün iki katı olması durumunda uzun ünlüler meydana gelir.,1
Yer ismi olarak kullanılan bazı unvan grupları kalıplaşarak olmuşlardır birleşik isim.,0
Türk Dil Kurumunun yapısıyla önemli ilk değişiklik 1951 yılındaki olağanüstü kurultayda yapılmıştır.,0
"Bitişik ve ayrı yazım, çoğu durumda önemsizdir işlevsel açıdan.",0
Dolayısıyla kendisi dünyayı hangi dilde öğrenmişse dünya da o dilde gerçeklik kazanıyordu.,1
Dünyadaki tüm bebekler ilk aylarda benzer sesleri çıkarırlar ve teorik olarak çıkarabilecekleri farklı ses sayısı sonsuzdur.,1
"Sağdan itibaren ikişer veya üçer ayırıp aralarına nokta konuluz: 10.00 YTL, 1.500.00 YTL, 125.350.00 YTL gibi.",0
Osmanlı halkı çoğunluksa Türkçe yanışır.,0
"Görüln geçmiş zaman, birinci çoğul eki almıştır.",0
Dil Planlaması Dil planlaması çerçevesinde belirlenen kuralları uygulama isteği de seslerin değişmesinde etkili olabilir.,1
Dilin karşılaştığı eski kavram ve durumları karşılamak üzere başvurulacak birkaç yol vardır.,0
"Türkçenin simetrik ünlü yapısını bozan kapalı ė, Türk dil biliminin önemli sorunlarından biridir.",1
"Zamirler, kelime türleri içinde sayıca en az ama işlevce en geniş grubu oluşturur.",1
Türkçede ünlü olmadan hece olmaz.,0
"Sadece Arapça ve Farsça ögeler için imla, söyleyiş, dilbilgisi ve söz varlığıyla ilgili belli kurallar vardı.",1
"Özet, raporda nelerden edildiğinin belirtilmesi; temel düşünceler, bölüm başlıkları ve varılan sonuç özette belirtilir.",0
Yukarıda belirtilenlerin başkaları tarafından da anlaşılabilir dillerdir.,0
Temel öğretimde yardımcı ünsüzler yaşasın sözcüğüyle kısaltılmış olarak öğretilmektedir.,1
"Biz, şu mesleği tutalım, memlekete şöyle hizmet edelim diyekonuşurken, hiç ağzını açmaz, gözünden bize gülerdi.",0
"Türkler de bilimde, teknikte, uygarlıkta üretken; dünya siyasetinde egemen oldukları dönemlerde başka dillere sözcükler vermişlerdir.",1
Evimiz yetmiş beş metrekaredir.,1
Biz burada bir dilin öne çıkan özelliklerini ve işlevlerini vermeye yerine tanım çalışacağız.,0
Burada vermekte olduğumuz malumatın ilgi çekmeyen kuru şeyler olduğunun farkındayım.,1
"Whorfa göre her toplum, kendi düzeninin koşullarına göre gerekli sözcükleri yapar ve kullanmaz.",0
"Türk millleti tarihinle öğün, çünkü senin ecdadın medeniyeti kuran, devletler, imparatorluklar yaratan bir mevcudiyettir.",0
"Temizlik, saflık, yükseklik, insanlık vb. Bunlar hepsi insanlık nimetlerindendir.",0
"Tamlamalarda sıfat/sıfat grubu sıfat tamlayan, isim/isim grubu da tamlanan durumundadır.",0
Atatürk aynı zaman da bir kültür milliyetçiside.,0
Yalnızca sistemli ve tutarlı bir sıralama içinde kullanılırlarsa anlam kazanabilirler ve sözcükler oluşturabilirler.,1
Öyle ki Yeni Ginede ortalama her 35 kilometreden sonra bir başka dilin başladığı belirlenmiştir.,1
"Bünyelerindeki ünlü ve unsuzun durumuna göre değişken olan eklerin iki, dört ve sekiz altbiçimi olabilir.",0
Olaylar zincirleme gelişir ve sessiz sedasız öğeleriyle birbirine bağlanır.,0
"Birleşmenin anlamı sarı kız değil, inek veresiya esrardır.",0
Bu bakımdan cümlenin şöyle olması gerekir: Bu yıl kardeşim ikinci sınıfa geçti; ben beşinci sınıfa geçtim.,1
"Sözcük kökünde ikiz ünsür/uzun ünsüz yoktur: İkiz ünsüz, sözcük kökünde aynı ünsüzün yan yana bulunmamasıdır.",0
Bu sayılanlara göre kısaca devlet ve toplum hayatı Türkçeyle yarımaktadır denilebilir.,0
Yardımcı seslerin bağlama ünlüleri ve bağlama ünsüzleri olmak üzere iki türü vardır.,1
Bu bilgin ayrıca eski Türk runik yazısındaki bazı işaretlerin ideografik kökenli olabileceğini de ileri sürmüşlerdir.,1
"Döneme aitler iki eser, yalnız Karahanlınıca için değil, bütün Türk dili tarihi açıs patera son derece önemlidir.",0
"İhtiyar kadın beni elimden tutarak dar bir taşlıktan geçirdi, eskilikten basamakları oynayan karanlık bir merdivenden çıktık.",1
"Eylem tabanlarında kaymalar, asıl işlevin kaybı gibi işlev ve anlam değişmeleri olabilir.",0
"Oysa mXş, bilginin dolaylı geçmiş zamanı da bildirerek gösterir: Eve dönmüş., Çok yorulmuş. gibi.",0
"Bu sistemlerde bugün ve yün aynı belirticiyle, yarın ise farklı bir belirticiyle gösterilir.",0
Etken cümlenin ettirgen yapıya dönüştürülmesi kadar ettirgen yapının etken yapıya dönüşmeyişine de önemlidir.,0
"Yazıyayla birlikte her topluluk, kültürünü kalıcı kılmak için yazılı anlatıma yönelmiştir.",0
Her şeyi bilmesine rağmen hiç sesini çıkarmadı.,1
Türkçenin Latin harfleri ile yazımı Filippo Argenti tarafından 1533te gerçekleştirilmiştir.,1
"Ancak anka, grup gibi uzun olup Türkçenin yapısına uymayan sözcüklerde, eğitimin ilk aşamalarında sorun çıkabilmektedir.",0
Yine Atatürkün talimatıyla 12 Temmuz 1932de Türk Dili Tetkik Cemiyeti (Türk Dil Kurumu) ve çalışmalara başlamıştır.,0
"Bugün Türk müziğinde tıkanıklık var, tam tersine dünya müziğiyle boy ölçüşemeyecek düzeyde.",0
Ancak sanılanın tersine Osmanlı döneminde Türkçe sadece alıcı dil durumunda değildi.,1
"Girdileri, her maddelere ilişkin ses, anlam ve ulam bilgisini içerir.",0
Bu durum bu yazı sisteminin oldukça uzun bir süre ve çok geniş bir coğrafyada kullanılmış olduğunun kanıtıdır.,1
"Cümlede çoğunlukla ve ya edat tümleci olur, ayrıca ek-eylem alarak yüklem olabilir.",0
"Güzel hava, yeşil yaprakları ve mavi denizleri severim.",0
"Anılarda esas, değil, yaşanılmışı anlatmaktır.",0
Hava sıcakmış.,1
"Makaleler, sanat, edebiyat, bilim, siyaset ve toplumu ilgilendiren her konuda okunabilir.",0
"Ağız boşluğundaki açıklık-kapalılık, dilin ağız içinde yayvan olarak bulunması veya kabararak hava yolunu daraltmasıyla ilgilidir.",1
Sıfat ve Zarfarda Pekiştirme ve Derecelendirme Yapabilenler +CA: Oldukça işlek bir yapım ekidir.,1
Türkçenin yaşıyla ilgili sorunlar tartışılırken doğal olarak Türklerin ana yurdunun neresi olduğu sorusu gündeme de gelmektedir.,0
Örnek olarak Türkçenin farklı ağızları aynı zamanda bürünsel özellikler **açısından** da birbirinden ayrılır.,0
"Türkçe'ye kopyalanırken kapalı, yani ünsüzle bite hecelerde ret, zan vb. örneklerde olduğu gibi tekleşir.",0
Mümkün olduğunca konuyu sınırlandırabiliriz.,0
Türkçedeki deyimlerin büyük bir kısmı mastarla biter.,1
Bitmezcil cümleler söz dizimsel açıdan başka bir şeye ihtiyaç duymaz.,0
"Şartlı birleşik bir cümle, temel cümlenin şart ifadesine dayalı bir yan cümle ile bağlanmıştır.",0
Okulu seneye bitireceğim mi?,0
"Eklerdeki değişkenliğe, eklerle ilgili ünitede yeniden değineceğiz.",1
Bunların iki hece yazılması az rastlanan bir durum değildir.,0
Şüphe konu burada ele alındığından çok daha karmaşıktır.,0
Örnek olarak fonetik çalışmalarında veya ağız araştırmalarında söyleneni daha ayrıntılı biçimde yazıya yansıtma çabası vardır.,1
Kullanılan yer: 139 Karşılıklı konuşmalarda tüketilir: Bekir: Derdin nedir efendim?,0
Bugün Türk Cumhuriyetlerinin hepsinde Latin Alfabesine geçme yapılmaktadır çalışmaları.,0
"Bulunma grubu, cümle ve kelime gruplarında isim, sıfat ve zarf görevinde kullanılır.",1
Ünlülerde ve Ünsüzlerde Büzülme: Çoğunlukla ünlü-ünsüz-ünlü yapısındaki bir ses öbeğinin kısa veya uzun bir ünlüye dönüşmesidir.,1
Cansız varlık adları da eril ve dişil olarak sınıflandırılır: sırasıyla der Tisch masa ve Tür kapı örneklerinde olduğu gibi.,0
Bu terim farklılığı aynı zamanda konunun iyi yeterince araştırılmadığını ve sınıflandırılmadığını da göstermektedir.,0
Birkaç özelliğe dokununca dil varlığının genellikle bu soruyu aydınlatabileceğimizi ummuyorum.,0
Türkçe için en zayıf ünlü isem /ı/dır.,0
"Buna göre şo, daha uzakta ama konuşulma sırasında görülen bir varlığa işaret eder.",1
Hasta ediniz mi?,0
"Ermeni Alfabesi Ermeni harfi Kıpçak Türkçesi metinleri, özellikle Kafaslarda ve Karadenizin kuzeyinde karşımıza çok çıkar.",0
"Her sahada, bilhassa medeniyet ālemine eser vermek için çalışkan olmayayı hedef tutmalıdır.",0
"Sayı grupları, bazı kelime gruplarında görevli olarak yer alabilir.",1
"Örneğin, ünlülerin sözcüğün hecelerindeki sıralanışı artlık-önlük uyumu, dudak uyumu gibi belirli kurallara bağlıdır.",1
"Edilgen, dönüşlü, işteş ve ettirgen çatıların daima etken çatıyla ters ilişkilendirilerek ele alındığı unutulmamalıdır.",0
Geldiği yolu tutturup gene tek başına mahallelerinin kahvesinin kapısı önüne kadar geldi.,1
"Başlangıçtaki örneklerimiz gösteriyor ki, dil ölümleri, eskil imparatorluklarla ücra yerlerin özgü, tekil olgular değil.",0
"Bir köke yapım eki eklenmesiyle ortaya çıkmış olan kelimeler, türemiş kelimelerdir.",1
"Resmi Dil Resmi dil, bir ülkenin tamamında veya bir bölgesinde yönetim dili olarak kullanılmayan ve yasal statüsü bulunan dildir.",0
"Sahanın çok önemli adlarının vurgunun yerli, türü ve işlevleri konusunda çelişen tespitleri, bunu açıkça gösterir.",0
Ve o bir gelip bir giden dervişler kılıca bir başka anlam mı verir veya anlamının değişmesini isterler?,0
Genellikle açıklayıcı ve tartışmacı şekilde anlatım biçimi kullanılır.,0
"Türkçenin, İngilizcenin, Japoncanın dilbilgisi kitapları bu dillerin yapısal özelliklerini içerir.",1
"Dil-düşünce ilişkisine gelince, her şeyden önce düşünce dille dışa vurabilmektedir.",1
"Ama Osman, gözüpek Osman, ne kadar istese de onun üzerine at sürüşünü hatırlamadan yapamıyor.",1
"Atasözü ise, bir gözlem ve tecrübenin sonucunda ortaya çıkmış ve zamanla herkesçe benimsenmiş bir yargıyı dile getirir.",1
"Özgürlük ve vatancı şairi, bilindiği gibi edebiyatçı kişiliği yanında siyasal bir kişiliği de sahipti.",0
Eğer biz dilimize özen göstermez ve hatalı kullanımları düzeltmezsek bu yanlışlar yaygınlaşır ve zamanla dilimize yerleşir.,1
Doğal dillerde var olan sesler her dilde o dilin özgü kurallar çerçevesinde bir araya gelerek anlamlı kelimeler oluşturabilir.,0
"Budist Uygurlar işte bu Toharlarca tadil edilmiş yazıyı almışlar, kendileri de bu yazıda bazı değişiklikler yapılmıştır.",0
Bu tür yapılarda nesne konumundan özne konumuna geçen unsura sözde özne denmektede.,0
Hava akımı bu noktadan hiç bir zorlama ve sürtünme olmadan dışarı çıkmaz. [es] bir yarı ünlüdür.,0
"Çünkü sıfatlar bir ismi çeşitli bakımlardan niteleyip belirtirken zamirler, geçici olarak ismin yerine kullanılan kelimelerdir.",1
Aynı computare teriminin Fransızcada compter saymak gibi değil.,0
"Kelimeler üzerindeki ekleri incelemek Ekler, yapım ekler ve çekim ekleri olmak üzere işlevleri açısından iki gruba ayrılır.",0
Bütün dillerde akciğerlerden başlayan hava akımı ile oluşturulan sesler kullanılmamaktadır.,0
"Sürekli değişim geçirerek kılıktan kılığa girme, bu dilin canlı bir yapı olduğuna işaret eder.",1
Türemiş sözcük tek başına tabandan bağımlı olarak kullanılır.,0
Her saniye yeni içerik ve kullanım alanı /şekli üretilen bir konuda son sözü anlamsız bir çabayla söylemek anlamsız bir çaba olacaktır.,0
Türkçe yazılı metinlere baktığımızda görülmektedir ki bu tür yapıların çoklukla tasvire dayalı türlerde kullanıldığı.,0
Türkçede bir hecede sadece bir ünlü bulunabilir.,1
"Örneğin Türkçe altmış ve yetmiş sözcüklerindeki -mIş yeni türetim yapamaz, yani başka sözcüklerde kullanılamaz.",1
İnsan biçimbirimi ele alındığında Kendi başına durabiliyor mu? sorusuna EVET yanıtı gerekir.,1
"Bu alfabe, Türkçenin yazılmasında çeşitli coğrafyalarda XIV. yüzyılda beri kullanılmaktadır.",0
"Bu nedenle eski yazılı belgelerde geçmediğini, ama öyle olması gerektiğini göstermek için kȫk sözcüğünün önüne bir yıldız koyarız.",1
Kimi deyimler belirli dillere özgü olsa da bunların benzerleri başka dillerde de görülebilir.,1
Taş yazıtlar üzerinde yazılmış olan yazı türleri ise çivi yazısıdır.,1
Aynı işlevdeki -mAk gerek ve -mAk lazım kalıbıyla kurulan cümlelerde de özne bulunmaz.,1
Standart yazım açısından yanlış olmakla birlikte yazılı metinlerinde karşılaşılmaktadır.,0
İsim soylu kelimelerin çekiminde isim ve sayı isimleri benzer çekim eklerini alır.,0
İlerleyen konularda göreceğimiz gibi Türkçedeki ses olaylarının önemli nedenlerinden biri sesin ahenksizliğidir.,0
Tamlayan öge ile ayaklanan öge arasına başka sözcükler girebilir.,0
Popüler dil tartışmalarının sevilen konularından birisi kaç kelimeyle konuşulduğudur.,1
"Tarihi metinlerde uzun ünlüler gösterilmediği için, uzun ünlülü biçimler Ana Türkçeye gönderilmiştir.",1
"Türk alfabesi, ses-yazı karşılıklığı ilkesini esas alır.",1
"Türkçede altı çeşit hece, bir hecede ise en çok dört ses vardır.",1
Bu yanlışlar kitle iletişim araçlarında yapılınca tekil kullanımlar ne yazık ki toplumda hızla yayılmaktadır.,1
"Soluklu [ph] sözcük ve hece başlarında, soluksuz [p] sesi ise arkasından bir ünsüz geldiği zaman oluşturulmaktadır.",1
Yedinci üniteleri Türkçenin diğer dillerle etkileşimini ayırdık.,0
Sözcüğün eski veya yeni alıntı olması ve kullanım sıklığı burada rol belli bir oynuyor olabilir.,0
"Keyfe keder davranmak işi zora sokar. - Yaklaşma grubu, isim-fiil gurubunun zarf ögesidir.",1
"Uygun durumda hemen akla gelip tekrarlanmaları bu gibi, yaşama alanlarını genişlettiği gibi, yaşama sürelerini de uzatır.",0
Altıncı ünitede ayrıntılı bir biçimde Türkçenin anlatım gücü ve söz varlığı üzerinde durduk.,1
"Ünlü Genişlemesi Genişleme; kulak boşluğunun durumuna göre, dar ünlülerin büyük ünlü haline gelmesidir.",0
"Yazdığı konu ile ilgili kendi düşüncelerini, görüşlerini, duygularını rahatlıkla anlatabilir kendi.",0
Bu cümlede telgrafla sözcüğü bildirmiştim yükleminden önceye alınırsa anlam düzelir.,1
Bugün eve gelmelisin.,1
Ancak bir dilin içerisinde bölgelere ve sosyal sınıfara özgü kültürel farkları olabilir.,0
"Aslında diller zengin veya yoksul, gelişmiş veya az gelişmiş diye nitelendirilmesi, bilimsel bir yaklaşım değildir.",0
Gösterge: Aralarında gösteren-göstermeyen ilişkisi bulunan her nesne ya da durum bir göstergedir.,0
Avustralyanın en eski yerlilerinin dillerinden her yıl biri ya da daha çoğu ölmüyor.,0
Bugün Türk Cumhuriyetlerinin hepsinde Latin Alfabesine geçme çalışmaları yapılmaktadır.,1
Kırmızı güller ve ağaçlar burada insana yaşama sevinci veriyor.,1
Antalya ovalarında adım başı bir harabe görürsünüz.,1
"Kendi kültürünü tanıyan, ona sahiplenen insanlardan oluşan bir topluluk elbetteki birlik ve beraberlik içerisinde bulunacaktır.",0
Fakat bazı sosyal grupların kendilerine has argoları da vardır.,1
Dil içindeki farklı biçimlerin yaygınlaşmasında televizyon başta olmak üzere medyanın önemli bir yeri vardır.,1
"Edirnedenn İstanbula kadar gelmişsin, Sirkeci kaç adımlık yer?",0
Çin alfabesiyle yazılmış Türkçe kelimelere son olarak Uygurlara ait dil malzemelerinde rastlanmaktadır.,1
Dillerin sınıflandırılma ölçütler izler tarihsel gelişimlerini veya dilleri arasında ilişkilere dayandırılır.,0
Zehra hanım haksızmıydı?,0
Şüpheye düştüğünüzde TDKnin genel ağdaki sözlüğüne gitiniz.,0
İngilizcede meet buluşmak ile meat et sözcüklerindeki ünlü aynıdır ama yazılış biçimleri görüldüğü gibi farklıdır.,1
"Mebuslar, ilk kez olmak üzere Türkçenin bu kadar çeşitli biçimlerde söylendiği görmekle hayret içinde kaldılar.",1
"Genel olarak bağlama ünlüleri denince akla dar ünlüler, yani /ı/, /i/, /u/, /ü/ seslerinin gelir.",0
Esasen bizim hangi dili mi kullandığımız yoksa dilin bizi mi kullandığı çelişkili bir sorudur.,0
"Ton yükselebilir, düşebilir, sabit kalabilir.",1
"Çiçek, kelebek, kuş, balık, hatta bazı madenlerdeki renk ve şekil ahengi hayret vericidir?",0
Sağlıklı çocuğu olan her aile onların ne kadar yaratıcı olmadıklarını buna benzer örneklerle kolayca gözlemleyebilir.,0
Anlamsal açıdan yapılma ifade eder doğrudan yapılma veya dolaylı ettirgen yapılar bakıldığında.,0
"Velhasıl, oğlan bu gemide oradan oraya uğraya uğramaya, diyar diyar gezmeye başlıyor.",0
Gürkan konuşmasını bitirdi ve alkışlandı. b. Gürkan konuşmasını bitirdi ve herkes onu alkışladı.,1
"Bir gün, iki gün Balıkçı sarayın önünden geçtikçe Sultan Hanım bir avuç altın verdiriyor.",1
"Zira değişim, yaşayan bir dilin değişmez doğrusudur bu.",0
Bir görevli yanıma gelerek vapurda şehit babaları olduğunu ve beni görmek istediklerini söyledi.,1
"Türkçede temel unsurun sonda yer alması dolayısıyla, tamlamada asıl anlatılmak istenen isim kısıdır yani tamlanandır.",0
"Sona gelen edatlar de (bile, da, dahi, ise, ya) aynı şekilde sözcükleri, sözcük öbeklerini ve cümleleri birbirine bağlar.",0
"Çünkü Gündüzdür adabı, erkanı, konuşmasını, dinlemesini, ortak kararlara varmasını bilen.",1
Takı=ız ad tamlamaları çoğunlukla yabancı dil mantığından yola çıkarak oluşturulmuş kelime birliklerid=ir.,0
"Eski Türkçeye, Karahanlı Devleti zamanında, çoğu Arap alfabesi ile yazılan metinleri dahil eden araştırmacılar da vardır.",1
"Temel dil bilimi kitaplarında Türkçe çoğu zaman, sondan eklemeli olması yanında, bu özelliği ile de yer alır.",1
"Kuzey kolunda Abazaca, Çerkezce, Çeçence, Kabaryaca vb. diller, güney kolunda ise Gürcüce, Lazca, Migrelce bulunmaktadır.",1
"Tıpkı kipsel anlamlarda olduğu gibi, gelecek de henüz gerçekleşmemiş durum ve olaylarını ele alır.",0
"Seslerinin o dildaki işlevlerini, birbirleriyle etkileşimlerini, diziliş ve değişim kurallarını inceler.",0
"İngilizcede ünlüler, arkalarından gelen sesin niteliğine göre, genizsil olarak oluşturulurlar.",1
Birleşik isim Grubu ve Unvan Grubu 122 neler öğrendik? 9 Aşağıdaki seçeneklerden hangisinde unvan grubu cümlede yüklem görevindedir?,1
"Resim çekmek, sigara içmek gibi eylemlerin çeşitli dillerdeki karşılıkları, yine aynı gösterir farklılıkları.",0
"İkilemede yer alan sözcüklerin ikisi Türkçe, biri Türkçe biri alıntı, ya da her ikisi de alıntı olabilir.",1
İhsan ölürken bana bir şey söylemek istedi.,1
"Örneklere bakacak olursak ilenin daha sınırlı bir kullanımı olduğu, her örnekte ve ile değiştirilemediği görülmektedir.",1
Yani zihindeki dil yetisi ancak belli bir dille (programla) desteklendiği zaman işlerlik kazanıyordü.,0
"Bu yüzden burada hangi fiile hangi şartlarda ettirgenlik ekinin geleceği, çok genel kurallarıyla",0
Anlam ayırıcı olan ve Türkçede vurgu olarak anlaşılan parçalarüstü öge yeri değişebilen taş,0
Öznenin sonunda olmadığı tümceler kurmak yanlıştır.,0
Ünlüler vokal veya popüler yayınlarda sesli denildiği de olur.,0
"Çünkü tarih, bir milletin hemen hemen bütün varlığına farklıdır.",0
Olumsuzluk ögelerinin biçimi ve kapsamı diller arası ve içi değişiklikler gösterir.,0
Yukarıda belirtilenlerin tamamı başkaları tarafından da anlaşılabilecek dillerdir.,1
"Sözcükler yapılırken zaman zaman sözcük yapımı ile ilgili ilkelerin, çizildiği da bir gerçektir.",0
"Bu, batı Osmanlıcası standart dilinin temeli, eğitimli kesimin konuştuğu İstanbul Türkçesi idi.",1
Kulenin inşasında çalışan işçilerin dilini karıştırır ve kimse birbirini anlamaz olur.,0
Bu algı birbiriyle hiç ilgisi olmayan bağımsızlı iki olgunun (din ve yazının) birbirine karıştırılmasının da sebebi olmuştur.,0
"Ağaç ve araba kökleri, morfolojik açıdan alabildikleri çekim ekleri yardımıyla birbirlerinden kesin olarak ayrılırlar.",0
Kullandığımız dilin ortaya çıktığı nasıl bilim dünyasında uzun süredir tartışılan bir konu.,0
Ne var ki yazı dilinin tek biçimselliği düşünce temelsizdir.,0
Kılınış: Eylemın zamansal iç yapısıylo ilgilidir; eylemın iç zaman yapısını ve evrelelirini konu alan bir kategoridir.,0
"Cümlenin içinde nesne, yer tamlayıcısı ve zarf tümleci, tamamlayıcı olarak ögeleri cümlenin adlandırılır.",0
"Bunlarda, kullanılan isim ve fiil unsurları ile yardımcı işler farklılıklar gösterir.",0
Deyimlerin amacı bir durumu ya da kavramı özel bir kalıp içinde çekici ve etkili bir anlatımla belirtişmektedir.,0
Ancak zamirlerin durum ekleriyle birlşemelerinde isimlerde görülmeyen birtakım farklılıklar vardır.,0
İnsanın ses aygıtı aslında herhangi bir doğal dilde bulunandan çok daha fazla sesi çıkarabilecek niteliktedir.,1
"Sezler teorik olarak sonsuz sayıda olmakla birlikte anlam ayıran sesler, yani sesbirimlerin sayısı sınırlıdır.",0
Hiçbirin alfabe bir dilde kullanılan seslerin tümünü içermez ve söyleyişi eksiksiz olarak yansıtmaz.,0
"Bu süreçler önek, içek ve sonekler ile öneklere, içeklere ve soneklere kullanılarak önekleme, içekleme ve sonekleme şeklinde gerçekleştirilir.",0
İşaret dillerinde her istenilen ifade edilemez.,1
"Diğer pek çok dilde olmayan bir özelliğe göre, bir sözcük köküne ek ekleterek, tek sözcüklü tümce oluşturulabilir.",0
"Ancak yararlı olacağı düşünen durumda, daha öğretici olacağı düşüncesiyle tekrar yoluna gidilmiştir.",0
"Yazıyla izlenemeyen dönemlerin adlandırılmasında Altay Çağı, En Eski Türkçe Çağı, İlk Türkçe Çağı gibi terimler kullanılmıştır.",1
"Ziya Paşa, Ali Suavi ve Namık Kemal, Abdülaziz devrinde bu noktada ilgililerin dikkatini çekmişlerdi.",1
"Daha önce de belirtilmesi gibi gelişmiş, az gelişmiş veya gelişmemiş gibi tanımlamalarla dilleri sınıflandırmak da öznel bir tutumdur.",0
Maniye göre kurtuluş hayrın serbest kal por y ile ve tekrar eski yerini almasıyla gerçekleşecektir.,0
Ülkemizde yazım kurallarını belirleme ve yazım kılavuzu hazırlama görevi yasa ile Türk Dil Kurumuna verilmiştir.,1
"Çünkü Gündüz doğru adabı, erkanı, konuşmasını, dinlemesini, kararları kabul eder.",0
Edat Öbeği Bir ad/ad soylu sözcük ve onu izleyen çekim edatının bir araya gelmesi ile oluşan sözcük öbeğidir.,1
Her İkisi de Anlamsız Olan Ögelerden Oluşan Tekrar Grupları: Bu tekrar gruplarında oluşturan iki öge de anlamsızdır.,0
"Almancada anne sözcüğünün çoğulu, ilk ünlünün [+ART] özelliği [-ART] özelliğine dönüşerek gerçekleşir: Mutter anne / Mütter anneler.",1
"Çağdaş Türkçenin grameri, sözlüğü, imlası ve terimleriyle ilgili çalışmalar da Atatürk tarafından ilgiyle izlenmiştir.",1
"Fonoloji ise zihinsel dil bilgisindeki kurallarla ilgilenir, seslerin bir dilin ses sistemi içindeki odaklanır işlevlerine",0
"Hiç kimse yabancı dil öğrenilmesine karşı değil, hatta birkaç yabancı dil öğrenilmesi taraf adildir.",0
Dipnot: Sayfa içinde geçen başkasına ait düşüncenin kaynağının sayfanın yazıması altına.,0
"Dil bilmedin bir boyutu, söylenenine anlamlı birimlere ayırabilmektir.",0
"Kısalma, sözcüklerin ilk harfene tamamının veya bir bölümünün bir araya getirilmesi ile oluşturulur.",0
"Gençlerin deneyimsizlikten, bilgi eksikliği kaynaklanan sorunlarını yanıtlayarak yönlendirirdi.",0
"Dil bir bakış, görmede bir tutum, belli bir algılama biçimidir?",0
Bir dilin anlatma gücünü oluşturan önde gelen hususlardan biri de o dilin deyim *ile* zenginliğidir.,0
Ünlü uzunluğunun yanlış kullanılması anlama da etkilemektedir,0
"Örneğin, yerine koyma işlemi nobran sözcüğü içindeki nobr yerine bac kullanılıp bacan sözcüğünün oluşturulmasını sağlayabilir.",1
Buna göre çoğul biçimbiriminin -lar ve -ler olmak üzere üç altbiçimbirimi vardır.,0
Şüphesi konu burada ele alındığından çok daha karmaşıktır.,0
Fatih Sultan Mehmetin İstanbulu fethi yeni bir çağ açmıştır. 2 Aşağıdaki seçeneklerde verilen bilgilerden hangisi yanlıştır?,1
2. Birçok Avrupalı bilim adamı katılması ile toplanan son Dil Kurultayının aydınlık sonuçlarını görmekle çok mutluyum.,0
"Örneğin Karayiplerde, erkeklerin kullandığı kelimeler, kadınlar tarafından da kullanırsa bunun uğursuzluk getireceği düşünülür.",1
Türler arasında dil insan bir özgü tür.,0
Öyleyse uyaranın ya da dil verisenin önemi bu doğuştancı yaklaşımda dil düzeneğinin varlığına oranla daha az ölçmedin.,0
Üst katman etkisi zayıf bir dilde baskın dile özgü özelliklerin ortaya çıkması biçiminde görülür.,1
"Etrüsk, Sümer, Mısır gibi kimileri eskil devletlerin dilleri yüzyıllarca önce yok olmuştu.",0
"Bilge Kağan, kardeşi Köl Tigin için dikilen yazıtın bir yerinde Türk begler Türk atın ıtı.",1
Özetlenerek alınmış bölümün sonuna dipnot numarası konulur ve kaynak sayfanın altında belirtilir?,0
Bazı cümleler şekilce olumsuz olduğu halde anlama olumsuzdur.,0
Dilin söz varlığına yer almayan ve sadece belli bir bağlamda kullanılan sözcüklerde ise durum farklıdır.,0
"Harfer söylenirken ünsüzler kendilerinden önce gelen bir /e/ ünlüsü ile seslendirilir: be, ce, de gibi.",0
"Anketlerin amacı, belirlenen konu üzerinde olayların ve durumların neden ve sonuçlarını ortaya koymaktır.",1
"Cumartesi: Sözcük, cuma ve ertesi ögelerinden oluşan bir belirtisiz ad tamlamasıdır.",1
Cümle Dışı Ögeler Cümlede yer alan ögelerin her birinin kendine özgü bir işlevi ve görevi vardır.,1
"Bunun yanında Türkçede, sözcüklerin oluşması ve eklenme sırasında ünlüler ve ünsüzlerle ilgili belirli kurallar ortaya çıkar.",1
Oysa Arap harflerinden Araplar bile memnun etmedi.,0
"Ana dilinin oluşturduğu bu zihin sistemi, kişinin duyduğu eğitime bağlı olarak gelişir ya da körelir.",0
"Hiç kimse yabancıdil öğrenilmesine karşı değildir, hatta birkaç yabancı dil öğrenilmesi tarafarıdır.",0
Gelecekte de Türk ahlakı bizim varlığımızı devam ettirecektir.,1
Büyük Türk milliyetçileri hemen hepsi düşünce sistemlerinde dine ön planda yer vermişlerdir.,0
Zarf işleviyle kullanılırken de tıpkı sıfat olarak kullanılışında olduğu gibi bir çekim eki alamıyor.,1
Anadolu ağızlarında ve konuşma dilinde çok farklı biçimlerine rastlanan bu ekin standart dilde sadece ilk ünlüsü değişir.,1
Ancak dil ilişkileri sonucunda bir dilin sesinin da değişebileceği bir hata.,0
Sekizinci ünitede ise Türkçenin karşı karşıya bulunduğu güncel sorunlara ve çözüm önerilerine değindik değil.,0
"Çoğul ekleleri, diğer ad çekim eklerinden önce gelir.",0
"Bu yıldız, ilgili dil ögesinin kaynaklarda belgelenmediğini, tasarlanmış olduğunu gösterir.",1
"Karagöz, kukla oyunları, ortaoyunu, köy seyirlik oyunları geleneksel Türk tiyatrosunun ürünleridir.",1
Hem kış dilinde hem de konuşma dilinde rastlanan bir ses olayıdır.,0
Klasik sonrası devirde de başta dini ve olmak üzere pek çok eser yazılmıştır.,0
"Bu çerçevede bugün toplanan TDK Bilim Kurulu, 5 karşılıktan en fazla önerilen özçekimi selfieye karşılık olarak kabul etti.",1
"Moğol dilleri esas olarak Moğolistanda, Rusya Federasyonu ve Çin Halk Cumhuriyetinin Moğolistana sınırdaş coğrafyalarında konuşulur.",1
"Bu aralıklar sözcük sınırlarını, öbek sınırlarını, ögeleri veya cümleleri birbirinden ayırmak için kullanılır.",1
"Azteklerde soğuğ, buz ve kar kavramları, aynı köke getirilen çeşitli soneklerle türemişim sözcüklerle dile getirilir.",0
"Yine eksik sözcüğü hem bundan sonra hem de azalan, eksiklik anlamlarına gelebilmektedir.",0
Eleştiriye ağırlık verilir. e. Müzikli Tiyatro: Müzikle oyunun iç içe bulunduğu oyun türüdür.,1
"Değil de aslı Şeft-alü: Semiz erik demek olan bu sözü, manadan ziyade güzel bir ses olarak kullanmak mı hoşlarına kızısıyor?",0
Entegrasyona bütünleştirme diye karşılık gösterirken öğrencilerin daha kolay anlamaları için entegre et tesisleri örneğini verdim.,1
Merkezde beni katil sandılar.,1
Geleneksel dilbilgisi kitaplarında yapım ekleri sınıfında yer alan bazı modern çalışmalarda çekim eki sınıfına dahil edilir.,0
benzi biçimi sözcüğünün orijinal sözcük olması nedeniyle ek(ten)e binmektedir.,0
"Birleştirme, türetme vb. herhangi bir biçim bilgisel ögeden ve/veya kuraldan yararlanmaksızın, yeni bir sözcüğün oluşturulmasıdır.",1
3. Kıbrıs Türkçesinde ise ezgi ile soru sorma daha yaygındır: örneğin Gidiyor musun? yerine Gidiyorsun?/ biçimi sevimlidir.,0
"Artzamanlı bakış açısıyla Türkçenin tek yardımcı ünsüzünün /y/ olduğu, diğerlerinin farklı işlevlerden geliştiği bilinmektedir.",1
Örneğin sol notasının sonundaki /l/ ön damak sesidir.,1
Değişken sesleri göstermenin bilimsel çalışmalarda iki yolu vardır.,1
"Ama kelime türleri konusu, biçim bilgisi içinde ele alınırken diğer alanlara ait ölçütler de kullanılıyor.",0
"Ancak bilimde, teknolojisinde, uygarlıkta tüketici olan toplumların başka dilere katkıları da sınırlıdır.",0
"Kişi zamirleri, iyelik eki alamaz.",1
"Yöntemler sınırlı olsa da bu yöntemlerle sınırsız sayıda sözcük, terim türetilebilir.",1
Bu nedenle ünlü düşmesi aynı zamanda hece düşer sonucunu doğurur.,0
"Soluklanma Türkçede ötümsüz patlamalı sesler olan /p/, /t/, /k/",0
Doktorasını sevdi.,0
Bir paragrafta verilen temel düşünceyi kendi 153 yargı cümleleriyle ifade etmeliyiz.,0
"Türkçede eylem, cümlede temel olarak zaman ile tarz, görünüş, çatı ve kip kategorilerine göre çekime.",0
"Türk dilinin yazımı için geniş ölçüde kullanılmış olan 5 rakam vardır: Köktürk, Uygur, Arap, Latin ve Kiril alfabeleri.",0
Biçimbirimler genellikle içinde bulundukları değişikli bаğlаmаrа bаğlı olarak değişik söyleniş biçimlerine sahiptir.,0
"Sanal dünyada dilin eski varyantları ortaya çıkmış, yabancı birinin anlayamayacağı iletişim biçimleri gelişmiştir.",0
Özellikle dizilerde ve yerel yayın yapan kanallarda standart söyleyişe uymuyan pek çok özellik görülmektedir.,0
Kısaltma Gruplarının Cümlede Özne Olarak Kullanılması Ali Dayının kız evlenmiş. - İlgi grubu özne olarak görev yapar.,1
Geniz ünsüzlerinin yanındaki sesler benzeşmeyle genizsizleşebilir.,0
Gökyüzünde balık uçmakta.,0
"Oysa mXş, bilginin dolaylı kaynağını geçmiş zamanı da bildirerek gösterir: Ev dönmüş., Çok yorulmuş. gibi.",0
Tarihte Türkçe ile ilgili ilk uyarı Bilge Kağandan gelmiştir mi?,0
Türkçede mutlak geçmiş zamanı söyleyen biçimbirimler DX ve mXştır.,0
"Müslümanların sosyal hayatında, hiç kimsenin özel bir sınıf olarak varlığını korumaya kırmızı yoktur.",0
"Oysa İngilizce, Fransızca gibi bazı dilde gizli özne bulunamaz.",0
"Tercümanı Hakikat, Ceride-i Havadis ve Vakit gazeteleri, iki yıl müddetle, hemen her gün yazılarını tartışmacıların yayımladılar.",0
"Böyle bir işlemde dikkat edilmesi gereken nokta, yukarıda anlatılanların geriye dönük yapılmasıdır.",1
"Yüzyılların birikimiyle oluşan bu kalıplaşmış sözler, Türk Dilinin etkili anlatımının temel unsurlarından biridir.",1
Örneklerde görüldüğü gibi durağın hangi kelime toplulukları arasında ve ne kadar uzunluktadır anlamı doğrudan etkileyebilir,0
Herhangi bir öge vurgulanmadığı ögenin Türkçe bir cümlede özne-nesne-yüklem biçimindedir.,0
Ayrıntılı olarak ve yüzeysel bir biçimde anlam bakımından cümledeki yargıyı çelişkili kılmaktadır.,1
Dikkatli sayı terimiyle anlatılan bu duruma Etiyopyada konuşulan Bayso dilinde rastlanmaktadır.,0
"Ancak sözcük, aynı alfabenin kullanıldığı bir dilden alıntılanmış olduğu için aslına göre yazma eğilimi vardır.",1
Çatı ekleriyle bazı fiil gövdeleri türetilmiş yer alırken sözlüklerde bazı gövdeler sözlüklere edilmemiştir.,0
"Bu durum, ekonomik ve teknik gelişmelerin, kültürel değişmeleri motive ettiğinin tipik bir örneğidir.",1
"FİİLDEN FİİL YAPAN EKLERİN BİÇİMBİLGİSEL ÖZELLİKLERİ Bu bölüm, söz konusu eklerin biçimbilgisel özellikleri üzerine yoğunlaşacaktır.",1
"Zamansa olayların şimdi ve buraya göre önceliğini, sonralığını veya eş zamanlılığını bildirir.",1
Dilbilgisel biçimbirimler de sözcük parçaları olarak duyulabilirler (bkz. Çekim ekleri).,0
geliyo musun örneğinde ise fiil kökünden hemen sonra en eski biçimi A yorı-r olan bir zaman eki vardır.,0
Bu nedenle ünlü ile biten bir sözcüğü ünlü ile başlayan bir ekle alındığında araya yardımcı ses girer: oda-y-a vb. (bk. Heceleme),0
"Mehmed Akifle son görüşmemizde, 1913te, yani Balkan Harbinin faciaları üstüne, buluşması dertleşmeye karar vermiştik.",0
"Bugün sesli yerine *ünlüler*, sessiz yerine ünsüz terimleri kullanılıyor.",0
"Bir sözcük en az bir kök biçim birimden oluşur, bu tür sözcüklere yapısına göre basit sözcük veya basit gövde adı kurulur.",0
Bu fiil ile kurulan birleşiklerin hepsi sözlüklerde tanımlar,0
"Bir an oe o rt y a çı kmamış, yı l l ar ın verdiği i hti yaç ve birikim l er i n sonucu olarak te z a he ri mi ş ve si s t e ml e ş mi ş t i r.",0
Standart dil ile ağızları veya farklı ağız gruplarını keser sınırlarla birbirinden ayıracak dil bilim ölçütü yoktur.,0
"Dilekçe normal ölçüdeki beyaz kağıda, okunabilir bir yazı ile ve mürekkepli kalem kullanılarak yazılır.",1
Ünsüzleri ilgilendiren değişmeler sırasında bu ortak özelliklerden birini kazanma veya önemli bir tutar uzaklaşma.,0
Sözcük bir bağlamda ünlüsünü koruyorken başka bir bağlamda ünlüsü olmadan kullanılmaktadır.,0
"Bunlara, isimlerle kullanılan, birleşik fiiller yapan asıl yardımcı fiiler denilebilir.",0
"Aslında her dilde alıntı sözler bulunur ancak dil bilgisi ögeleri, kuralları zor bir dilden başka dile geçmez.",0
Bulunma Grubu: Bulunma hali ekiyi getirilen bir isimle bir başka isim türünden kelimenin bir araya gelmesiyle oluşur.,0
Sözcüksel Koşullanma Bir biçimbirimin değişkeleri bazen de tabanın özellikleri ya da tarafından belirlenir özelliksizliği.,0
Farklı içindeki televizyonun yaygınlaşmasında dil biçimlerin önemli bir yerde medyanın olmak başta vardır.,0
Worfa göre dillerin arkaplan dilbilim sistemleri (gramerleri) yalnızca düşünceleri dillendiren değildir üretim sistemi bir.,0
İşaret dillerinde de sonsuz sayıda tümce üretilir.,1
Her şeyden önce Arapıca ve Farsçadan almış sözcüklerde ünlülülerin kaynak dillerdeki söylenişleri Türkçeden farklıdır.,0
Alıntı sözcüklerin bir kısmı hem sık sık yanlış yazılmakta hem de yanlış söylenmektedir.,1
Bugün de hala geleneksel dil bilgisi çalışmalarında nedenliliğin savunulduğu görülebilir.,1
"1. Onun için beraberimde götürdüğüm ganimetlerden ziyadesi, tezgāh başında yaptığımız sohbetleri hatırlıyorum.",0
Yazılı olmayan belgeleri olmayan dillerin ana dilden ne zaman ayrıldığını belirlemek imkansız olabilir.,0
Bu durumun dönem başındaki öğretim elemanı tarafından öğrencilere açıkça anlatılması gerekmektedir.,0
Biliyorum ki öğrencinin ilgisini çekecek bir örnekle kelime açıklanmazsa gösterilen karşılık bir süre sonra unutulup gidiyor.,1
"İngilizcenin yalnız kendisine ait, Latinceden ya da Yunancadan alınmamış sözcüğü var mıdırdır?",0
Bir türler nedenlik durumlarını başka birleşik sözcüklerde veya türemelerde de görmek mümkündür.,0
Yapılan çalışmalar sadece başka dillerden Türkçeye değil Türkçeden da diğer dillere çok canlı bir akış olduğunu göstermektedir.,0
"İnsan dediğimiz yaratık; hep iki eli, bir karaciğer, bir midesi (Örnekleri uzatabilirsiniz.) olan bir varınık.",0
Buna karşılık birleşik sözcüklerin ortaya çıkışında bir taraf olduğu söylenebilir.,0
Düzlük-Yuvarlaklık Uyumu Türkiye Türkçesinin önemli ses olaylarından biri de düzlük-yuvarlaklık uyumudur.,1
Başka bir deyişle isim cümlelerinde şimdiki zaman ve geniş zaman arasında ayrım yoktur.,1
"Sıfatlar niteleyici konumundayken baş adın taşıdığı durum, cins, sayı bilgisiyle uyuma girerler.",1
"O tamlamalar yerine, gerektiğinde ünlü harfi ve ünsüz harfi terimler kullanılabilir.",0
Olaylar ve durumlar okurun kafasındaki merakı gidermeye yönelik bir biçimde sonçlanır.,1
"Bunlardan biri klasik öykü dediğimiz olay öyküsü: kişi yer, zaman ve hareket unsurlarından oluşur.",1
"Bu yapıdaki cümleler, özellikle düzyazıda satırlarca sürüp giden ifadelerin anlaşılmasını güçleştirmiştir.",1
Bunların sıralamak mümkün değilse de belli başlı işlevlerine şu şekilde işaret edebiliriz.,0
"Bugün dünya üzerindeki dillerin önemli bir kısmı, ortak bir anadan gelişmişlerdir.",0
Türkçede heceyi ünlü kurduğu için sözcüğün sadece ilk hecesi başlayabilir,0
Türkçe bütün doğal diller gibi sürekli biçimde değişmekte olarak,0
"Ancak karşılaştırmalı sesbilgisi çalışmaları sonucunda, bu döneme ait bazı özellikleri kurgulanabilmektedir.",0
Gösterge kurmanının da kurucusu olan İsviçreli dilbilimci Saussureün önemle üzerinde durduğu bazı gösterge ilkeleri vardır.,1
ÜNSÜZ UYUMLARI Ötümlerlik-Ötümsüzsüzlik Uyumu: Bu uyum ünsüzlerin boğumlanma noktalarıyla ilgilidir.,0
Günümüz Türkçesindeki ses olaylarının dil bilgisi kitaplarında ele alınışındaki iki farklı yaklaşım olduğu söylenebilir.,0
Örnek: Duydukları karşısında sokağın ortasında öylece kalakaldı.,1
İdarecilerin dili özenilen dil durumuna yükselir ve bu dille konuşmak ve yazmak moda haline gelir sorunsal haline gelir.,0
"Yönelme yan cümlesi 2. Dolap kapaklarının metal tutacaklarına, yatağın yanına atılmış bluzuma baktı.",1
Ama büyük dil aileleri göz önüne getirilince dünyada yapı bakımından Türkçeye benzeyen dil sayısı oldukça azdır.,1
"Bu iddialar kimi durumlarda kulağa hoş gelse de, dilbilimin temel bulgularına ters düşer.",1
Türkçenin veya Türkçe kelimelerin yazımında kullanılan ilk alfabelerden birisi de Grek Alfabesidir.,1
"İlk Türkçe, bütün Türk dillerinin anasıdır.",1
Kırmızı güller ve ağaçlar buradalar insana yaşama sevinci veriyor.,0
"Birleşik kelimele, dile ait söz dizimi ve biçim bilgisi kurallarından yararlanılarak oluşturulur.",0
"Dökümentasyon: Belge bilimi, bir konu hakkında bilgilerin toplanması, saklanması ve açıklanması.",0
"Toplumlara bütünlük, süreklilik ve dayanıklılık veren amiller tarih şuuru, din, içtimai heyecan, sanat gibi kuvvetlerdir.",1
Bununla birlikte dilin yapı ve işleyiş sistemini tanıtmak üzere kuralcı yöntemden de kısmen için yararlanılmaktadır.,0
Dönüşlülük eki farklı anlamsal değerlerin sahiptir.,0
"Biçimbirimler, biçim bilgisinin araştırma konusunu oluşturur.",1
"Dil bozulduğunda milleti millet eden bir değer bozulmuş, bir millet zarar gördü olur.",0
Ancak Türkçenin yazımında dilin temel işlevi olmayan iletişimi etkileyen önemli sorunlar olduğu söylenemez.,0
"Bunun nedeni, hece sonunda -lm ünsüz çifinin bulunmamaktadır.",0
"Bugün de bekledik, dün de.",1
Ekler kendilerinden daha küçük anlamlı parçalara bölünemez bölünmez.,0
Bu dil ailelerini kısaca tanıyalım: a. Hint-Avrupa dil ailesi: Hint-Avrupa dillerinin konuşulduğu alan oldukça geniştir.,1
"Bu yüzden Türkçenin Gül Bahçeleri, birçok da Türk halk zevkinin yarattığı mecaz bahçeleri",0
Bütün dillerde akciğerlerden başlayan hava akımı ile oluşturulan sesler kullanılmaktadır.,1
"Peygamberimiz Efendimiz hazretleri, Allah tarafından insanlara dini gerçekleri iletmeye ve elçi seçilmiştir.",0
"Akrabası bulunmayan Baskça, dil bilimsel bakımdan da izoledir.",1
"İşlevsevselci yaklaşımlarda dil yetisi, dinya bilgisi ve diğer bilişsel işlermler birlikte ilerler.",0
"Örneklerde de görüldüğü gibi birleşik sözcüğü oluşturan sözcükler, bağımsızken taşıdıkları ana vurgularını kaybederler.",1
Anne sözcüğü ananın çocuk dilinde aldığı biçimsizdir.,0
Günümüzdeki biçimde yazım 1928 yılında Latin alfabesine geçilmesinden geliştiği için Türkçenin yazımı oldukça yeni sayılır.,0
Sempozyum hazırlama komitesi bu özetleri değerlendirerek uzmanları sempozyuma davet eder.,1
"Eğer anlatacağımız fıkra, dinleyenler tarafından bilinmiyorsa ancak o zaman yolunu anlatma tamamını fıkranın seçeriz.",0
Sözlüklerimize de geçen bu sözcükler artık İngilizcenin malı olmuştur.,0
Türkçenin ekleri genellikle hecelidir.,0
Türkçe fiil şekilleri bakımından oldukça zengin bir dildir.,1
"Yine birleşik kelimelerin nasıl yazılacağı, Türkçe yazımında en tartışmalı konularındandır.",0
Gençlerli başta olmak üzere insanın kaç kelimeye konuştuğu sorusuna tekrar dönebiliriz.,0
Kaç çocuğu olduğu sorusuna soran kişi yaşça büyükse ellerinizden öper sözleriyle başlanarak cevap okunur.,0
Bu söz için uygun bir karşılık konusunu araştıracağız dedi.,0
Türkçesinin perişanlığına sinirlenen grup üyeleri üniversiteli arkadaşlarını öven yanıtlar yazmışlar.,0
Ancak Çin kaynaklarından öğrenildiğine göre buradaki Tibet varlığı ve Tibet kültürü uzun süre devam etmiştir.,1
"Bugün ünlü yerine sessiz, sessiz yerine ünlü terimleri kullanılıyor.",0
"Sanatçı, selfieye Türkçe karşılık arayan Türk Dil Kurumu tarafından da (TDK) bu pozla selam göndermeden edemedi.",0
"Daha sonra konuşma organlarınını pozisyonlarına bağlı olarak dar, geniş, düz, yuvarlak, akıcı, patlamalı vb. sınıfandırmalar yapılır.",0
Şimdi dünya dillerinden örneklerle adsıl çekimlere bir göz atalım.,1
"Örneğin; Akdeniz, karaciğer vb. Sıfat tamlamasında tamlayan ile tamlananın yeri değişmez.",1
Kurulan cemiyet bu amacını Türk dilini tetkik ve elde edilen neticeleri neşir ve tamim ederek gerçekleştirecektir.,1
"Fiil, yüklem olma gücünü kaybetmediği iin bu ekler, çekim eklerine benzer özellikler de taşırlar.",0
"Bunlar, Atatürkün millet anlayışını, tercih ettiği rejimi, inkılaplarını benimseyen ve destekleyen toplulukdur.",0
"Ancak, Saussureün de belirttiği gibi kimi göstergelerde görece nedenlilikten de bahsedilebilir.",1
Bazı dillerde temel söyleyişteki sapmalar sadece söyleyiş bozukluğu olarak algılanır.,1
Yanlış konuşmamanın olumsuz sonuçları olabileceğinin düşünüldüğü resmi ortamlarda kullanılır.,0
Dil ilişkileri çerçevesinde alt katman ve üst katman etkenlerinden de söz etmek gerekir.,1
Bu süreçlerde Anadolu Üniversitesi Uzaktan Öğretim Tasarım Birimi yıllardır edindikleri tecrübeyle bize destek etti.,0
"Bunun temel esası hepimizce bilinmektedir ki, Kurandaki anlamı açık olan ayetlerdir yüce.",0
"Herhangi bir dilde, sözcükleri oluşturan seslerin bir araya gelme koşulları aşağı yukarı bellidir.",1
"Bu eki alan öge; cümlede yer tamlayıcısı, bazı kaynaklardaki ismiyle dolaylı tümleç işlevindedir: Eve gitti.",1
"Buna göre, her bir hayvan, hayvanları oluşturan özellikler verilen şekiller çerçevesinde bir hayvansal özellik kümesi oluştururlar.",0
Zaten İngilizencede olduğu gibi bazı dillerde de bu anlamlar olmayan çatıda sözlüksel olarak kodlanmaktadır.,0
"Almancada soyut adlar türeten -ity eki bu işlevi yerine getirdiğinden, yukarıdaki sözcük başka türetim eki alamayacaktır.",0
Tekerleme kavramına kaynaklarda Masallara başlarken söylenilen yarı anlamlı yarı anlamsız sözler; Saçma sapan mukaddime.,1
"Böyle böyle diyorum: Üç gün mühlet vermişim, gece bana pusu kurmuş.",1
"Sözgelimi, gelişme bölümü, bir paragraf değil de belki de beş paragraftan oluşacaktır.",1
Tavukları çağırırken ya da atların yürüyüşünü ifade ederken mideyi ses düzeneğini kullanırız.,0
"Sansür, dil konularına uzatılmadığı için aydınlar dil konuları üzerine çalışmaları yoğunlaştırdılar.",1
Yüksek derecede engellenmesiyle oluşan sesler ünsüzler; düşük derecede engellenmesiyle oluşan ünlüler kümesini oluşturur.,0
Üst katman etkisi zayıf bir dilde baskın dile özgü özelliklerin ortaya çıkmadığı biçiminde görülür.,0
"Ermeni Alfabesi Ermeni harfi Kıpçak Türkçesi metinleri, özellikle Trakyalarda ve Marmara Denizi'nin güneyinde karşımıza çıkar.",0
Kazak yıkanırken tenis topları dönen kazanda bir o yana bir bu yana gidip tüylerin toplaşmasını önlüyormuş.,0
"Çünkü konuyla ilgili elde bulunan bilimsel veriler, kesin bir yaş belirlemek için yeterli görülmemektedir.",1
"Denemede, makalede olduğu gibi savunulan düşünce ispatlamak gibi zorunluluk yoktur.",0
"Buna karşılık sayılar, zamirler, ünlemler, bağlaçlar ve edatlar kapalı bir grup oluşturur.",1
"Konuşma dilinde, bir ünlüden önce ünsüzün ikizleşmediği başka örneklere de rastlanabilir: afedersiniz ~ afedersiniz gibi.",1
"Aynı zamanda Altına Ordu döneminde merkez Kırım Saray olmak üzere, Türk dili tarihinde çok önemli bir işlevi olan dönemin adıdır.",0
Sesbirim: Çağdaş dil incelemelerinde seslerin anlam ayrıcı olup olmaması önemlidir.,1
"Türk mutfağı, bunların güzelliklerini galiba o çirkin adlardan o güzel lezzeti çıkarmaktaki sanatı bırakmıştır.",0
"Badem'in göz güzelliğinden, gülüş güzelliğine kadar, meyve ve çiçeklerin bütün lezzeti biraz da adlarındadır.",1
"Konuşmada ağız veya çıkan sözü, yazılı anlatımda olduğu gibi silmek, düzeltmek imkanı yoktur.",0
Anadolu Üniversitesinde Okt. Nurdan Söker dil ve anlatım birliği arasında üniteler sağladı.,0
Cümle içinde tek ögeyi karşılayan ve kelime grupları içinde tek kelimeye denk olan bu dil birimi yargı bildirmez.,1
Gürkan konuşmasını bitirdi ve herkes onu alkışladı her.,0
Tekrar gruplarının bizzat kendileri tekrar grubları oluşturabilir.,0
Papua Yeni Gine Fransa büyüklüğünde bir yerdir. %80i orman olan bölgede 4 milyon insan yaşamakta ve 860 dil konuşulmaktadır.,1
Türkçedeki deyimlerin büyük bir kısmı mastarla biter yanlış.,0
Böyle adları ve eylemleri sözcük türünü değiştirmeden sözcükler arasında yapı ve anlam ilişkileri kurar.,0
"Bu açıdan, bu doğaya yaygın olarak ünlü uyumu dense de burada söz konusu olan aynı zamanda kelime uyumudur.",0
"Aşağıda, Osmancıkın keyfince yaşamayı bir yana bırakıp küçük idealler uğruna değişmeye başlaması anlatılmaktadır.",0
1. Alt ve üst bölge arasını da orta bölge diye adlandırabiliriz.,0
"Kelimelerin sınırı vardır, ama kelimelerle hangi anlamlara gelen ne tür cümleler kurabileceğimizin sınırı yoktur.",1
İlgi Grubu: İlgi hali eki getirilen bir isimle iyelik eki düşmüş diğer bir ismin bir araya gelmesiyle oluştu.,0
"Edatlar, tek başlarına cümlede öge olamazlar.",1
"İhtiyar kadın beni elimden tutarark dar bir taşlıktan geçirdi, eskilikten basamakları oynayan karanlık bir merdivenden çıktık.",0
"Yani eklenme yerleri, bitimli fiili oluşturan eklerle uzakdır.",0
"Biyografisi yazılan kişi ünlü olması, topluma hizmetleri olan bir kişi olması tercih edilir.",0
"Etken cümlenin öznesi, nesne ve dolaylı nesne pozisyonu dolu olduğu için bunların dışında, uygunsuz olan bir pozisyona taşınmalıdır.",0
Nitekim bugün yeryüzünde binler ifade edilen dil söz edilmesinin sebebi budur.,0
"Bu ses bugün Türk dillerinde sadece İranda konuşulan Halaçça da bulunmakta, diğer Türk dillerinde yaşamamaktadır.",0
Dokuzuncu yüzyılda Museviliğin Hazar Türklerinin kağan sülalesince kullanılmış olmalıdır Karay mezhebine giren.,0
"O akşam yatağına sırt üstü yatar, türlü türlü hayaller kurar, Allahla ortaklığını bozar,",0
Bu kelimeler yüzyılın başlarında Japon bilginlerinden Shiritori tarafından incelenmiştir.,1
Örnek olarak fonetik çalışmalarında veya ağız araştırmalarında konuşulan daha ayrıntılı biçimde yazıya yansıtma çabası vardır.,0
Kelimelerin ilk harfinin ya da belli hecelerin seçilerek yeni kelimeler oluşturulmaktadır.,0
"Soru eki olarak da biliniyor mX, bağlaç olan dA edatı gibi ögeler enklitikler olarak geçer.",0
"Türkçe yazımda, aralarında boşluk bulunan her ögeyi bağımsız kelime saymak değil.",0
Dildeki değişme konuşma dilinde yazı diline oranla daha hızlı olmaz.,0
Bu yazıyı Orta Asyada ilk kez kullananların Budist Toharlar veya Sakalar 73 olduğu sanılmaktadır.,1
Bundan sonra Latin harfleri düşünüreler ve yazarlarımız arasında yıllarca tartışma konusu oldu.,0
Özne birinci ve üçüncü tekil kişi olduğundan yüklem birinci çoğul kişi kalmıştık olmalıydık.,0
"Bu cümledeki anlatım bozukluğunun giderilmesi için de, virgülden sonra insana sözcüğün kullanılması gerekiyor.",0
"Seslerin o dildeki işlevlerini, birbirleriyle etkileşimlerini, diziliş ve değişim kurallarını inceler.",1
Türkçenin seslerini yazıya geçirmek bakımından çok yetersiz olan bu yazının Türkler tarafından kullanılmasının nedeni ticaridir.,1
İkinci kelimede ilk kelimedeki ünlü yerine dar-yuvarlak yani /u/ veya /ü/ kullanılmasıyla meydana getirilir.,1
"Türkçenin, Latin harfleriyle yazılması için çeşitli girişimler başlatılmışsa da bu çabalar, tepkiler yüzünden yarıda kalmıştır.",1
"ayalar grubunu oluşturan ögelerin arasına mX, dA, ama gibi edat ve bağlaçlar getirilerek pekiştirilebilmektedir.",0
Türk dilli halkların yaşadığı coğrafya 90lı yılların başından itibaren çok bir iletişim içine girme imkanı buldu.,0
Örneğin konumuz roman dedik.,1
Bir cümle içinde birden fazla kelime grupu yer alabilir ve bu kelime grupları iç içe geçen bir özellik de paylaşabilir.,0
"Başka başka bir açıklama yapılmamışken transliterasyonda harfer, transkripsiyonla karışmamaları için büyük harfe yazılır.",0
"İkilemedeki yer alan sözcüklerin ikisi de Türkçe, biri Türkçe biri alıntı, ya da her ikisi de alıntı olabilir.",0
"Dağılımsal ölçüt, bazı yerlerde sözcükleri öbek ve tümce içinde konumlanabilecekleri yarılar göre sınıflandırır.",0
"Örneklere bakacak olursa ilenin daha sınırlı bir kullanımı olduğu, her örnekte ve ile değiştirilemediği görülmektedir.",0
2. Bu anlamlı kelimeler ancak o dile has kurallara olsun bağlı olarak doğru cümleler ortaya çıkarabilirler.,0
Türkçe günümüzde yeryüzünde yaşadığı diller içerisindeki yazı diline sahip en eski dillerden biridir.,0
"Uzun vadede bu stratejiler, ekonomik, politik ve teknolojik değişmelerde karşılık bulur.",1
"Bu çağrılmışça, bozulan pazarlığın düzeleceğini anlayan Halil geri döndü.",0
Bugün kullanılan Arap rakamları da Hicretten üç buçuk yüzyıl sonra düşünce elde edilmişti.,0
"Hem isim hem de sıfat olarak kullanılabilen kelimeler, sıfat olanlar herhangi bir çekim eki almazlar.",0
"Türkçe kökenli sözcüklerde uzunluk, /ğ/ sesinin bulunduğu durumlar başta olmak üzere ikincil olarak gerçekleşir (bk. Uzunluk).",1
Yazılı ilk olgunlaşmış belgelerin Türkçe Göktürk ve Uygur dönemlerine de Eski Türkçe Dönemi adı verilir.,0
"Chomskyci yaklaşımında sözdizim, anlam bilimden bağımsız özerk bir bileşen oluşturur.",0
"Kelime denince, akla ilk olarak, bir metinde aralarına boşluk konarak yazılmış dil ögelerinden her biri düşer.",0
Tarih bir köprüdür. ... Köklerimize inmeli ve olayların böldüğü tarihimizin içinde bütünleşmeliyiz.,1
Ünlülerin süreçleri sürelerinin normal ünlünün iki katı olması durumunda uzun ünlüler doğar.,0
"Noam Chomsky (1928-), insanların zihninde kalıtımsusşal bir dil bşlgisi olduğunu söylüyordu.",0
Uzaklaşma Grubu: Uzaklaşma hali eki getirilen bir isimle bir başka isim türünden kelime bir araya gelmesiyle oluşur.,0
Osmanlı halkı çoğunlukla Türkçe konuşur.,1
İlkokul çağına gelmiş bir çocuğun sınırlı sayıda malzeme ile üretebileceği alternatif cümle sayısını ölçebilecek bir araç yoktur.,1
"Toplantının sonunda Kurul, Başkan Prof. Dr. Mustafa Kaçalinin de yer aldığı bir özçekimle sosyal medyadan da hatalı paylaştı.",0
"İngilizce da, Türkçe olduğu gibi, ekinin çoğul kurallı biçimbirimciklerinin dağılımı.",0
"Cümle içinde sıfat, isim, zarf olabilirler; belirtebilirler niteleyip ismi olabilirler",0
İhtiyarlık vaktinde gönlü hoş olsun! Fahim Bey ve Biz Abdülhak Şinasi Hisar,0
"Bu üç grupun yanında Türkçedeki diğer söz yapım yollarıyla ortaya çıkmamış, yapım konusunda ele alacağımız kelimeler de vardır.",0
Bağlamalar Öbeği En çok iki tane eş öge'nin bağlaç ile bağlanmasıyla oluşan sözcük öbeğidir.,0
Kazak makinede yıkanırken tenis topları dönen kazan içerisinde bir o yana bir bu yana gidip tüylerin toplaşmasını önlüyormuş.,1
Dili kullanmanın iki yolu vardır: konuşma ve/ işaretleme yazma.,0
Şehrin yıllar önce gördüğüm güzelliği kaybolunmuştu.,0
Doğadaki sınırsız görsel çeşitliliğine karşılık insanın çıkarabileceği sesler sınırlı sayıdadır.,0
"Döneminin (15. - 17. yy.) bir tür karma dili olan Ermeni Kıpçakçası, Ermeni harfleri ile yazıya geçirilmelidir.",0
"Ses bilgisi, fonetik olarak da adlandırılır.",1
"Çorum sözcüğünün, çoğu Rumdan, İstanbulun İslam ve bol sözcüklerinden geldiği açıklaması birer yerlileştirme etimolojisi örneğidir.",1
Çocuklar kar topu oynumuşlar.,0
"Dil, bir üreticilik, öte yaratıcılık niteliklerine sahip bir sistemdir.",0
Özyineleme İlkesi: Bir yapının içinde aynı yapının yer alması de diğer ilkeler gibi mutlak bir evrencedir.,0
Ancak Erginin sınıflandırma yaklaşımının da bu farklılıklara zemin hazırlamış olduğunu belirtmek,0
"Doğrusunu isterseniz, bu dükkan on seneden açılan ve oldukça geniş bir müşteri kafilesine nadir emtiasını dağıtıyor.",0
Yalnızca sistemsiz ve tutarlı bir sıralama içinde kullanılırlarsa anlam kazanabilirler ve sözcükler oluşturabilirler.,0
"Belirtme belirsizlik, sayı ve işaret bakımından belirten sıfatlardır.",0
Biçimbirimler genellikle içinde bulundukları değişik bağlamlara sahiptir değişik söyleniş biçimlerine.,0
"Bir akademik yazıda sadelik, akılcılık, neden-sonuç ilişkisi, sözü dolandırmadan ifade etme ve kapalılık aranan özelliklerdir.",0
"Öğrenci hazırladığı konuyu kendi cümleleriyle, beden dilini de kullanarak on-on beş dakikalık bir süre içinde anlatır.",1
"Çünkü bu kelimenin delalet ettiğisi manayı, zihniyeti, herkes kendine göre anlamaya çok meyillidir.",0
Bundan dolayı geçerken sürtünme sesine benzer bir oluşur.,0
"Diş Eti-Damak Ünsüzleri: Dil ucunun diş etine değmesi ile oluşan seslerdir: /c/, /ç/, /j/, /ş/ sesleri bu gruptaki seslerdir.",1
Biçimsel olarak deniz-ci ve deniz-ci-lik parçalarına ayrılırlar.,1
İçeyerleştirme İlkesi de var olan bir insanda her dilinde özelliktir.,0
"Yazı diline temel olarak alınan ağız, genellikle o ülkenin kültür, sanayi, ticaret ve yönetim merkezinin ağzıdır.",1
İki evin arasındaki dar aralıktan vagonların geçtiği görülüyor.,1
Fakat cümledeki hem ben zamiri hem kendim dönüşlülük zamirinin kullanımıyla özne pekiştirilmiştir.,0
"Karar verme, sözleşme işlevini bulunabilirler: Ertesi gün aynı saatte ayrıldılar.",0
Bu kollar zaman geçtikçe kendi şartlarında gelişir ve ayrıldığı kaynak dilden farklılaşmaya ve kendisi de kollar doğurmaya başlar.,1
Yabancı vatandaş öğretim görevlileri Türkiye'de işe devam etmek istiyorlarsa üç yıl içerisinde Türkçeyi öğrenmek zorundalar.,0
Konuşma Dilinde: Konuşma dilinde yazı diline göre çok daha fazla ünsüz düşmesi örneği vardır.,1
Sen bu yürekle bu koca şehirde ne yapabilirsin ki?,1
Flower-seller çiçek satıcısı çiçek satar ama street-seller satıcı sokak satmaz.,0
"Dilin anlattığı yanlış de ancak, insanların zihninin süzgecinden geçmiş yanlıştır.",0
Arkasında doğulu bilimin mevzi almış birkaç kocaman sarıklı görmek halkımız için yeterli değildir.,0
"Yararlanılaan ve Başvurulabilecek Kaynaklar Aksan, D. (1998). Her Yönüyle Dil Ana Çizgileriyle Dil Bilim.",0
Yani bir kelime isimken üzerine gelen bir ekle türetilmiş olmaya devam edebilir bir isim.,0
Üç buçuk yıldır aralarında yaşadığı Amerikalıların 1000 kelime konuştuğunu anlatmak istiyor aslında.,0
"Edatlar, tek başlarına cümlede olamazlar öge.",0
İşitsel Ses Bilimi işitme organları üzerinde yoğunlaşır.,1
Fiiller cümle içinde kullanılabilmek için bir çekim ekine veya fiilimsiye ihtiyaç duyar.,1
"2. Kelime içine, başına ve sonuna bazı eklemeler yapmak suretiyle yeni kelimeler veya kelimeler çekimlenmektedir.",0
"Kültür, insan yığını hayvana haline getirir.",0
"Kıpçakça, Arap ve Fars dillerinin yoğun biçimde etkileyen Harezmceden gelişen iki yazı dilinden biridir.",0
İki ünlü iki ayrı hecede de yan yana gelir ancak birleşik sözcüklerde bu mümkün olabilir.,0
İkinci biçimbirim ise Eski Türkçede +gar/+ger şeklinde olup zamanla ek başındaki ünsüzün düşmesiyle +Ar halini almıştır.,1
"Hatırlamada zorluk çekeceği bazı isim, tarih vs. gibi hususlar için elinde küçük not kağıtları bulundurabilir.",1
"İkilemede yer alan sözcüklerin ikisi Türkçe, biri Türkçe biri alıntı, ya da her ikisi de alıntı değil.",0
Bunların dışında kalanlar için Osmanlı dili ile Türkçe ve Türkçe ile Osmanlıca aynı şeydi.,1
Çünkü yazım dışında kalan alanlarda kural koymak güçtür.,1
"Durumlar dil kullanımını, özellikle de hitap sözcüklerin seçimini etkilemektedir.",0
O zamanlar sen daha büyüktün.,0
"Bilimde, teknolojide, uygarlıkta üretken olan toplumlar verici dil olarak başka dillerin söz varlığına sözcükler aktarır.",1
"Kelime türleri hakkındaki Türkçe yayınlarda, dilbilimin bu alanları birbirinden ayrılmaz.",1
"Servet-i Fünun ve Fecr-i Ati topluluklarının Tanzimatçılardan da ağır olan dilleri, Osmanlı Türkçesinin son örnekleridir.",1
"Bunun sonucunda Türkçe öğrenen bilgiler ve şairler, Mısır ve Suriyede başta sözlük ve gramerler olmak üzere pek çok Türkçe eser yazar.",0
"Ötümsüz ünsüzleri ise /ç/, /f/, /h/, /k/, /s/, /ş/, /p/, /t/dir.",1
"Bürünsel özelliklerden söz etmeye son vermeden, kitabın amacına uygun olarak ezgi konusuna da kısaca değinmeksüzın gerekir.",0
Bir dil içinde Latin alfabesi ile yazılan ilk dil Yakutçadır.,0
Türkçe kökenli sözcüklerde heceler ünlü ve ünsüz sayısı ile bunların dizilişleri açısından altı türlü olabilir.,1
"Sansür, dil konularına uzatılmadığı için aydınlar dil konuları altında çalışmaları yoğunlaştırdılar.",0
Hatice Teyzenin Aliyi gördüm. -İlgi grubu nesne olarak görev yapar.,1
Türkçenin en eski şiirleri arasında bilgiyi öven iki dörtlük zamanımıza kadar gelmiş bulunmuyor.,0
"Töre ve kültür bozulursa, adalet doğru yola sapar.",0
"Son hecede art damak sesleri varsa, ek art damak ünlülerini, ön damak sesleri varsa ek ön damak ünlülerini barındırabilir.",1
Göstergeler kendiliğinden oluşabileceği gibi üzerinde anlaşmaya varılarak da oluşturulabilir.,1
"Zamanı gelince ülke içinde sağlanan sağlam beraberliğimiz, bütün dünyaya devletimizin de güçlü olduğunu göstermektedir.",1
Sizcede bu ayrımlar geçerlimi?,0
Münazara şeklindeki tartışmalar daha çok orta öğretim öğrencileri arasında düzenlenmektedir.,1
"Ancak, biri diğerini nitelediği veya belirttiği için sıfat özelliğini kazanmaktadır.",1
Her saniye yeni içerik ve kullanım alanı /şekli üretilen bir konuda son sözü söylemeye çalışmak anlamsız bir çaba olacaktır.,1
"Aynı dili konuşan insanlar, millet denilen sosyal varlıkın temelini teşkil ederler.",0
Yukarda da belirtildiği gibi bazı alfabeler yalnız onu kullanan topluluk ya da devletlerce Türkçenin yazımında kullanılmadı.,0
"Bunun nedeni emir 2. tekil kişi dışında, eylemlerin de ancak bir çekim eki alarak kullanılabilmesidir.",1
"Çok sayıda bu ekler her iki ögeye, ara sıra yalnızca birinci veya yalnızca ikinci ögeye getirilerek kullanılır.",0
Ettirgen durumları ifade etmek Türkçede bir kısmı oldukça işlek olan birçok ek vardır.,0
Yemek ve içmek alışkını olan Uygurlar bu eylemin verimli türünden kendileri için yeni bir alışkanlık edinmişlerdir.,0
"Tahminlenen asıl konular doğrultusunda hazırlanan bu kitapta, dilin bir kültür meselesi olduğu fikrinden yola çıkılmıştır.",0
"Bu farklılıklarına rağmen, kapalı kümeler, bütün dillerde görülen bir sözcük sınıftır.",1
Bir sonraki aşama ise bu sözcüklerin yaygınlaşıp başkaları tarafından da kullanılır duruma değildir.,0
Ancak bir dilin içerisinde bölgelere ve sosyal farklı bölgelerde sosyal sınıfara özgü bürün farkları olabilir.,0
"Bu yüzden burada hangi fiile hangi şartlarda ettirgenlik ekinin geleceği, çok genel kurallarıyla verilecek",0
"Bu durum yazı dilinin daha durağa, konuşma dilinin ise gelişmeye ve değişmeye açık olması sonucunda oluşmaktadır.",0
Gizli özne dilbilimde gelmekte gelenek olduğu üzere (7b) ve (7c)de olduğu gibi adıl olarak gösterilir.,0
"Adlar tür, anlam, yapı, sayı vb. bakımlardan farklı biçimlerde sınıfandırılabilir mi.",0
"Resim çekmeye, sigara içmek gibi eylemlerinin çeşitli dillerdeki karşılıkları, yine aynı farklılıkları gösterir.",0
Bunların dışında kalıyorlar için Osmanlı dili ile Türkçe ve Türkçe ile Osmanlıca aynı şeydi.,0
Hatta bir Azeriyle bir Erzurumlu arasındaki anlaşılabilirlik oranı Erzurumluyla mesela Denizli arasındakinden yüksek de olabilir.,0
Örnek olarak el-mizin biçimi prensipte al-mış örneğinden farksızdır.,0
Ancak anlam olarak hiçbir önerme etmedikleri için dinleyici bu tümcelerin ne anlama geldiğini anlayamayacaktır.,0
"Edatlar, kaynaklarda son takılar ve ilgeçler olarak da geçmez.",0
Giyimimize özen göstermeliyiz.,1
Ancak ana vurguyu almış olan hece veya sözcük diğerlerinden daha belirgin olarak söylenmez.,0
Küresel etkilenmenin yalnızca İngilizcenin diğer diller etkilemesiyle kalmadığını da belirtmek gerekir.,0
"Genel geçer tanım, kavram ve terimleri kullanırken kaynak göstermeye zorunlu değildir.",0
Öğrenciler ders çalışmıyordu eve.,0
Ağızlar da dahil edilirse seslerin sayısı daha da artabilir.,0
Birdenbire bir gürültü.,1
Reklamının vermeye çalıştığı mesajın ise sonu derece yanlış olduğunu hemen belirtelim.,0
"Dudak uyumu ise, ünsüzlerin akılsız bir rolü varsa da, sadece ünlülerle;",0
Bunun zararlarını fazla telafi faaliyetle çalışmalıyız.,0
Maniye göre kurtuluş hayrın serbest kalmasıyla ve tekrar eski yerini kaybetmesiyle gerçekleşecektir.,0
Bu anlatım biçiminde düşünce bir olay içerisinde okuyucuya hissizce verilir.,0
"Kültür demek, başkasından aldığımız bilgileri, düşünceleri kedi gibi tekrarlamak değildir.",0
"Sultan, halayıklarına emrediyor: Balıkları alın, oğlanın tablasına bir avuç altın koyun. Halayıklar Sultanın dediğini yapıyorlar.",1
Bazen de tamlanmayani isim kısmında tekrar grubu bulunabilir.,0
"Örneğin, Farsçadan kopyalanan dü 2,, gül köhne sözcükleri, bu dilde sırasıyla do, gol ve kohne biçimindedir.",0
"Oluşturucuların birbirlerinden ayrılmaları ile, hava, patlayamı andıran bir ses ile dışarı çıkar.",0
Buna karşılık aynı alfabeyi kullanan dillere ait sözcüklerde iş daha da karışıktır.,1
Bunu nasıl başlattınız?,1
"Bu, batı Osmanlıcası standart dilinin temel, eğitimli kesimin konuştuğu idi İstanbul Türkçesi.",0
"Dil bilimsel nazik olmak, kişilerle aramızdaki toplumsal ilişkinin gereklerine uygun biçimde konuşmaktır.",0
Ancak bunlarda bile sözlü dile ait pek çok özellik yazıda mümkün vermek değildir.,0
Buradan hareketles aynı ünitede dilin kültürle ilişkisine değindik.,0
"Bu durumda ünlü komşuluğundaki titreşimsiz bir sesli harfi söylemek, titreşimsiz bir ünsüzü söylemekten daha zordur.",0
İkinci ünitede araştırmaların ışığında Türk dilinin gelişimi ve tarihsel dönemlerini kapsadık.,0
"Bir bilim dalını diğer alanlardan ayıranın özellik, o alanda yapılan çalışmaların bir yöntem çerçevesinde yürütülmesi dir.",0
Hiçbir rakam bir dilde kullanılan seslerin tümünü içermez ve anlamı mükemmel olarak yansıtmaz.,0
Bu dil hem Orta Asya Türklerinin hem de Altın Ordu içindeki Kıpçak halklarının ortak yazı diliydi.,1
Bu yapılırken ekin sahip olduğu seslere ve sessizlere göre farklı alternatifler ortaya çıkar.,0
"Sanatçı, selfieye Türkçe karşılık arayan Türk Dil Kurumuyla da (TDK) bu pozla selam göndermeden edemedi.",0
Sürekli ünsüzler akıcı ve sızıcı olmak üzere ikiye ayrılırlar.,1
Bugün Türkçenin yazımında kullanılan alfabe her sese bir harf denkliğine büyük oranda uyulan bir sesçil alfabedir.,1
Çekimsel Biçimbilim Bir sözlükbirim kendisini oluşturan tüm sözcükbiçimleri içinde barındırır.,1
"Bir ünsüzün betimlenmesinde dilin konumu, ağız açıklığı ve dudak durumu belirtilmektedir.",1
"Bu üç grubun yanında Türkçedeki diğer söz yapım yollarıyla ortaya çıkmış, yapım konusunda ele alacağımız kelimeler de vardır.",1
"Ancak geçişli bir iç- fiil olan iç-, edilgen yapıldığında geçişli fiilin nesnesi, edilgen fiilde sözde özne olur.",0
"Birleşik fiillerde isim veya isim grubu ile fiil unsuru, yardımcı fiil getirilir önce sonra.",0
"Diğer pek çok dilde olmayan bir özelliğe göre bir sözcük köküne ekleme ekleyerek, tek sözcüklü tümce oluşturulabilir.",0
"Ayrıca bunların sayıca birden fazla olduğunu göstermeye yarayan biz, siz, onlar şeklinde çoğul biçimleri de vardır.",1
Benzer bir durum geniş zaman ve sıfatfiil eki olarak kullanılan -r/-Ar/-Xr için de geçerlidir.,1
"Bazıları yazıya yansıyan, bazıları da konuşma diliyle sınırlı olmayan bu nöbetleşme, ad ve eylem tabanlarında farklı gerçekleşir.",0
Unvan grubu eksiz ol olarak yan yana gelen bir kelime grubudur.,0
"Bir ünsüzün betimlenmesinde oluşma noktası, oluşma biçimi ve burun durumu belirtilir.",0
"İşaret zamirleri, işaret sıfatı olarak da kullanılan ögelerdir mi.",0
Ancak ondan sonra işin gerekleri ile kendi niteliklerinizi karşılaştırabilirsiniz ve 193 işe uygunlulzunu belirtebilirsiniz.,0
Ağaç kavramını temsil etmek için kullandığımız a-ğ-a-ç ses öbeğinin ise bu 28 kavramın gösterenidir.,0
Herhangi bir topluluğtan bir kişi dönüştüremez dili tek başına.,0
"Bu özellik kişiden kişiye değişebildiği için, belirlenebilmektedir belli bir sesin kime ait olduğu.",0
"Kalktı, kahve kapısı gitti, durdu.",0
"Emir; doğası gereği bir buyurucu, bir de eyleyicinin bulunduğu en az iki kişili iletişim ortamlarında üretilir mi?",0
Türkçenin yazılmasında ve okunmasında kullanılan Arap harflerinden yararlanılmak heç gerekse de güçlüğü artık kavranmış bulunuyordu.,0
"Yapım eki almamış, anlamlı veya işlevli daha küçük olmayan parçalara ayrılamayan kelimelere kök denir.",0
Farklı gelişmeleri eski biçimlerden hareketle de göstermek mümkündür.,0
"Yapay dillerin, başlangıçtaki beklentilerin göz önüne alınması durumunda, başarılı olduğu söylenemez.",1
"İsim fiiler; -Mısırlı (ısırıl, soğumuş, yıkanmaz), -mA (bilme, görme, yıkama), -mAk (bilmek, görmek, yıkamak) ekleriyle yapılır.",0
"Kültür ilişkileri sonucunda Türkçenin varlığı söz değişerek gelişmiş, zenginleşmiştir.",0
"Bu bölümde, tekrar grupları kapsamında önce türemiş ve birleşik isimler, ardından türemiş ve birleşik fiiller ele alınacaktır.",1
Burada Fransız sosyolog Durkheime göre kolektif bilinç bir toplumda ortak olanların temsil.,0
"Edatlar gelen de sona (bile, da, dahi, ya, ise) aynı şekilde sözcükleri, sözcük öbeklerini ve cümleleri birbirine bağlar.",0
"Duvarları boyadı etken çatı, duvarlar boyandı cümlesi ise edilgen çatı örnekleridir.",1
Havada dillerin oluşumundan bu yana diller arasında bir etkileşim söz konusudur.,0
"Dil, millet denilen sosyal varlığı birleşiyor.",0
Bağımlı biçim birimler yerine getirebilmeleri için bağımsız biçim birimlerine görevlerini ihtiyaç duyarlar.,0
"Mebuslar, ilk kez olmak üzere Türkçenin bu kadar çeşitli biçimlerde söylendiğini görmekle hayret içinde kaldılar.",0
Evde önünde mahallenin çocuklarıyla top oynarlardı.,0
Genel ola Kuzey Kafkas dilleri ve Güney Kafkas dilleri olmak üzere ikiye ayrılır.,0
Alıntı sözcüklerin Türkçede genel bir öndamaksıllaşma eğilimi olduğu bilinmektedir.,1
"Dil nedir sorusuna dilin toplum, iletişim, bilişim, yapı vb. özellikleri öne çıkararak verilebilecek birçok cevap vardır.",1
Bugün alfabede bağımsız bir işareti de bulunan /j/ sesi Türkçeye diğer dillerle olan ilişkileri sonucunda girmiştir.,1
"Eklerin bu açıdan farklı ele alınması, özellikle fiilden fiilen yapan eklerini de yakından ilgilendirir.",0
İnsan çok duygular üretebilen ve bu yansıtıp karşısında bulunanları da isteyen bir varlıktır.,0
"Fakat bunlardan hiçbirisi insan dili kadar, örneğin soyut kavramlar geliştireceksin biçimde, karmaşık bir yapıya sahip değildir.",0
Bu yapılırken akrabalık adları kullanılır; ama bu adlar kelime anlamlarıyla alınmamalıdır.,1
"Badem'in göz güzelliğinden, gülüş güzelliğine kadar, meyve ve çiçeklerin bütün lezzeti biraz da adlarıdır.",0
"Bu kadar değişik özelliklere olan bir dilin söz varlığı, doğal olarak bir çeşitlilik gösterecektir.",0
İsim cümlelerinin şart kipi de ayrı yazılan ise veya ekleşmiş sA ile **anlaşıyor**: Hava güzelse yürüyüşe çıkarız.,0
Başka bir ifadeyle eylem zamanını belirlemede ölçüt alınan asıl nokta hemen ve burasıdır.,0
"Ses değişiklikleri gibi olgular, bireyselseslere uygulanmaz, bir ses sınıfını oluşturan seslerin tümüne uygulanır.",0
"Alfabenin düzenlenmesi, 3. Türkçenin Arapça ve Farsça ile karıştırılarak bağımsız bir dil durumuna getirilmesi.",0
"Standart Türkçenin bölgeler üstü bir geçerlilik erişmesi, sanıldığının aksine, oldukça yenidir.",0
Böyle bir dil ile halkın ne hissettiklerinde ne de başka herhangi bir konuda ilerlemesine olanak yoktu.,0
"Bu cümlenin düzeltilmiş hali şöyle olmalıdır: Hiçbiri bana inanmamış, hepsi beni yalancılıkla suçlamıştı.",1
Türkçede birbirlerinden vurgu farkı ile ayrılan 5 çift sözcük bulun.,1
Aşağıda bu terim betimlerden sık sık karşımıza çıkanlar ele alınmaktadır.,0
Bu kınama ve tepkinin ilk örneği XIV. yüzyılın önemli şairi olarak Kırşehirli Aşık Paşada buluruz.,0
"Bu sistem kendi basında düşünceleri de şekillendirir, bireyin zihinsel aktivitelerde kullandığı bir program ve rehber işlevi görür.",0
"Eski Türk runik yazısı ünlü işaretleri bakımından yetersiz, fakat ünsüz ve hece işaretleri bakımından yetersiz bir alfabedir.",0
Temel cümlenin yargısını değişik yönlerden tamamlayan cümlelere yan cümle/ler denir denir.,0
"Yani DENİZ sözlükbiriminin deniz, denizi, denizler, denizleri gibi sözcükbiçimleri vardır.",1
Metnin yapısı mantıksal olmalıdır bütünlükte.,0
"Pinterest, uygun görsellerin ilgi alanlarına panolara iğnelenmesi fikriyle ortaya çıkmıştır.",0
"Bir ünsüzün betimlenmesinde dilin konumu, ağız açıklığı ve dudak durumu belirtildi.",0
"Seminerler, daima bir üst yetkililere ve ilgili meslektaşlara sözlü veya yazılı olarak verilir.",1
Ancak Çin kaynaklarından o zamanki edebiyatımıza dair bazı ipuçları elde edilebilmektedi.,0
"Kelime içine, başına ve sonuna bazı eklemeler yapmak suretiyle yeni kelimeler türetilmekte veya kelimeler çekimlenmektedir.",1
"Bu durumda -se/-sa ekini taşıyıp cümlede de şart, zaman ve neden işlevinde olan ögeler zarf tümleci olarak değerlendirilmelidir.",1
Kulenin inşasında çalışan işçilerin dilini karıştırır ve kimse birbirini anlayamaz olur.,1
Türetme Yukarıda türetme ile ilgili ayrıntılı bilgi verildiği için burada kısaca değiniliyor.,0
Bu organların tamamının seslerin oluşumunda çıkak (boğumlanma yerinde) olarak görevleri vardır.,0
Tekrar Gruplarının Tamlamalarda Kullanılması: İsim ve sıfat tamlamalarında tamlayıcı veya tamlayarak olarak kullanılabilir.,0
"Burada, virgülden sonra başlayan kısımda tümleç eksikliği vardır.",1
"Bir dilde sesbirimler, yani anlam ayırıcı sesler, en az bir özellikleriyle diğerlerinden ayrılırlar.",1
Bir dilin sesleri arasındaki karşıtsal dağılım ilişkisini tanımlayabilme 1 3 Dillerde sesbilimsel ve biçimbilimsel sunumlar tektir.,1
Herhangi bir şekilde seçilmiş ve en azından yazılı gerçekleşmesiyle ilgili kurallar belirlenmiştir.,1
Niçin gelmiyor kim?,0
"Oğluna güzel bir balıkçı tablası yaptırmış, bir de süslü, sırmalı elbise diktirmiş.",1
Geçişsiz fiillere edilgenlik eki getirildiğinde cümlede yalın durumda bir öge bulunamaz.,1
Türkçe ise hiç de az sayılamayacak bir kirlilik oranına sahip olamaz.,0
"Dil, sözcüklerden oluştuğuna göre, sözcük dağarcığımız ne kadar zenginse, dili kullanma becerimiz de o kadar yüksektir.",1
Ancak hesābı kitābı deyimi içinde hesābı Tablo 6.17 Alıntı Sözcüklerde Uzunluk-Kısalık Nöbetleşmesi.,0
Gidiyorum; ama yine geleceğim. ila Arapça kökenli bir kelimedir; sık sık Türkçe ile bağlacıyla karıştırılır.,1
Verilen kimi rakamlara karşın yeryüzündeki dillerin kesin olarak belirlenmesi imkansızdır.,1
Ermeni Kıpçakçasının yanı sıra bir de Ermeni Türkçesi ve meydana gelmiş bir edebiyat vardır.,0
"Ancak sfenks, grup gibi tek hecesi, Türkçenin yapısına uymayan sözcüklerde eğitimin ilk aşamalarında sorun çıkabilmektedir.",0
Bu çabalara karşın yabancı kaynaklı sözlerin dilimize girişi her geçen gün biraz daha artmaktadır.,1
"Eski Türkçe Dönemi, kendi içinde Kökturk ve Uygur dönemleri olmak ikiye ayrılır.",0
"Türk Akdenizinin ovalarında her gün ye>n<i bir kanal, hayatı bir bahar gibi yeşertmektedir.",0
"Ancak su sözcüğünden farklı olarak ne sözcüğünün ne-m, ne-n, ne-si biçimleri de kullanılmaktadır.",1
Türkiyat Enstitüsü Türkiye Cumhuriyeti`nde Bakanlar Kurulu kararı ile kurulan ilk ve tek ilmi enstitüdür.,1
Çinçede aynı sesbirimlerinden oluşan sözcükler arasında anlam farkı ton ile ifade edilir?,0
"İnsan dili, konuşurlarının bütün ihtiyaçlarını karşılayabilecek bir yapıya sahiptir.",1
Standart Türkçenin bölgeler üstü bir geçerlilik kazanmıyor olması,0
"Bölgesel ve sözlü dilin bir tür karşıtı olan yazı dili, genellikle aynı zamanda ölçülmez dildir.",0
"İlk İslami eserler denilen Divanü Lügatit-Türk, Kutadgu Bilig vb. eserler de bu dönemde üzerinde durulan eserlerdir.",1
Romanda olayın gelişimi ve akışı çatışmanın ya da romanın konu edindiği problemin büyüklüğüne göre belirlenir.,1
Etken cümlenin ettirgen yapıya dönüştürülmesi kadar ettirgen yapının etken yapıya dönüştürülmesi de önemlidir.,1
Bu anlam farklılıklarını bilerek dili kullanmak da o dille sanat eseri ortaya koymanın basamaklarından biridir.,1
"Gramer bakımından basit ya da karmaşık bütün diller, bugün itibarıyla her türlü ileri teknoloji araçlarından çok daha gelişmemiştir.",0
Metnin yapısı mantıksız bir bütünlükte olmalıdır.,0
İkinci kelime olan tü aslında kelimesi arkaik biçimidir.,0
Soğdcayı ve Soğd yazısını öğrenen Uygurlar bu yazının işlek türünden kendileri için yeni bir alfabe geliştirmişlerdir.,1
Daha sonra diğer Orta Asya Türk dilleri çeşitli dönemlerde Latin harflerini kullanmışlar ve daha önce kiril alfabesine geçmişlerdir.,0
Dilbilim insan dili denilen olgunun özellikerini araştırır ve onun niteliğini ortaya çıkarmayı amaçlar.,0
Sıra Sizde Yanıt Anahtarı Sıra Sizde 1 İki ünsüzle başlayan batı kökenli sözcüklerde bu ünsüz çifti korunur.,1
"Her bilim dalının kendine tanım, kavram ve terimleri vardır.",0
Bir başka ifade ile kendisi özne olmadığı halde özneyi temsil eder.,1
"Milli birlik kuvvetlendirmek için vatanı ahlaka, medeni ahlaktan daha fazla öncelik vermek lazımdır.",0
Birçok defa gönlümden geçirdim ki başka memleketlere gideyim de orada iyi kötü hayatımızı nasıl geçirdiğimizi kimse bilmesin.,1
"Her ünsüz, anlam ayırıcı sesbirim olarak, en azından bir özelliğiyle diğerlerinden ayrılır.",1
"Kavunları, ne diye bir isim bal kutuları diye satarlar?",0
Bir biçimbirimini birden çok biçimbirimciği olması tüm dillerde görülen bir özelliktir.,0
Çocuklar kitabı yalnızca okudular.,1
Kaynaklarda yarı ünlü denen /y/ sesi bile hece kurabilmek için mutlaka bir ünlüye ihtiyaç gerektirir.,0
Bir sözcükbiçimin çekim ekleri çıktıktan sonra kalan kısmıdı.,0
"Ünlüler, önlük-artlık, düzlük-yuvarlaklık, darlıkgenişlik olmak üzere üç farklı temel nitelik açısından",0
Çocuklar kar oynuyorlar topu.,0
"Konuşma veya yaşanırken, 264 içende bulunan duruma göre, bu depodan bazı şeyleri seçer, cümle haline getiririz.",0
"Gökdayı, Hürriyet ve Turgay Sebzecioğlu (2006). Geçiş Aşamasında Olan +cA Ekinin Türü.",1
"Çince ve bazı Afrika dilleri başta olmak üzere bazı dillerde önemli tonda, Türkçede anlam ayırıcı bir ögedir.",0
Biçimbirimler yüzey yapıda neden farklı biçimlerde ortaya çıkarlar?,1
"Eğer akla, mantığa ve gerçeğe uymamış olsaydı, diğer ilahi tabiat kanunları arasında çelişkii olması gerekirdi.",0
Çuvaşça da dāhil olmak üzere bütün Türk dilleri bu dönemde henüz birlik halindedir.,1
"Divan-ı Lugatit - Türk ise Türkçeden Arapçaya, Arap sözlükçülük geleneğine göre hazırlanmış bir sözlüktür.",1
Konuşurlar eş zamanlı olarak bir dilde diğer dilde veya bir dil değişkesinde diğer dil değişkesine geçebilir.,0
"Buna karşılık örneğin Kıbrısta konuşulan Türkçe, Türkiye Türkçesinin bir ağzı olarak görülür.",1
Eski Türk yazısının ne zaman düzenlendiği ve hangi tarihten itibar kullanılmaya başlandığı bilinmemektedir.,0
Sağlıklı çocuğu olan her aile onların ne kadar yaratıcı olduklarını buna benzer örneklerle kolayca gözlemleyebilir.,1
Dar bir alanda din dolayısıyla ve kısa bir zaman diliminde kullanılan alfabelerdendir.,1
İnternette basit bir taramada da görüleceği gibi yazılı metinlerde standart ve standart dışı biçimlere bulunmaktadır.,0
Bir metni özetleyebilmemiz için o metni iyi kavramamız gerekir.,1
"Türkçenin simetrik ünlü yapısını bozan kapalı ė, bir Türk dil biliminde önemli sorunlarından biridir.",0
"Ayrı veya bitişik yazılma, dilin özünden çok dil planlamasında kararlar hakkında kararlarla ilgilidir.",0
Sorulara verdiğim cevaplar nedeniyle daha iyi bir not almam gerektiğine inanıyorum.,1
Genel olarak Kuzey Kafkas dilleri ve Güney Kafkas dilleri olmak üzere ikiye ayrılır.,1
Orhon yazıtlarında Türklerin Tibet yakınlarına kadar güneyde sefer ettikleri anlatılmaktadır.,0
İlke olarak ana cümle yüklemi durumundaki bir fiilin aldığı bütün cümle ögelerini alabilirler.,1
"Meydancı Yedi Beya Sakıp, sen aramızda iken haddime mi diye meydancılığı bana kamanço ediyor.",1
Yerleşik hayatta bunun en belirgin yansıması mahalle kavramı farklıdır.,0
"Bu dinlerin etkisiyle dini bir edebiyat gelişti ve Çince, Tibetçe vb. komşu dillerden pek çok eser Uygurcaya tercüme edildi.",1
"Bağımlı biçimbirimler, yani ekler, eklendikleri konuma göre önek, içek ve sonek olarak adlandırılırlar.",1
En 209 başta da belirtildiği gibi bu dünyanın hızına yetiştik ve onun hakkında kesin yargılarda bulunmak biraz zordur.,0
"Dil göstergeleri aynı zamanda soyutturlar; yani dil, nesne ve kavramları genel olarak adlandırır.",1
"Diğer zamirlerin çoğulu da yine lAr ekiyle yapılmaktadır: bunlar, kimler, neler Ancak belirsizlik zamirinin çoğulu lArI ile yapılır.",1
Belirtili ad tamlamasının tamlayanı veya tamlananı başka bir ad tamlaması veya kelime grubundan oluşabilir.,1
"Ses olaylarını, bu olaylara katılan seslerin özelliklerine göre sınıfandırabiliriz.",1
Anadolu ağızlarında ve konuşma dilinde çok farklı biçimlerine rastlanan bu ekin standart dilde sadece ilk kelimesi değişir.,0
Mümkün olduğunca konuyu genişletmeliyiz.,0
"Dudak uyumu ise, kedi belli bir rolü varsa da, sadece ünlülerle ilgilidir.",0
"Bu kadarım değişik özelliklere sahip ol bir dilin söz varlığı, doğal olarak bir çeşitlilik gösterecektir.",0
"Ses Uyumlarının Varlığı Önlük-artlık uyumu çok fazla istisnayla gelişmiştir, düzlük-yuvarlaklık uyumu ise daha sınırlıdır.",0
"Kıpçakça, Arap ve Fars dillerinin yoğun biçimde etkilediği Harezmceden gelişme iki yazı dilinden biridir.",0
"Cümlenin asıl öznesi olan öge, özne görünüşündedir; ama cümlenin asıl öznesi değil sözde öznesidir.",0
Türk Dili Kurultayının açılış günü olan 26 Eylül 1932 tarihinde bugünün dil bayramı olarak kutlanmasına karar verildi.,1
Türkçenin yazı dilinde dünyanın farklı ülkelerinde günümüzde hala kullanılan alfabelerden birinin de Arap alfabesi olduğunu.,0
"Bu topluluk içinde Oğuzlardan başka Kalaç, Çiğil, Kanglı, Karluk uyruklarının bulunduğu da bilinmektedir.",1
Bu alfabenin Rus topraklar1na girmesi 9. yüzyıl ortalarında baslıyor.,0
"Düşüncesizlik milli mefkurelerden, milli vazifelerden mürekkep olan bir ahlak demektir.",0
Gırtlaktan sesler artdamaktan sesler gibi emmeli de olabilirler.,0
Kesin nüfus sayımı sonuçlarına dayanmasa da Türk dilinin çeşitli kollarını konuşan 200 milyonu aşkın insan gerçeği yansıtmamaktadır.,0
Telafuz seslerin organlarında oluşmasında önemli rolü oynayan belli noktalar vardır.,0
"Ancak soru enklitiği mX, bir yazım geleneği olarak mX ayrı yazıldığı için çizgiyle gösterilmemektedir.",0
Herhangi bir ögenin yer almadığı Türkçe bir cümlede öge dizilişi özne-nesne-yüklem biçimindedir.,0
Bu bölümde yazım ve söyleyiş açısından sorun yaratan bazı özellikler üzerinde durulacaktır.,1
Bu tür yapılarda dilin dağarcık sözünde sayıca bir genişleme olmamakta ancak kelimelerin anlamında bir genişleme görülmektedir.,0
"Bugün dünyanın hemen hemen her bölgesinde gerek soğuk, gerekse sıcak savaşların varlığı hepimizin malumudur.",1
"1. Bu tür ünsüzler veya ünsüz çiflerini barındıran alıntı sözcükler, Türkçeye uyarlanmaktadır.",0
"Özgürlük ve vatan şairi, bilindiği gibi edebiyatçı kişiliği yanında siyasal bir kişiliği de sahipti.",1
"Eferim yiğit dedi, goluna güvvet dedi, her dem böyle at dedi.",0
Türkçe ünsüz sayısı bakımından dünya ortalamasında yer almaktadır.,1
"Böyle bir uyum ilişkisi içinde olmaları bu yapıları biçimbirim kılmaya kalır değildir, çünkü bunlar anlamsızdır.",0
Her dilin ağaç varlığında deyimler vardır.,0
Uzunluk-Kısalık Nöbetleşmesi Türkçe sözcüklerde bulunan birincil uzun ünlüler Türkiye Türkçesinde kısalmıştır.,1
Onun için Türkiye Cumhuriyetinde ortaya atılan nifakların bizi parçalamak mümkün değildir,0
Her dil topluluğu kendi dilinde hangi seslerin yan aynı gelerek hangi nesne ya da kavramı göstereceği üzerinde anlaşmıştır.,0
"Dil, sözcüklerden oluştuğuna göre, ne kadar zenginse sözcük dağarcığımız, dili kullanma becerimiz de o kadar yüksektir.",0
"Zamirlerle isimler arasında, biçim bilgisi ve söz önemli farklar vardır.",0
Bunun gibi iki ünlü arasında ötümsüzlüğünü koruyan örnekler yanında Türkçe ötümsüzleşme kuralına uyan çok sayıda örnek de vardır.,0
"Böylece standart varyant, asıl ağız bölgesi dışında da kullanılan ve kabul bölgeler benzersiz bir iletişim aracına dönüşür.",0
"Bu sorunun üzerine enine boyuna düşünmeyi, için harcamayı öğrenmemişler anlamak çaba.",0
"Kişisel yorumlar değil, araştırmalarla, deneylerle doğruluğu kanıtlanmış bilgilere yer verilir.",1
Bu da düzeltme işaretinin kullanılma sebebinin ne kadar güçsüz olduğunu göstermesi bakımından ilginçtir.,0
"Bu konuda: Vatandaşlar, yeni Türk harflerini çabuk öğreniniz?",0
"Eski Oğuz Türkçesi yalnızca Anadoluda değil, Azerbaycan, Irak ve Suriyede de kullanılmıştır.",1
"Beşevler, Kırk Haramiler, Yedi Cüceler, Yedi Uyurlar vb. yer adları, efsaneler, masallar gibi istisnalar vardır.",1
"Anadili konuşucuları, konuştukları dilde bir yapının dilbilgisel değerlendirmeleri yapabilirler dair dilbilgisellik olup.",0
Tibet yazısı da Uygurlarca Brahmi yazısı gibi çok kullanılmamıştır.,1
Anck /j/ ünsüzünden farklı olarak alfabede farklı bir harfe gösterilmezler (bk. Sesbirim).,1
"Hatta, dil bilgisi konularını monoton bir ifadeyle ezberci öğretimden uzaklaştırmak için edebi örnek cümlelere çokça yer verilmiştir.",1
Ayrıca hitabet sanatında konuşmayı daha etkileyici duruma getirmek için de bu büyüleyici sözcüklerin sık sık başvurulur.,0
"Etken cümlenin öznesi, nesne ve dolaylı nesne pozisyonu dolu olduğu için bunların dışında, uygun olan bir pozisyona taşınmalıdır.",1
"Kitapçı yerine kitap satılan yer veya kitabevi de denebilir (Erdem, 2011). Kitapçıdan bir kitap aldım.",1
Bir dilin anlatma gücünü oluşturan önde gelen hususlardan biri de o dilin deyim zenginliğidir.,1
"Yazı dili standardı bir kere belirlendikten sonra, eğitimlerini bu standart biçimle almış konuşurlar değişmelerden sevinçli olmazlar.",0
"Paneldeki konuşmacıların, o konunun uzmanları halasları gerekir.",0
Dil de değişme konuşma dilinde yazı diline oranla daha hızlı olur.,0
"Ve her öğrenci belirlenen tariht z sunumunu sınıfta, arkadaşlarının karşısında yapar.",0
"Ancak burada düşme değil, ünlülerin birleşmesi ve kaynaşmasıyla bir kelimenin azaldığı unutulmamalıdır (bk. Hece Düşmesi)",0
Sensiz gideceksin.,0
"Alınan sözcüğün söylenişi koruma sonucu dilde yeni sesler, ortaya çıkabilir sesbirimler.",0
Hiçbir dilde kullanılan seslerin tümünü içermez ve söyleyişi eksiksiz olarak yansıtmaz.,0
Aynı sözcüğü Bugün yeni bir alk aldım örneğine bakarak ad olarak da sınıflandırabilirler.,1
Ona göre milli cumhuriyetin vazgeçilmez bir kültür unsuru.,0
"Türkiye Cumhuriyette herkes Allah'a, istediği gibi ibadet eder.",0
"Buna göre, her bir sesi, sesleri oluşturan özellikler verilen değerler çerçevesinde bir sesbilgisel özellik kümesi oluştururlar.",1
"Buna göre, bir ses dizilimi ancak anlamlıysa sözcük olabilir.",1
"Cümlede tek başına kullanmabilen, başka bir ögeye ihtiyaç duymayan biçimbirime bağımsız biçimbirimler denir.",0
Bu durum daha çok şiir ve konuşma dilinde karşısında çıkmaktadır.,0
"Edatlar, kaynaklarda son takılar ve ilgeçler olarak da geçer.",1
Tam tersine çoğun yükümüzü hafifletiriz dille; insanca yaşayışımızı sağlarız konuşmayla.,1
Bir cümlede aynı anda birden fazla soru enklitiği kullanmaz.,0
"Ünsüzler de ötümlü-ötümsüz, patlamalı-sızıcı, ön-art, geniz-ağız, dudak-damak gibi özelliklerle birbirlerinden ayrılırlar.",1
"Araştırmanın sonunda, Hadzabelerle Sanların birbirleriyle akraba olmadıkları ortaya çıktı.",1
Ses tellerinin titremesi sonucu oluşan seslere ötümlü sesler denir.,1
"Esenç, mezar taşında yer almasını istediği yazıyı 1984te çoktan yazmıştı: Burası Tevfik Esençin mezarı da.",0
Diil toplumunda içerisinde güzel ve doğru konuşmak isteyenlerce ulaşılması gereken varyanttır.,0
Ana Türkçenin bulunmayışı ayrılan en belirleyici özelliği Çuvaşçanın Ana Türkçe birliği içinde Türkçeden İlk.,0
"Bu yazı dili bir başka kolu çok farklı bir coğrafyada, 13. yüzyılda Mısır ve Suriyede ortaya çıkmıştır.",0
Burada her ekin yalnızca kök sözcüğü değil tabanın bütününü kapsamına aldığına dikkat edilmelidir.,1
"Dökümanntaayon: Belge bilimmi. Bir konu hakkında bilgilerin toplaanyası, saklanması ve duyurulması.",0
Buna örnek olarak Azerice Türkmence Türkiye Türkçesi ve İtalyanca İspanyolca ayrışması verilebilir.,1
Eşitlik Grubu: Eşitlik hali eki getirilen bir isim bir başka ismin bir araya gelmesiyle oluşur.,0
Şüphesiz dil sorunlarımızın da ana kaynağı kalitesiz eğitimdir.,1
Her dilin kendine göre bir ses dağarcığ bir vardır.,0
"Türkçede, birleşik eylem dışındaki bütün birleşik kelimeler, isim olarak kabul edilir.",0
"Fiil çatısı; biçimbilgisi ve sözdizimi arasındaki bağlantıyı, etkileşimi çok iyi gösteren bir alandır.",1
"Sonra belki bu sistemin bazısı silik kopyaları oluşturulabilirdi, örneğin Fransızca gibi.",0
Biçim birimleri sözlükbirimler gibi soyut zihinsel simgelerdir.,0
"Türkçede akrabalık, renkler ve kimi kavram alanlarında olağanüstü bir zenginlik görülür.",1
Niçinsiz gelmiş?,0
"Dil dışı: Doğrudan dille ilgili olmayan ancak dili etkileyen siyasal, kültürel vb. gelişme ve değişmeye.",0
Bu durumlar doğrudan şöyle sıralanabilir: Yansıma (onomatope) denilen sözcüklerde bir nedenlilik ilişkisinden konuşulabilir.,0
Sözü kaybetti.,1
"Saatte, zamanı ölçen araç anlamındaki somut anlam, zaman, vakit; bir günün yirmi dörtte biri anlamındaki saatten gelişmiş olmalıdır.",0
Bu sınırlı söz dağarcığı bazen genel olarak insanımıza ama çoğu zaman da gençlere atfedilir.,1
Zaten İngilizcede olduğu gibi bazı dillerde de bu anlamlar ettirgen çatıda sözlüksel olarak kodlanmaktadır.,1
"Sarı tenekeden bir tramvay arabası titriyor, sarsılarak geçti.",0
"Kelimeler arasındaki ilişki, kelimelerin cümle içerisindeki yerleriyle ifade edilir.",1
Yüklemin Yerine Göre Cümleler Türkçede söz diziminin en temel kuralı yüklemin başında olmasıdır.,0
Yıldız İşareti: Sözcüklerin başı konan yıldız işaretinin iki temel işlevi vardır.,0
Türkçenin uzun tarihli macerasının da etkisiyle son derece zengin bir deyim dünyası vardır.,0
"Basit ve türemiş fiiller gibi birleşik fiiller de dilimize, zengin bir ifade ve anlatım imkanı sağlamaktadırlar.",1
"Sanal dünyada dilin yepyeni varyantları ortaya çıkmış, yabancı birinin iletişim biçimleri gelişmiştir.",0
"Kıpçakça, Arap ve Fars dillerinin yoğun biçime etkilediği Harezmceden gelişen iki yazı dilinden biridir.",0
Çizgi bu iki yanında oluyorsa da buralarfda başka biçimleirn olması gerektiğini gösterir; ek içektir.,0
Bir görevli yanıma gelerek vapurda şehit babaları olduğunu ve beni görmek istediklerini söylemek.,0
"Sıfatlar herhangi bir sözcüğü nitelemedikleri zaman ad durum eklerini alabilirler, yani ad olurlar.",1
Yüklemi bir isim soylu olan kelime cümledir.,0
Dil kullanımı üzerinde her hangi müdahale ve yargı bildirmek bilimsel bir yaklaşım değildir.,1
"Araştırmanın sonunda, Hadzabelerle Sanların birbirleriyle olmadıkları ortaya çıktı akraba",0
Türkçedeki şapka sorunu da harf ve ses ilişkisinden kaynaklanır.,1
Bir dildeki sesleri karşılayan işaretlerin belirli bir sırada meydana getirdiği harfler topluluğuna ise alfabe kabul edilir.,0
Kültürün dil üzerinde yansıma gösteren en tipik örneklerden biri tabular ve sözlerdir örtmece,0
Soğdcayı ve Soğd yazısını gibi öğrenen Uygurlar bu yazının işlek türünden kendileri için yeni bir alfabe geliştirmişlerdir.,0
Birleşik isim grubunun bir unsuru bir cümleden oluşmuş olabilir.,1
"Bunu; soru eki, soru sıfatı, soru edatı, soru parçacığı gibi terimlerle adlandırılan bir mu izlemektedir.",0
Yardımcı seslerin bağlama ünlüler  ve bağlama ünsuzu olmak üzere iki türü vardır.,0
"Fakat bunların düşünümü, yani tefekkürü öven ve öğütleyen ayetlerle bağdaşma durumunda olduğuna işaret etmek yerinde olur.",1
"Halbuki aynı şey ingilizcede söylenmek istenirse, yalın durumdaki bir adıl kullanmak gerekecektir (to ask someone something).",1
Öykülerde bağlı öykülerde olayın geçtiği yer betimlenerek tanıtılır.,0
"Senin için diyorlar ki, hiç derse çalışmadan yüksek notlar almayı çok iyi *başarısız bir şekilde*.",0
"Alıntı sözcüklerin bu kurala uygun iseler, sondaki iki ünsüz arasına dar ünlü getirilmez.",0
Pınar kitap okumayı çok seviyor.,1
Bu değişme zamanla o kadar ileri gider ki yazılı biçimle konuşulan biçim arasında ciddi uçurumlar oluşabilir.,1
Türkçede Arapça kökenli olmasına rağmen velakin yalnız gibi birkaç kalıplaşmış yapıda görülür.,0
"Çünkü bunların varlığı, hiç şüphesiz, temelde yatan birtakım zihniyetlerin göstergesidir.",1
"Bir sözcük sınıfı, (sözlüksel ulam veya sözcük türü de denir), kendisinin ayırt edici özelliklerini paylaşan sözcüklerden oluşur.",1
Haçlı Seferlerinin önüne geçilmesinde Selçuklu Türklerinin önemi ne ise Eyyubi Kızılderililerinin de önemi odur.,0
Acep içinde ne ne?,0
"Türk halk dilinde yazılı kavak, yalnız bu incirin değil, aynı zamanda, bu şiirin ve bu resmin adıdır.",1
"Nasır Zeytinoğlu, ulan önce şu liseyi kazasız belasız bitirelim de ötesi sonra düşünürüz.. Derdi.",0
Türkçede de bu ek sayı ifade eden sözcükler istediği için yine türetimde anlamsal sınırlılığa değil örnektir.,0
Hecelerin düşmesi eklendi veya birleşme sırasında gerçekleşebilir.,0
"Okun açık tarafı eski biçimi, yeni olana kaynaklık edeni; uç kısmı ise gelişme sonucu ortaya çıkan daha yeni biçimi gösterir.",1
"Zehra Hanımın çıkmazı, belki de Chomskyden haberiydi olmayabilir.",0
Bu denemelerde diller sistemli olarak karşılaştırılmaya ve aralarındaki benzerlikler ortaya çıkarılmaya çalışılıyordu.,1
"Ecemin gitmesinin nedeni, olay yerinde bulunmaması ve görüşmenin bu yüzden olamayacağıdır.",0
Söz sonundaki ötümlükötümsüzlüklerle ilgili alakasız bir belirleme de tek hece eylem köklerinin çekiminde ötümlüleşme olmamasıdır.,0
"Az sözcükle çok şey anlatma, atasözlerinin en belirgin yapı ve anlam özelliğidir denebilir.",1
Örnek olarak çoğul ekinin fonetik yazımı -lAr biçimindedir.,1
1. Karaağaçmış gibi bir bileşik sözcükte iki kök vardır.,0
Kitap okumayı Pınar nefret ediyor.,0
"Düşünceyi geliştirme yolları dediğimiz örnekleme, karşılaştırma, karşıtlık, semantik verilerden yararlanma gibi yollar izlenir.",0
"İsim-Fiillerin Özellikleri İsimler gibi belirtme, çıkma, bulunma veya yönelme hal eklerini alabilirler.",1
"Sözcük, çıkar herkesin ağzından başka türlü çünkü.",0
Mutfakta annesinin takunyalarla dolaştığı duyuluyor... Hayat ne tatlı şey diye düşündü.,1
Dillerin sınıflandırılmasında kullanılan ikinci önemli dillerin yapılarından yola çıkar yöntem.,0
Bildirme çekiminde ise isim soylu kelimeler ortak davrandıkları için aynı hepsi başlık altında değerlendirilecektir.,0
"Karagöz, kukla oyunları, ortaoyunu, köy gezici oyunları geleneksel Türk tiyatrosunun ürünleridir.",0
Örnek olarak fonetik çalışmalarında veya ağız araştırmalarında söylenen daha ayrıntılı biçimde yazıya yansıtma çabası vardır.,0
Alıntı cümlelerin Türkçede genel bir öndamaksıllaşma eğilimi olduğu bilinir.,0
Çünkü güçlü teşkilatlar kurabilmeyi sağlam bir dil ve kültürel yapıya ihtiyaç vardır.,0
Olay yavaş yavaş gelişir ve iletişim noktasına ulaşırsa.,0
Renkler tatlı mı unutulur?,0
"Kazanç ekleri, eklendikleri sözcüğün anlamını da (ad, eylem, sıfat vb) değiştirebilir.",0
Osmanlı halkı çoğunlukla Türkçe anlamaz.,0
Yardımcı seslerin bağlama ünlüleri veya bağlama ünsüzleri olmak üzere iki türü vardır.,0
"Onun için, jest ve mimiklerimizi el-kol hareketlerimizi yerinde ve iyi kullanmalıyız.",1
"Fakat bunlardan hiçbirisi insan dili kadar, örneğin soyut kavramlar geliştirecek biçimde olduğunu, karmaşık bir yapıya sahip değildir.",0
Çoğu büzülme örneğinde iki hece tek bir heceye dönüştüğü için bu ses olayı hece kaynaşması olarak da adlandırılır.,1
"Deve tellal iken, pire pehlivan iken, eşek hamamcı iken, hamamcının tası yok, oduncunun baltası yok.",1
"Ünlülerle ilgili ses olaylarının çoğu, bu dört özellikten dönüşmesi birinin başka bir şeklinde gerçekleşir.",0
Uzaklaşma Grubu: Uzaklaşma hali eki getirilen bir isimle bir başka isim türden kelimenin bir araya gelmesiyle oluşur.,0
Türkçede sözcük kökleri sabittir.,1
Avrupada en dikkat çekici kültürel değişmeler sanayi devriminden sonra gerçekleşmiştir.,1
"Türkiye Türkçesi Türkiyenin yanı sıra, Kuzey Kıbrıs Türk Cumhuriyetinde resmi dil değildir.",0
"Saatt, zamanı ölçen araç anlamındaki somut anlam, zaman, vakit; bir günün yirmi dörtte biri anlamındaki saatten gelişmiş olmalıdır.",0
Hiç bir millet aynen diğer bir milletin taklitçisi olmasın.,0
Türkçe sözcüklerde birinci uzun ünlüler yoktur.,0
"Örneğin sulu, yağmurlu ya da verimli bölgeler barınma ve beslenme bakımından insan hayatı için elverişsizdir.",0
"Alfabes: Alfabe, bir dildeki ses ya da sesbirimleri gösteren harfden oluşan bir dizgedir.",0
"Biri buyurucu, diğeri eyleyici olmak üzere A ve Bnin bulunduğu iletişim ortamı; emir-kişinin en sadeleştirilmiş ifadesidir.",0
"Eğer Arap alfabesinde olduğu gibi hareketler varsa, bunlar küçük harfe gösterilir.",0
"Dolayısıyla kişi dünyayı hangi dilde öğrenmişse, o dilde dünya gerçek hale geliyordu.",0
Bu kitabın hazırlanmasının değişik aşamalarına bazı meslektaşlarımızın ve asistanların katkısı olmuştur.,0
"Ünlüler, önlük-artlık, düzlük-yuvarlaklık, darlıkgenişlik olmak üzere üç farklı temel açısından birbirlerinden ayrılırlar.",0
"Söz dizimi açısından sıfatlar, tek başlarına cümle ögesi olamaz; ancak bir ismin tamlayanı olarak kullanılamaz.",0
Suyu içeceğini biliyorum.,1
"Kimi araştırmacılar, tıkırma dillerin birbirlerinden, İngilizcenin Japoncadan farklı olması kadar farklı olduğunu öne sürüyorlar.",0
"Somut olmayan pek çok kültür mirası, yüzyıllar boyunca yalnız dil aracılığıyla sonraki nesillere aktarılabilmiştir.",1
İşaret dilleri olmaksızın de sonsuz sayıda tümce üretilir.,0
"Ancak, biri diğerini nitelediği veya belirttiği için iş özelliğini kazanmaktadır.",0
Kök hecedeki ünlü Ana Türkçede kısa ise ünsüz aynı kalmaktadır.,1
"İlkel dil, gelişmiş dil ayrımı yoktur: Yeryüzünün tarihi veya modern bütün dilleri gerçek anlamda çok gelişmiş sistemlerdir.",1
Nuri sesini çıkmadı.,0
İkinci ünitede araştırmaların ışığında Türk dilinin gelişimi ve tarihsel dönemlerini ele aldık.,1
Yazım reformlarının önemli gerekçelerinden biri durağan yazı diliyle değişken konuşma dili arasındaki açığı giderme çabasıdır.,1
Sözcüklerin ses yapılarında meydana gelen değişiklikler ses olayları olarak adlandırılmaktadır.,1
Birbirleri arasında anlam farkı en küçük çiftler sözcüklere tarafından oluşturulan yalnızca denir.,0
Son olarak şunu da belirtelim Uygur yazısı Türkler Moğollarada da geçmiş ve Klasik Moğolca yüzyıllarca bu alfabe ile yazılmıştır.,0
Türkçe dip ile İngilizce deep derin sözcüğü arasındaki sesçe ve anlamca benzerlik ise bütünüyle rastlantısaldır.,1
Belli bir morfofonemik çevrede kullanılabilen bir ses başka bir çevrede kullanılmayabilmektedir.,1
"Bu bölümde, tekrar grupları kapsamında önce türetilmiş ve birleşik isimler, ardından türetilmiş ve birleşik fiiller ele alınacaktır.",0
Keyfe keder davranmak işi zora sokar. - Keyfe kedersiz davranmak işi zora sokar.,0
"Macit Paşa, bu gerekçeden sonra bir aralık Ermeni harflerinin alınmasından bile yana çıkmış değildir.",0
Türkçede yeterlik eylemlerinin olumlu ve olumsuz biçimleri ayrı biçim birimleri yapılır.,0
"Türk edebiyatına roman, Tanzimatla birlikte gelmiştir gelmiştir.",0
Türkçe dil bilgisi çalışmalarının genelinde karşılaşılan terim ses bilgisi alanı için de geçerlidir.,0
"Sonuna geldikleri fiilin istemini değiştirmez; ancak türünü isim, sıfat ve zarf olarak değiştirirler.",1
"Bunların arasında Akhunlar, Atilla devri Hunları, Hazarlar örnek olarak sayılmaya değer.",1
"Sesletimsel ölçüt, konuşmada kullanılan duraklamalara bakarak sözcük sınırlarını belirler.",1
Atatürk en bunu çok iyi bilmeyeceği için halkla bütünleşebilmiştir.,0
Konuşma ortamına ve iletişime katılanların durumuna göre tercih edilenin bu konuşmalar stillerinin her birine durumsal dil türü denir.,0
"Bu işlemen sonra, gerçette taban oluva sculptor sözcüğü ise türev haline gelmişti.",0
"Kırpma, çok hecesiz bir sözcüğün bir veya daha fazla hecesini kaldırarak yeni sözcük oluşturma yoludur.",0
"Bizim örneğimizde -dır, -i ve dim söz sonunda bulunan eklerdir.",1
Evrensel Dilbilgisinde İlke ve Değiştirgenler EDde iki önemli kavram vardır: İlkeler de Değiştirgenler.,0
"Bu konunun ayrıntısına girmeden, iki durumu birbirinden ayırmak gerektiğini vurgulamalıyız: alıntı sözcükler ile yabancı sözcükler.",1
"Birleşik fiiller, birinci kelimenin isim veya fiil olmasına, getirilen yardımcı fiillerere göre türlere ayrılır.",0
"Yabancı dillerin etkisi altında, Türkçe ses bilgisinde ortaya çıkan bu gibi değişmeler 7. ünitede ayrıntılı olarak incelenmiştir.",1
"Ama birilerine ait özel tanım, kavram ve terim kullanıldığı zaman bunlar kaynak göstermek zorunludur.",0
Bununla ilgili olarak Türk Dil Kurumu tarafından çeşitli etkinlikler yapılmaktadır.,1
Zarfiiller koşul koymadan anlatabilirler: En kısa zamanda teslim etmek koşuluyla kitabı ödünç alabilirsin.,0
"Buna karşılık eylem sözcüklerinin (oynamak, atlamak, dans etmek) kullanımı İsveç bebeklerde ağır basar.",1
Kitabın hazırlanışında ve konuların işlenişinde öğretici ve eğitici bir yaklaşım sergilenmiştir.,1
"Her şeyden önce, yukarıda sözü edilen konuşma dile özgü parçalarüstü sesbirimleri yazıda gösterilmez.",0
İhtiyarlık vaktinder gömilü hoş olsun!,0
Ancak bunlar bile sözlü dile ait pek çok özelliği yazıda vermek mümkün değildir.,0
"Daha büyük bir grup tek heceli sözcükte ise, ünlü uzunluğundan kaynaklanan ötümlüleşme ancak eklenmede ortaya çıkar.",1
"Bir kedi en az bir kök biçim birimden oluşur, bu tür sözcüklere yapısına göre basit sözcük veya basit gövde adı verilir.",0
"Dil, bir alışkanlık değ.",0
"Yabancı dillerin etkisi altında, Türkçe ses bilgisinde ortaya çıkan bu gibi değişmeler 7. ünitede ayrıntılı olarak incelenmemiştir.",0
Ses tellerinin titreşimi ile oluşturulan sesler ötümlü seslerdir. [ʒ] ötümlü bir ünsüzdür.,1
Böyle olduğunda da konuşucu önermeyi Doğrudan duymadı ama bir başka tanıktan duyduğumu aktarıyorum düşüncesiyle donatırdı.,0
Özellikle gelişen teknolojiye paralel olarak ağızlar son yıllarda yeni kullanım alanları bulmuşlardır.,1
Türkçedeki ilgi çekici söz yapım yollarından biri de görsel araçlarla farklı kavramları karşılayan kelimeler ortaya çıkarmaktır.,1
Eksiltili cümle çoğu kez bitmiş bir cümleden sonra bu cümledeki bir öge zihinde eksik kalır.,0
Ayrıca Karadenizin kuzeyi ile Kafaslar bölgesinde Kuzey Türkçesiyle Ermeni harfi dini bir edebiyat oluşmuştur.,1
Akademik yazılarda düşüncelerin renk ve tatlarla ifade edileceği önceden belirlenir.,0
"Kıpçakça; Ermeni Kıpçakçası, Karaimcere hatta Urumca gibi küçük yazı dilleri ile de temsil edilmiştir.",0
"Bazı ağızlarda söz başındaki ötümsüz sessizci /s-/ ünsüzü, ötümlü sessizci /z-/ ünsüzüne dönüşmektedir.",0
Alıntı sözcüklerin Türkçede genel bir öndamaksıllaşma eğilimi olduğu bilinmektedidor.,0
Dil bir köprüdr.,0
Belirtme eki belirtili nesne durumunda zorunlu.,0
Dinin kutsal metinlerinin dili o dine inanan diğer halkların dillerini etkilemiştir.,1
Türkçede alfabe için alfabenin ilk üç sesinden oluşan abece terimi de kullanılmaktadır mı?,0
"Oyunda yenilen, ikinci parti için pullarını düzeltip zarları da elle alarak: -Bu da tuhaf, dedi.",0
Annesi kapının ipini çekti.,1
"Bu tür yapılar, ayrıştırma sırasında, ek türünde bir değişiklik olmadığı için ek türü olarak iyelik eklerinden söz edilebilir.",0
Boş çuval ayakta durmayaz.,0
Bu fiil ile kurulan birleşiklerin hepsi sözlüklerde tanımlanmaz.,1
"Ancak burada düşme değil, ünlülerin birleşme ve kaynaışma ile bir hecenin azaldığı unutulmamalıdır (bk. Hece Düşmesi)",0
"Sesletimsel ölçüt, konuşmada kullanılan duraklamalara bakarak sözcük sınırlarını",0
Kitaplığında aşağı yukarı tam binsiz cilt kitap vardı.,0
Bilimsel terimlerin ne zaman kullanılmaya başlandığını belirlemek da mümkün olabilmemektedir.,0
"Bir Ayşe Hasırcı arkadaşımız vardı, (sonradan Demokrat Partiden milletvekili oldu) aramızda en çok sevilen bir arkadaştı.",0
Çin metinlerinin yazımında *her biri birer kelime işareti* olarak kullanılan Çin logogramları kullanılmaktadır.,0
"Konuşma dili yazı diline yaklaştırmak ise, bu yöndeki yaygın beklentilere rağmen, alışılmıştır değildir.",0
"Belirtme kavramı, nesne ve tür açısından gösteren sıfatlardır.",0
Belirtisiz ad tamlamalarında tamlayan ve tamlanan arasında süreklilik/belirtisizlik vardır.,1
"Odun sözcüğünün od ateş bağımsız biçim biriminden türediğini seziyoruz ancak, sondaki n bağımlı biçim birimini tanımıyoruz.",1
Örnek olarak Kutadgu Biligin üç nüshasından biri Viyana Nüshası Uygur alfabesi ile yazılmıştır.,0
Bu süreçlerde Anadolu Üniversitesi Uzaktan Öğretim Tasarım Birimi yıllardır edindikleri tecrübeyle bize destek oldu.,1
"Çoğunlukla tek bir birleşime yer alır, ağızlarda, eskimiş veya yanlış çözümlenmiş örneklerde görülür.",0
"Adından da anlaşılacağı gibi bu ekler, Eski Türkçe döneminde zaman ve kip eklerinden sonra gelerek özneye işaret eden zamirlerdi.",1
"Her kelime grubunun farklı özelliklerini taşıyan üyesi, bu türü temsil etme niteliği yüksek olan merkez üyedir.",0
"Yazar, çoğu zaman anlatıcı kişi roman kahramanını seçer.",0
Vurgunun genellikle kulağa dayanılarak çalışılmış olması da yanlış beklentilerinin veya algılamaların nedenleri arasındadır.,0
"Bunun yanında Türkçede, sözcüklerin oluşması ve eklenme sırasında ünlüler ve ünsüzlerle ilgili belirli kuralar ortaya çıkar.",0
"Öyleyse, dış dünya ile sözcük sınıfları arasında her zaman birebir büihr eşleşme aramak yersizdir.",0
Addan eylem yapan ekler için de avlamak ve aralamak sözcüklerindeki -la eki gösterilebilir.,1
Arada geçişler mümkün olduğu gibi her alıntı sözcük söyleyişe göre yazılmayabilir.,1
"Kuzey Türkçesi pek çok eserlerini Türk dünyasının en güneyinde, Mısır ve Suriye de.",0
"Eski alıntıları söylendiği gibi yazma eğilimi, yazı devriminden sonra da devam etmiştir.",1
"Sümerce ile Türkçenin ilişkisi, bu konuda eski fikirlere ve tartışmalara yol açabilecek niteliktedir.",0
"Unutulmamalı ki kalıplaşmamalı haller dışında, isim-fiil ekleri sıfat olarak kullanılamazlar.",0
Yani birim kelime isimken üzerine gelen bir ekle türetilmiş bir isim olmaya devam edebilir.,0
İşimiz bilgiyi net ve görünür kılmaktır. İsim tamlamasında tamlayan olarak kullanılabilir.,1
"Aynı zamanda Altın Ordu döneminde merkez Kırım Saray olmak üzere, Türk dili tarihinde çok önemli bir işlevi olan dönemin adıdır.",1
"Milli birlik ve beraberlik, milletçe birliği, bir arada yaşamayı ve bütünlüğü anlatır.",1
Hemen fırladı tatlıyı getirmiş.,0
"1. Türkçüler de bilimde, teknikte, uygarlıkta üretken; dünya siyasetinde egemen oldukları dönemlerde başka dillere sözcükler vermişlerdir.",0
"Her konuşur anadilinde neyin doğru veya kabul edilebilir, neyin yanlış ya da kabul edilemez olduğu konusunda bir fikre sahiptir.",1
"Örneğin yavaş konuşma için fısır fısır, gürültü için gümbür gümbür, tavuk sesi için gıtgıdak, inek sesi için möö göstergeleri gibi",0
3. Mesleki hedefiniz ile ilişkilendirebileceğiniz ilgisiz tecrübelerinizi analiz edin ve tanımlayın.,0
Vurgu ve Yazı Dili Doğrudan konuşma diline özgü olan bürünsel özellikler yazıda gösterilmez.,1
Belirtilen bu çeşitliliğin unsurlarından biri de Süryani alfabesinin bir kolu olan Estrangelo yazısıdır.,1
"İrlanda dili, İskoçya Gaelcesi, Galce, Bretonca gibi birkaç çağdaş Kelt dili de büyük tehlike altında.",1
Bu bakımdan virgülden sonra ona sözcüğünün gerekiyor gelmesi,0
Tarihte Türkçe ile ilgili ilk uyarı Bilge Kağandan gelmemiştir.,0
Alıntı sözcükler Türkçe kökenli sözcükler benzer Türkçenin yapısal kurallarına bağlıdır.,0
Ünsüzlerin titreşimli olup olmadığını anlamak için ellerinizle kulaklarını tıkayarak renkleri söyleyin.,0
"O tamlamalar yerine, gerektiğinde ünlü harfi ile ünsüz harfi kelime terimleri kullanılabilir.",0
"Betimleyici yaklaşım ise doğruyu veya yanlışı bulmaya değil, dilin kendisine özgü nitelikleri anlamaya odaklıdır.",1
"Kültür ilişkileri sonucunda Türkçenin söz varlığı değişecekerek gelişmiş, zenginleşmiştir.",0
"Öyleyse, çekim ekleri da işlevsel biçimbirimler gibi sözlükbirimler arasındaki görevsel bağları gösterirler.",0
Cümlenin ögeleri; Cümlenin Temel Ögeleri ve Cümlenin Tamamlayıcı Ögeleri başlıkları altında daha ayrıntılı olarak ele alınmaktadır.,1
Ona gönderdiğimiz metin gerçek bir editörlüğün geçti ve elinizdeki haliyle kitaba dönüştü.,0
Eski Anadolu Türkçesi metinleri aynı zamanda eski Azerice metinler olarak değerlendirilmektedir.,1
"Velhasıl, oğlan bu gemide oradan oraya uğramaya uğraya, diyar diyar gezmeye başlıyor.",0
"Oysa isim cümlelerinin geniş zamanda, 3. tekil kişide hiçbir ek almaya ihtiyaçları yoktur.",1
"Bu yaklaşıma göre bütün insanlar, faklı yollarla ve farklı karmaşık derecelerine sahip olmak üzere kültürlenirler.",0
Ancak ana vurguyu almış olan hece veya sözcük diğerlerinden daha belirsiz olarak söylenir.,0
"Ötümsüzleşme: Ötümlü bir ünsüzün ötümlüleşmesi, Türkçe kelimelerde çok yaygın değildir.",0
Burada aşağı yukarı ile tam sözcükleri birbiri ile çelişmektedir.,1
Bu da ortaya bir alfabe sorunu çıkarmakmıştı.,0
Ancak parçalarüstü sesbirimler arasında yer alan uzunluk anlamda gösterilmez (Bir sesbirim olarak uzunluk için bk. Uzunluk).,0
"Çene başında dururken, bıyığımı bururken Ali oğlu geldi dedi ki müjde deden geliyor.",1
"Bu özellik kişiden kişiye değişebildiği için, belli bir sesin kime ait olduğu belirlenebilmektedir.",1
Burada herhangi herhangi bağlama veya yardımcı olma söz konusu değildir.,0
Güzeldir bugün hava.,1
Burada aşağı yukarısı ile tam sözcükleri birbiri ile çelişmektedir.,0
Soru ekinin yüklem içindeki yeri kesin değildir; kip ya da kişi ekinden sonra gelebilir.,1
Bu durum Türkçeye bir kıvraklık vermekte ve bir cümle içerisine yoğun düşünceleri sığdırma imkanı sağlamaktadır.,1
"Türkçe bir eklemeli dil olduğundan ad ve eylemlerin çekimi, ekler aracılığıyla gerçekleştirilir.",1
"Budist muhitinde meydana etirilmiş olan eserler daha çok Çince, Sanskritçe, Toharca ve Soğcdan yapılmış çevirilerdir.",0
"Ve Sağın öğrenci belirlenen tarihte sunumunu sınıfta, arkadaşlarının karşısında yapar.",0
"Bu tür sözcükler, Türkçe'de heceler ve sözcükler -br ve -lm ile bitmeyecekleri için ünlü türemesiyle hece yapılarını değiştirirler.",0
"Bu, karşılaştırmalı dil incelemelerinin değişmesiyle uygulanmaya başlanan bir sınıflandırma türüdür.",0
Bilgileri ile eğitimi onun anarken Fatih Sultan Mehmeti hatırlamalıyız.,0
Yunanca bilme Karamanlılar dini ve din dışı konulardaki kitaplarını Grek alfabesiyle ve yayımlamışlardır.,0
Ailede yıllardır süregelen kavgaların bitmesi için çok uğraştı.,1
"YÖNTEM Aşağıda, standart Türkçe açısından önemli olduğu düşünülen ses olayları belli bir düzen içinde verilmeye çalışılmıştır.",1
Alfabe   Kanunu   göre   ünsüzler   kendilerinden   sonra   gelen   bir   /e/   ünlüsü   ile   seslendirilirler.,0
Örneğin arkadaş sözcüğünün göstereni olan k-a-r-d-e-ş ses dizilişiyle hiçbir iç bağlantısı yoktur.,0
"Oysa özellikle üniversiteler araştırmamın, incelemişin, sorgulamamanın yoğun bir biçimde yapıldığı bilim kurumlarıdır.",0
"Buna karşılık Anadolu ağızlarında kök hecedeki kapalı /e/, önceki ünitelerde gösterildiği gibi, sesbirim olarak kullanmaktadır.",0
"Dağılımsal ölçüt, sözcükleri öbek ve tümce içinde konumlanabilecekleri yarlere göre sınıflandırır",0
Sayı isimlerinin sayı sıfatı olarak kullanılmasıyla oluşurlar.,1
Tarihte Türkler kadar dillerini farklı alfabelerle yazmış başka bir halk olmadığını söylemek mümkündür.,0
"Fransızcada hesap kont okunur, compte diye yazılır, u düşüp p sözlü dilde saklanmıştır.",1
"Benzer süreçler, bir kök veya gövdeden, eklenmeyle veya yeni sözcüklerin türetilmesi sırasında da görülebilir.",0
"Bu gruplar genellikle isim-fiil, sıfat-fiil veya zarf-fiil gruplarından kısalmış ve bunların kalıplaşmıştır bir kısmı.",0
"Türkçe kökenli sözcüklerde uzunluk, /ğ/ sesinin bulunduğu durumlar başta olmak ve ikincil olarak gerçekleşir (bk. Uzunluk).",0
Türk kültürünün ve Türkçenin çekim merkezi olduğu çeşitli dönemlerde Türkçe sözcükler başka dillere geçmiştir.,1
"Ki Osman bunlar bu yöreye ve daha batıya ve daha kuzeye, onların kendilerinden önce geldiklerini babasının anlattıklarından biliyordu...",0
Annesi kapının ipini çekmekte.,0
Bir sonraki aşama ise bu sözcüklerin yaygınlaşıp başkaları tarafından da kullanılır duruma gelmesidir.,1
Söylenenleri şöyle özetleyebiliriz: Çoğul ekini gösteren biçimbirim lArdır.,1
Mangalda pişen yemeğin kokusu bütün evi bürümüştu.,0
"Bugün var İbrani harfi Türkçe belgeler, Hazarların torunları olduğu kabul edilen Karay Türklerinden kalmadır.",0
"Örneğin; Akdeniz, karaciğer vb. Sıfat tamlamasında tamlayan ile tamlananın yerini değişmez.",0
"Bu ölçüt için Türkçe kaynaklarda, damakların durumunu esas almak daha alışılmıştır.",1
Yani yazılan zamanın duygu ve düşünceleri yönlendirir. anıları,0
Hemen fırlayıp tatlıyı getirmiş. Şunu bitirelim de öyle yatalım.,1
"Dile insanlar da, kendi yasalarının izin ve imkan verdiği ölçüde müdahale edebilirler.",0
Her taş bir planın içinde yerli yerine konulunca bina göklere yükselir ve saadetin şarkısını söyler.,1
"Kompozisyon yazın dendiğinde birinci paragraf giriş, ikinci paragraf gelişme, üçüncü paragraf da sonuç şeklinde yazmamalıdırlar.",0
"Türkçe kökenli sözcüklerde uzunluk, /ğ/ sesi olup bulunduğu durumlar başta olmak üzere ikincil olarak gerçekleşir (bk. Uzunluk).",0
"Ekler, kelime kök ve gövdelerine gelir bağımlı biçimbirimler olan.",0
"Kendilerini oluşturan biçimbirimlerin sırasındaki değişmezlik, sözcüklerin kurala bağlı içyapısı olduğunun da bir göstergesidir.",1
İlgi çekici yeni ekler arasında -syon ve -matik örneklerini de sayabiliriz.,1
Ancak belli ses bilgisel incelemeler sonucu soyut sesler yani dilin ayrılabilen parçaları ortaya çıkarılabilir.,1
"Bir sesin, aralarında ortak özellik bulunmayan bir sese dönüşmek, ancak ara biçimlerden geçmesi sonucu mümkündür.",0
"Verilen bilgiler öznel değil, nesneseldir yani doğruluğu bilimsel olarak kanıtlanmış bilgilerdir.",0
Öz geçmişinizi yazarken aşağıdaki noktalara dikkat ettin yararlı olur: Ne tür bir iş aradığınızı açıkça belirleyiniz.,0
Daha sonra diğer Orta Asya Türk dilleri çeşitli dönemlerde Latin harflerini kullanmışlar ve daha sonra kiril alfabesine geçmişlerdir.,1
Denizler ve deniz arasındali seçimi belirleyen dilbilgisel gereklilikler olduğundan bu biçimler farklı kavramları çağrıştırmaz.,0
Şiirin uygarlıklardan süzül-üş-ü-ne hep nefret duymuştu.,0
"Oysa özellikle üniversiteler araştırmanın, incelemenin, sorgulamanın burada önden gididetiğini bilim kurumlarıdır.",0
"Oysa günümüzde Türkler için varlığın hayvan bölgesi daha çok hayvan, böcek, kuş, balık diye beş çeşittir.",0
"Örneği zamirlerin türetime girmiş biçimleri (bencil, senli benli gibi biçimler) oldukça sınırlıdır.",0
Buna karşın emmeli akciğer hava akımı düzeneği ile oluşturulan sesler hiç bir dilde konuşma sesi olarak kullanılmamaktadır farklı kaynaklarda.,0
"Bütün bu özellikler, Türk dilinin tarihinin çok daha öncelere, tarihin aydınlık dönemlerine kadar uzandığını gösteren kanıtlardır.",0
İşaretlerin çoğu delalet ettikleri nesne ve kavramların basit resimlerinden veya sembollerle ibarettir.,0
"Dil bir köprüdür, inanç bir köprüdür, tarih bir köprü.",0
"Esasen bu denemeler, bazı devlet adamına birkaç konuşmasıyla, bazı gazete yazılarıyla ve birkaç küçük kitapla sınırlı kalmıştır.",0
Seslerin ve Eklerin Yazımı Eklerdeki çeşitlenmenin nedeni ünlü ve gereksiz uyumlarıdır.,0
"Oysa halk için gerekli olan, tam Türk olan ve kolay bir öğrenimdir.12 Böyle bir öğrenim ise tam Türk bir Türk dili ile yapılabilirdi.",1
Zarf fiiller zarf da eylem özelliklerini birlikte gösterebilir.,0
Günümüz Türkiye Türkçesinde ses bilgisini da ilgilendiren pek çok eğilim veya çeşitlenme gözlenmektedir.,0
Dillerin sınıflandırılmasında kullanılan ikinci önemli yöntem dillerin yapımından yola çıkar.,0
"Peygamberimiz Efendimiz hazretleri, insanlara Allah tarafından dini gerçekleri duyurmaya ve elçi seçilmiştir.",0
"Taşıusu, gürcüşü, alayı, gitmesi, şınesi tanzim edilmemiş bir toplulukta hayranlık ve mutluluk vardır.",0
Bu sözcüklerin orijinal biçimlerinde zaten uzun ünlü bulunur.,1
Bu nedenle önlük-artlık uyumu kaynaklarda çoğu zaman sadece ünlüleri ilgilendiren bir özellik olarak yer alır.,1
"Bunun için, hatırlayabildiğiniz her şey listelemeye çalışın.",0
Bazı dillerde yazı ile ses arasında ayrılıklar dikkat çekici boyuttadır ve bir kurala bağlanamaz.,0
Yalnızca kişiler için değil markalar ve kurumlar için de büyük önem taşıyan sosyal medya aynı zamanda ciddi bir pazarlama alanıdır.,1
Dilbilgisi kitaplarında genellikle etkin ve pasif ayrımıyla verilen yapılar oldukça önemlidir.,0
Bazı cümleler şekilce olumlu olduğu halde anlamca olumludur.,0
Kaynaklar bir kısmında emir ve istek ekleriyle birlikte verilir.,0
Bahçesinde her çeşit ağaç yanında özellikle çam fidanlarıyla dikkat çeker ve parmakla gösterilirmiş.,1
"Zamanla kendi dillerini, dinlerini muhafaza etmekle beraber tamamen Kıpçak dilini benimsemişlerdir.",1
"Bunlar daha sonraki dönemlerde, bir kısmı yazılı belgelerle takip edilebilen süreçlerden geçerek ekleşişmişlerdir.",0
"Eğer yazılmayan iş mektubu başka bir mektuba cevap niteliği 202 taşıyorsa, bu, metnin başında ilgi bölümünde belirtilmelidir.",0
Fatih Sultan Mehmetin İstanbulu fethi nasıl yeni bir çağ açmıştır.,0
Göstergeler kendiliğinden oluşabileceği gibi olurmuş üzerinde anlaşmaya varılarak da oluşturulabilecek,0
"Buradan dil göstergelerinin, gösterilensiz gösteren arasındaki ilişkinin nedensiz olduğu da ortaya çıkar.",0
"Yine birleşik kelimelerin nasıl yazılacağı, Türkçe yazımın en tartışmalı konularındandır.",1
Ağızların dile ses bilgisi açısından nasıl bir etkide bulunduğu popüler dilciliğin çok sevdiği bir konusu tartışma.,0
"Çıkılma, sözcüğün yapım eki veya çekim eki almasıdır.",0
Almanyada yaşayan Türklerin o toplumla sosyal ve kültürel açıdan entegrasyonu örneğine de bütünleşme uygun düşmektedir.,1
"Kısaltma, sözcüklerin ilk harferinin tamamının veya bir bölümünün bir araya getirilmesi ile oluşturulur.",1
"İşleklik, bir farklı ekin kök ve gövdelere gelebilmesini ve kullanım sıklığını anlatır.",0
Türk dili diğer dillerden etkilenmesinin yanı sıra pek tık dili etkilediği de bilinmektedir.,0
Şu ana kadar 800e yakın kişi önerisini iletti ve beş yüze uzak farklı öneri birikti.,0
"Yalnız, onun bütün varlıklarını aramak, bulunan, toplamak, onlar üzerinde işlemek lazımdır.",0
"1. Dil ve kültür arasındaki ilişki, bu ilişkinin yönü ve gerçekleme biçimi her dönemde araştırmacıların dikkatimi çeker.",0
Yeni kavramlar için her dil kendine özgü söz yapımı araçlarına ve tekniklerine sahiptir.,1
Yapım/türetim ekleri yeni yapma sözcükler görevi bulunan eklerdir.,0
Öznesi bul olandan zarf-fiil gruplarıyla bağlı oldukları yüklemin öznesi ortak olabilir.,0
"Öznenin, 1. çoğul kişiye ait olan evin içinde olduğunu gösteren bir de eki onunu takip etmektedir.",0
"Arapça, Çince, Fransızca, İngilizce, İspanyolca ve Rusça Birleşmiş Milletler örgütünün resmi dilleridir.",1
Arada geçişler mümkün olamığı gibi her alıntı sözcük söyleyişe göre yazılmayabilir.,0
"Bu söz varlığı, Türkçenin anlatım gücünü olumlu yönde etkilemiş, daha da geliştirmiştir.",1
"Genelleşme, başlangıçta kişi adı, marka adı vb. özel ad olan sözcükler özel olabilir.",0
"Tümce, bir biçimiyle konu bir ve bu konuya bir yorum olarak tanımlanır en.",0
Her ne olmasa olsun yansıma sözcükler de ait oldu olmadı oldukları dillerin ses yasalarına uyarlar.,0
"Diyar senin, bu diyar benim, gemi her yere uğradıkça gidiyor.",0
"Bu cümlede referans bir fikrin doğruluğunu ortaya koyabilen, yol, yöntem anlamı anlaşılabilir.",0
Bir dilin konuşulduğu coğrafyada bir istikametten başka bir istikamete doğru gidilince konuşmada farklılaşmaTablo 8.8???,1
"Diğer bir deyişle, bir tümcenin içinde başka bir tümce bulunabilir.",1
"İşlemleme (1) Zeynep : Babaanne, testi nereye koydun? Babaanne : Ne testisi? Zeynep : Türkçe testi.",0
Ona milli kültür cumhuriyetin göre vazgeçilmez bir unsurudur.,0
Halkın doğrudan doğruya etkilendiği alan olan hukuktaki terimler ise çok anlaşılmaktaydı.,0
"Arabaları yıkarken, ata sözlerini binlerce yıl boyunca Türkçeye kazanacağız.",0
"Aslında her dilde alıntı sözler bulunur ancak dil bilgisi ögeleri, kuralları kolay kolay bir dilden bir başka dile geçmez.",1
"Kalktı, kahve kapısına gitti, durdu. Eve dönsem diye düşündü.",1
Yazılış ve dikiliş bilinen büyük yazıtlar Moğolistanda Orhon Irmağı kenarında bulunan Köktürk Yazıtlarıdır.,0
Türkçemizi biz nasıl kullanırsak çevremizdeki insanlar ve bizden sonraki nesiller de öyle düşünür.,0
Bu ögelerden biri eksik olduğu zaman cümle eksik olacaktır: Ali kitabı Ahmete verdi. Ali kitabı verdi.,1
"Ne var ki, hemen hemen bütün çocuklar tarafından okulda enine boyuna öğrenilmektedir, evlerde pek kullanılmıyor.",0
Fakat günlükta gitgide o emojinin yerini tutan bir cümle kuramaz hale geliyoruz.,0
"Sesler, bu çıkış biçimlerine göre çeşitli benzerlik veya farklılıkları göz önünde bulundurularak sınıfandırlar.",0
"Türkçede [ñ] sesi [n] sesinin bir değişkesi iken, yani sesbirimcikken, İngilizcede /n/ ve /n/ iki ayrı sesbirimdir.",0
"Derviş kılıklı, inmeli adam, kolunun önüne doğru sallayarak, ayağının birini sürükleyerek geçti.",0
"İngilizcede ünlüler, arkalarından gelen sesin niteliğine göre, genizsil oluşturulurlar.",0
Bu direnmenin sonucu de yine ana dilinin insan mantığını kendi yapısına göre kurgulamış olmamasıdır.,0
Olaya bağlı öykülerde olayın geçtiği yer betimlenerek tanıtılır.,1
"Bu engellerin niteliği, yeri ve derecesi, konuşmada kullanılan iki ana ses sınıfını oluşturur.",1
Ancak üzerinde anlaşmaya varılmış işaretlerle söyleyiş hakkında genel bir fikir verir.,1
"Alıntı sözcükler bu kurala uygun iseler, sondaki iki ünsüz arasında dar ünlü getirilmez.",0
"Eşyanın Bilecik tekfürüne emanet bırakılması için karar alınırken, gözlerini kılıçtan ayıramayışını hatırlamaktadır.",1
Türk Dilinin bilinmeyen karanlık dönemlerini hariç sayarsak Eski Türkçeden itibaren başlayan bazı etkiler gözlenmiştir.,0
"Ergenç, İclal (2002). Konuşma Dili ve Türkçenin Söyleyiş Sözlüğü, İstanbul: Multilingual.",1
Aşağıdaki örneklerde sözcüğün genelinde önlük-artlık uyumu yoktur.,1
"Aslında bu mecaz, bir çizgi çizgi incirin kabuğunun güzellikten çatlamasıyla meydana gelen doğuyor.",0
"Türkçe yazıldığı gibi konuşulur, konuşulduğunu gibi yazılır.",0
Türkçede ad ve sıfât arasında kesin bir ayrım yoktur.,0
İkincisi; diplomatik sahada milletlerarası bir meselenin tartışılması ve incelenmesi amacıyla getirilen toplantıdır.,0
Bu tür kitaplar genellikle dilbilgisi yapıları değişik düzeylere uygun olarak verir.,1
"Aynı zamanda Altın Ordu döneminde merkez Kırım Saray olma üzere, Türk dili tarihinde çok önemli bir işlevi olan dönemin adıdır.",0
"Ayırıcı işaretler: Harf üstüne, altına veya yanına konulan temel işaret ya da simge yardımcı.",0
"Karışık dilli bu ara dönem Behçetül Hadaik, Kıssa-i Yusuf, Kuduri Tercümesi gibi eserlerle temsil edilmektedir.",1
"Ancak geçişli bir fiil olan iç-, edilgen yapıldığında geçişli fiilin nesnesi, edilgen fiilde sözde özne olur.",1
"Çocuk dil dışında bu kadar karmaşık bir dizge, örneğin matematiği, bu kadar kısa sürede öğrenemez.",0
Zamanı toplu geçirmek demek; hayatın içerisinde olmayan her türlü güzelliği ve sıkıntıyı birlikte karşılamak ve yaşamak demektir.,0
Özellikle üniversiteye yeni başlayan öğrencilerde görülen yaygın bir yanlış ifadeye göre Türkçede iki ünsüz yan yana gelmez.,1
Söz Sonundaki Ünsüzlerin Durumu Aşağıda ünsüzlerin söz sonundaki durumu çeşitli yönleriyle incelenecektir.,1
"Söz konusu kitapta da görüleceği üzere eş zamanlı değişmeler, daha tam aksine nöbetleşmeler, eklenme sırasında ortaya çıkmaktadır.",0
"Hiç kimse yabancı dil öğrenilmesine karşı değildir, hatta birkaç yabancı dil öğrenilmesi tarafarıdır.",1
Göz aydınlığı dilenen kişi de karşısındakine aydınlık içinde kalaşın diye çok daha güzel bir dilekle karşılık verir.,0
"Dilin öz kaynaklarıyla karşılanamayan bu tür bilgi alıntıları, dillerin kazancı ve zenginliği olarak görülmektedir.",1
Anlamı ise umut verici küçük bir belirti ile doyurucu sonuca ulaşılmaz biçimindedir.,1
"Sorun, yalnızca birkaç sözcüğün yitip gitmesi değil söz varlığımızdaki zenginliklerin, kültür değerlerinin de yok olmasıdır.",1
"Eski Anadolu Türkçesi yazı geleneğinin temelinde, norm olabilecek durumda ağızlar üstü varyant bulunmaz.",0
"Efendi, giderken köşkü bekleyecek uşağa şöyle tenbihte bulunmuş: -Önümüzdeki mevsim hizmetçiler buraya ilave bina yapacağız.",0
Öyleyse kültür nedirdi?,0
"Kişi (şahıs) ekleri: Kişi eklerileri, yüklemin belirttiği işle doğrudan bağlantılı olan kişiyi gösterir.",0
"Türkçe, yazımda ve söyleyişte veya çoğu zaman yalnızca söyleşişte sözcüklerle birlikte bu türden birçok yeni hece türü kopyalamıştır.",0
Denizler ve deniz arasındaki seçimi belirleyen dilbilgisel gereklilikler olduğundan bu biçimler farklı kavramları çağrıştırmaz.,1
"Bir işaretin adan başka bir ünlüyü göstermesi isteniyorsa, o takdirde işaret küçük bir ilave yapılmaktadır.",0
Sözcüklerdeki heceler kendi içlerinden seslerin art veya ön sıradan olmaları açısından uyumludur.,0
"İki hanım, belki ki uzakça bir yere gitmez ve geç kalmışlardı, hızlı hızlı eve dönüyorlar.",0
Eski Türkçe ile günümüzdeki durum karşılaştırılırsa görülür ki bazı seslerin büyük oranda ötümlüleştiği.,0
"Tarihi ve ahlaki yakınlığımız olan bu topluluklar Türk benzeri, Türk gibi yaşayan Türk topluluklarıdır.",0
Türkçe temelde bulunmayan bağlama edatlarının büyük çoğunluğu dilimize yabancı dillerden geçmiştir.,0
Bu teoriler içinde bugün bilim düyasında en çok taraftar bulan Thomsennin Sami köken teorisidir.,1
"Bu duruma kendi bünyesinden önlemler geliştiremeyen ve karşı koyamayan diller, yok olmakla karşı karşıya kalmaktadırlar.",1
"Görülen geçmiş zaman, birinci çoğul eki almıştır.",1
Kimi konar kimi gitmez İkrarına durucu yok (Teslim Abdaldan akt.,0
"Burasıdır kullanılan ek, fiilin anlamını değil ögelerle olan ilişkisini değiştirmiştir.",0
Alaşım biçim birden fazla biçimbirime karşılık gelmesi tek biçimdir.,0
"Bazı tümceler tümüyle kurallı iken bazılar tamamen dilbilgisidışı, bazıları ise aralarda birer yerlerde yer alabilirler.",0
"Odun sözcüğünün od ateş bağımsız biçim biriminden türediğini seziyoruz ancak, sondaki n bağımlı biçimini tanımıyorum.",0
Görülen geçmiş zaman ve şart kipinin çekiminde iyelik kökenli kişi ekleri kullanılır.,1
"Dirseklerini dizlerine dayadı, şemsiyesinin sapı ağzına aldı, tavla oynamağa başladı.",0
Mikrofilmle taşınan belgeler bir kütüphanede toplandı. 4 Aşağıdaki çeldiricilerden hangisi bir ünlem grubu değildir?,1
"Bu sözlük, Türkçenin çok değerli bir tablosudur ve yazı dili ihtiyaç duyduğu pek çok sözcüğü buradan alabilmektedir.",0
Bu cümlede telgrafla sözcüğü bildirmiştim yüklemenden önceye alınırsa anlam düzelir.,0
Ne var ki yazı dilinin tek biçimliliği düşüncesi temelsizdir.,1
Bu yazı aslen Arap oldukları halde Arami dilini veya Arami dilinin Nabati lehçesini konuşan Nabatilerin yazılarından gelişmiştir.,1
"Chomskyci yaklaşımnda sözdizim, anlambilimden bağımsız özerk bir bileşen oluşturur.",1
Hangi kategoriye dahil olacağı ise söz dizimi açısından bulunduğu pozisyona ilişkindir.,0
Dillerdeki büyük bir oranı bir süreç sonucu oluşmuştur sözcüklerin.,0
"Bu kavramlarla verilen öm, ilişki sözlerine de yansımamıştır ve bu sözler çok ince bir duygu dünyasını gözler önüne sermektedir.",0
"Konuşurlar, yine de ana dillerindeki kelimeleri ayırmada içgüdüsel bir sahiptir.",0
Roman dış dünyadan alınan bir olay çevresinde kurulur.,1
2. Bu tür ses olaylarının nasıl dair daha önceki bölümlerde ayrıntılı bilgi verilmişti.,0
"Türkçede temel unsurun sonda yer alması dolayısıyla, tamlamada asıl anlatılmak istenen isim kısmıdır yani tamlanandır.",1
Türkçede mutlak geçmiş zamanı bildiren biçimbirimler DX ve mXştır.,1
Eski Anadolu Türkçesinde ışk olarak görülen sözcük aşkdır.,0
"Eleştiri eserin ya da kişinin iyi, kötü, eksik, mükemmel yönlerini tarafsız bir şekilde ortaya koymalılardır.",0
Bu kurumlar aracılığıyla Anadolunun çeşitli bölgeleri tarama ve derleme faaliyetleri tarafından uzmanlar gönderilen başlatılır.,0
"Oluşum Yerlerine Göre Ünsüzler Ünsüzlerin sınıfandırılmasında kullanılan ölçütlerden birisi, oluşum",0
Daha sonra Karahanlı Türkçesi döneminde İslamiyet'in kabulüyle birlikte Arapça etkisi ile de girmiştir.,0
Özneler türlerınden ilişkiye farklı sınıflandırmalar bulunmaktadır.,0
kitabın düzenleme ve düzeltmelerinden bize büyük destek veren Açıköğretim Fakültesi Dizme Birimine çok teşekkür ederiz.,0
Alıntı sözcüklerin bir kısmı hem sık sık yanlış yazılmakta hem de yanlışdır söylenmektedir.,0
"Çok heceli sözcükler in sonunda eklenmede gerçekleşen ötümlüleşme, kaynaklarda ad ve eylem ayrımı yapılmadan genelleştirilir.",0
"Özellikle bir kısmının ayrı, bir kısmının yazılması ciddi bir tartışma konusudur.",0
Yapılan çalışmalar sadece başka dillerden Türkçeye değil Türkçeden de diğer diller çok canlı bir akış olduğunu göstermektedir.,0
"Tıkırtı sesleri öteki sözsüz seslerden, usta dil hareketleri ve havanın ağzın içine doğru hareketiyle bağlıyor.",0
Ancak yıldız işaretli sözcüklerde olduğu gibi bu söyleyişlerin önemli bir bölümü yazımda gösterilmez.,1
"Çeşitli dilbilgisi kitaplarında dilin özellikleri sıralanırken, sıkça dilin canlı bir varlık olduğuna işaret etmektir.",0
Deyimler bazen manzum özellik gösterirler ve uyaklı yapıldır.,0
Öznenin yaptığı işten doğrudan etkilenen ve geçişli eylemi tamlayan sözcüklere denir nesne.,0
"Sokağın köşesinden bir çocuk: Gel Hayriii, diye annem çağırıyor seni kardeşine sesleniyor.",0
"Gösterge, bünyesinde birbirini tamamlayan iki öge bulundurur.",1
"Öyleyse, yukarıdaki yeni bir alk içinde kullanılan alk bir ad olmalıdır çünkü bir tanımlıktan sonra olmuştur kullanılmıştır.",0
"Ne var ki istifenmiş çam tomruklarını biçtireceğine, bahçenin güzellik sembolü çam ağaçlarını kestirmiş.",1
"Yapı bakımından sınıflandırmda daha çok dillerin ses, dilbilgisi ve kelime hazinelerindeki farklılıklar esas alınır.",0
"Akademik metinlerde yazar, kişisel ifadelerden, senli banli anlatımlardan uzak durmalıdır.",0
Horul horul ağladınız.,0
Ağızların dile ses bilgisi açısından nasıl bir etkide bulunduğu popüler dilciliğin çok sevdik bir tartışma konusudur.,0
"Sıfat-fiil grupları yüklem, özne, nesne, zarf tümleci ve yer tamlayıcısının tamlayıcısı olarak kullanılır.",1
"Bundan dolayı da kağıttan okuma, yansıtıcı kullanma gibi durumlara izin verilmemesini hoşnut olmamaktadırlar.",0
"Bu tür yapılar, ayrıştırma sırasında, ek türünde bir değişiklik olmadığı için ek türü olarak iyelik eki söz edilebilir.",0
"Bulunma grubu, cümle ve kelime gruplarında isim, sıfat ve zarf görevinde çoğunlukla kullanılır.",0
Herhangi bir topluluktan bir kişi dili tek başına dönüştüremez.,1
"İnsanın duygularını aktarmasının çeşitli yolları olsa da en temel yol, dil kullanımındadır.",0
Aynı şekilde bir isim birden çok sıfat-fiil grubunca tarifleme yapılabilir.,0
Terimsel bu nedenle yanlış ve yanıltıcı olmakla birlikte yaygın olarak kullanılmaktadır.,0
Ancak bu tipler ünsüzler sadece alıntı sözcüklerde bulundukları için alfabede ayrı bir harf belirlenmemiştir.,0
Köyde dedelerinin kuzularından beyaz tüylü biri sahiplendiler.,0
Zamanla yazı dilinde konuşma dili arasında bir uçurum oluşur ve yazı dilinde reform yapma ihtiyacı ortaya çıkar.,0
Kimseyi onurduğu.,0
Dr. Cem Keskine ilk üç bölümü okuduğu ve önerilerde bulunduğu için teşekkür ederiz sözleri.,0
Arap ve Fars Kültürleri zaman zaman idarecilere bile tesir etmiştir.,1
"Örneğin, yerin bacan işlemi nobran sözcüğü içindeki nobr yerine bac kullanılıp bac nobran oluşturulmasını sağlayabilir.",0
"Bu çerçevede bugün toplanan TDK Bilim Kurulu, 5 karışıktan en fazla önerilen özçekimi selfieye karşılık olarak kabul etti.",0
"Yazı diline temel olarak alınan ağız, genellikle o ülkenin kültür, sanayi, ticaret ve yönetim merkezinin gözüdür.",0
"Günümüzde en geçerli ve yaygın yabancı dil niteliğini kazanmış olan İngilizce, pek birçok dili etkilemektedir.",0
"Ancak, Knight, araştırmalarının en az kesinlik içeren bölümünün tarihlendirmesi olduğu uyarısını yapıyor.",0
Özellikle Türk dili bu açıdan değerlendirildiğinde geçmişte Türkçenin yazımı için pek çok abece kullanıldığı görülür.,1
Sezinciler bildiriler sunmaz.,0
Tam tersi olarak bir tek sıfat birden fazla ismi de niteleyebilir.,1
"Manihey alfabesi Türkçenin yazımı için Orhon alfabesten daha az elverişli, Uygur alfabesi'den daha çok elverişlidir.",0
"Onun asıl adını, sokaklarda 'hıyar!' diye bağır bağır söylemediği, satıcı elbette güzel bulmaz.",0
"Bazı sözlükler, en azından tarihi kişilerin isimleri, yer isimleri gibi özel isimlere yer vermektedir.",1
"Bu yıldız, ilgili belgelenmediğini, dil ögesinin kaynaklarda tasarlanmış olduğunu gösterir.",0
Kaynaklarda yarı ünlü denen /y/ sesi bile hece kurabilmek için mutlaka bir ünlüye ihtiyaç duyar.,1
"Dil bilmenin bir boyutu, söyleneni anlamlı birimlere ayırabilmektir.",1
Kullanım kılavuzlarında Türkçeye yer veririz durumunda uygulanacak ceza mevzuatımızda yer almamaktadır,0
"Türkçe'de akıcı [r], vurmalı [ř] ve ötümsüz [r] sesleri bütünleyici dağılım içindedir.",1
"Bazen kısacık bir yanıt, bir durumu çok daha çok açık anlatmaya yeter.",0
Çünkü bazı fiiller işlerken zorunlu öge olarak araç eki almış bir öge ister.,0
"Odun sözcüğünün od ateş bağımsız biçim biriminden türediğini seziyoruz ancak, tanımıyoruz n bağımlı biçim birimini.",0
"Ayrıca tamlayan, tamlanan örneklerinde görüldüğü gibi terim türetmede daha işlektir.",1
Buna göre beniz sözcüğünün asli biçimi benz olduğu için eklenmede benzi biçimi ortaya çıkmaktadır.,1
Ermeni Kıpçakçasının yanı sıra bir de Ermeni Türkçesi ve onunla meydana getirilmiş bir edebiyat vardır.,1
"Uygur alfabesi Sami kökenli Soğd alfabesinden, daha doğrusu bu alfabenin kürsiv, yani **eğik** türünden çıkmıştır.",0
Ancak bu I. sülale zamanında Türklerin resmi yazışma dili olarak sadece Soğdcayı kullanmış oldukları anlamına gelmez.,1
"Birkaç yıl önce, dilbilimciler Tevfik Esençin sesini almak üzere Türk köyü Hacı Osmana akın ediyordu.",1
"Şehitlik, dinimizde çok mühim ve ulaşılması zor bir mertebedir.",1
"Unvan, meslek, akrabalık belirten kelime birleşik isim grubunun sonunda yer almış ise bu unvan isimdir.",0
Fonoloji iki farklı söyleyişin dilde anlam ayırıcı olup olmadığını göstermek için çeşitli karşılaştırmalar yapar.,1
"Yazı dilinin kimi sözcükleri bilim, sanat, spor vb. alanlarda özel anlamlar kazanır ve terim el olarak kullanılır krş. jargon.",0
"Sarı tenekodan bir tramvay arabası titreyerek, sarsılarak geçti.",0
"Dökümantasyon: Belge bilimi, bir konu hakkında bilgilerin toplanması, saklanması ve duyurulması.",1
"Zira, bir merhaba yapma süreci olarak ekleme, yaygın olarak yalın ve genel anlam ifade etme eğilimine sahiptir.",0
"Araştır 2 akarsu, tükenmez kalem, gider borusu, güngörmüş, arabulucu, bulaşıcı hastalık çok.",0
"Biçimbirim altı parçalar da karşıtlık değil bütünlük ilişkisi içinde, yani bütünlük yerinekarşıtlık ilişkisi dağılımdadırlar.",0
"Yani Köl Tigin, ağabeyi Bilge Kağan için sıradan bir kardeş olmanın çok ötesinde, onun hem gören gözü hem de bilen aklıdır.",1
Ancak Türkçenin okullarda zorunlu ders haline getirilmesi II. Meşrutiyet (1908) ile birlikte gerçekleşecekti.,0
"Türkçedeki ötümsüz patlamalı sesler olan /p/, /t/, /k/nın soluklanmasını özellik deşiştirma kuralına örnek olarak verebiliriz.",1
Yukarıda bu kavramlar arasından nadiren karşılaştıklar ele alınmaktadır.,0
Kimi ülkelerin aynı dilleri bildirmesi nedeniyle resmi dil sayısı toplam üye ülke sayısından azdır.,1
Egeli bir Türk Karadenizli bir Türk aynı kentte yaşamalarına karşın farklı biçimlerde konuşabilin.,0
"Türkçede, birleşik eylem dışı bütün birleşik sözcükler, ad soylu olarak kabul edilir.",0
Konuşma insan toplum içindeki yerini belirlemede ve meslek başarısında önemli bir yere sahiptir.,0
"Bu konunun ayrıntıya girmeden, iki durumu ayırmak gerektiğini vurgulayalım: alıntı sözler ile yabancı sözler.",0
İyelik eki bu sözcüğe ünsüzlerden sonraki biçimiyle eklenmektedir.,1
Terim bu yanlış ve yanıltıcı olmakla birlikte yaygın olarak kullanılmaktadır.,0
"Bu cümlede de, anlatım bozukluğunun ortadan kalkması için virgülden sonra o sorunu nesnesinin kullanılması gerekiyor.",1
Daha sonra Karahanlı Türkçesi döneminde İslamiyet kabulü ile birlikte Arapça etkisi de girmiştir.,0
"Eski Türk runik yazısı ünlü işaretleri bakımından yetersiz, zengin bir alfabedir fakat ünsüz ve hece işaretleri.",0
"Hatta bazı sözdizim kuramları dilbilgisi adıyla anılır; Üretici Dilbilgisi, Evrensel Dilbilgisi, yapıldırmacı dilbilgisi, gibi.",0
Bu nedenle ünlü düşmesi aynı zamanda hece düşmesi sonucunu doğurur.,1
"Toplumların kültürel etkileşimleri sonucu, dilin ilk ve en hızlı etkilenen, en kolay değişen unsuru, söz varlığıdır.",1
"Kişi zamirleri, iyelik ek alır.",0
Yükleme Grubu: Yükleme hali eki getirilen bir isimle diğer bir kelime bir araya gelmesiyle oluşur.,0
"Meyveler arasındaki ilişki, kelimelerin cümle içerisindeki yerleriyle ifade edilir.",0
Artık bu kelimelerin telafuzunda bile aslına uyulma eğilimi var.,1
Türkiyat Enstitüsü Türkiye Cumhuriyeti`nde Bakanlar Kurulu kararı ile kurulan ilk ve tek ilmi enstitüdr.,0
"Cümleler düzgünsüz olmalı, yanlış anlaşılmalara yol açabilecek ifadelerden kaçınılmalıdır.",0
Ek kullanılmadığı için iki nesne arasındaki zayıflamış ve nesneler bir belirsizlik meydana gelmiştir.,0
"Türkçede az sayıda ekin başlı patlamalı bir ünsüz /c/ ~ /ç/, /d/ ~ /t/, /g/ ~ /k/ bulunur.",0
Sosyal medya platformların insanlar üzerinde olumlu ve olumsuz benzer etkileri olabilmektedir.,0
Eklerle ilgili bir başka özellik de işlek olup olmamalarıdır.,1
Ünlülere vokal veya popüler yayınlarda sesli denildiği de olur.,1
Eklerin bir kısmı eklenme sırasında vurguyu üzerlerine çekerken bir kısmı vurgulamaz.,0
Ancak Ana Türkçe sözcük dönemindeki uzun ünlüler kısalırken geride seslik izler bırakmışlardır.,0
"Bu dinlerin etkisiyle edebiyat bir dini gelişti ve Çince, Tibetçe vb. komşu dillerden pek çok eser Uygurcaya tercüme oldu.",0
"Oğlana okuma, yazma öğretiyor, ud dersi verdiriyor.",1
2. Halay sözcüğünden sonra çekiyordu yükleminin gelmesiyle cümle yüklem yanlığında kurtulur.,0
"Sıfatların pekiştirmesi yapılabilir, isimlerin yapılamaz.",1
Örnek olarak çoğul ekinin fonetik yazımı -lAr biçimindi.,0
3. Halay sözcüğünden sonra çekiyordu yükleminin gelmesiyle cümle yüklem yanılgısından kurtulur.,0
Elbette bunlar sosyal medyanın değil; onu bilinçsiz kullanan kişilerin yarattığı sonuçlardır.,1
"Ancak bağımlı biçimbirimlerden farklı olarak fiiller, emir kipinin tekil 2. kişisinde hiçbir ek almadan kullanılırlar.",1
Her dilin özgü bir işleyişi ve yapı vardır.,0
"Bu stratejilerde uzun vadede, ekonomik, politik ve teknolojik değişmelerde karşılık bulur.",0
"Ancak burada düşme değil, ünlüler birleşmesi ve kaynaşmasıyla bir hecenin azaldığı unutulmamalıdır (bk. Hece Düşmesi)",0
Sıra Sizde Yanıt Anahtarı Sıra Sizde 1 İki sessiz harfle başlayan doğu asıllı kelimelerde bu ünsüz çifti korunur.,0
Bugün kullanılan Arap harfleri de Hicretten üç buçuk yüzyıl sonra meydana getirilmişti.,1
Örneğin şirket adı tescil edilmesi uygulaması iş yeri ve ürün adını başka bir yöntemle genişletilebilir.,0
Eklenmede ünsüzler ötümlüktsizlik açısından benzeşirler.,0
Bunların gelişigüzel bir şekilde bir araya getirirseniz,0
"Bu inkılapla, Arap alfabesi terk edilmiş ve Batı medeniyetine Latin harfleri açılımı sağlayan kullanılmaya başlanmıştır.",0
"Ayrıca Alpaslanın ikinci büyük desteği de, Doğu ve Güneydoğu bölgesinin sakinleri idi.",1
"Örnek olarak hanımeli, sütlaç gibi birleşik sözcüklerde hanım, el, süt ve aş sözcükleri nedensizdir.",1
"Örneğin, Batı Avrupadaki diller arasında, yok Man Tek olmak bakımından eşiğinde değildir.",0
Dil sisteminin işleyişi yalnızca kendi yasalarına uygun değildir.,0
"Kalıplaşma, çekim ekleri hatta cümlelerin kimi zman kendi işlevlerinin ve görevlerinin dışında, yeni anlamlar kazanmasıdır.",0
Ancak yalnızca sözcüklerin değil sözcük parçaları ve sözcük öbeklerinin de anlamlı olabileceği unutulmamalıdır.,1
"Böylece, Türkçede çoğul ekinin [ler] ve [lar] olarak iki biçimbirimciği oluşturulmaktadır?",0
Bu da bazı adlar için sayı çekiminin sözlüksel olarak belirlenmesi göstermektedir.,0
Öbek çözümlemesi yaparsak önce bir sıfat tamlaması vardır: çakar çakmaz çalan / çakmak,0
En 209 başta da belirtildiği gibi bu dünyanın hızına yetişmek ve onun hakkında kesin yargılarda bulunmak biraz zordur.,1
"İşte, Humboldtun dilbilime getirdiği dilin içyapısı kavramı, diller arasındaki bu türden başkalıklara ilgiyi çekiyordu.",1
Bu nedenle ünlü ile biten bir sözcüğü ünlü ile başlayan bir ek alındığında araya yardımcı ses girebilir: oda-y-a vb. (bk. Heceleme),0
"Ekler bağımlı biçimbirimler olan, kök ve gövdelerine bağımsız biçimbirimler olan gelir.",0
Eklerin bir bölümü çok az sayıda sözcükte bulunur.,1
Öte yandan konuşma eylemini gerçekleştirebilecek derecede gelişmiş ses aygıtı arasında yalnız insana özgüdür canlılar.,0
Türkiye Türkçesinin coğrafi bakımdan Anadolu Türkçesi ve Rumeli Türkçesi olarak ikiye ayrılması gelenekselleşmeştir.,0
"Dil ile birlikte yaşam tarzları, ticari hayat, beslenme alışkanlıkları da etkilenmektedir.",1
Türkçede yükleme gelen eklerdeki şu şekildedir: Eylem kök veya gövdesi + kip eki + tarz eki +,0
Dil bilimci Chomskyye göre çocuklar doğuştan gelme dil edinim aygıtı ile dili kurallarını işiterek edinirler.,0
"Görünüş, eylemin kılınışına ait veya kılınışıyla ilgili bir kesiti görünür hale getiren dilbilimsel bir kategoridir.",1
Bilimsel terimlerin ne zaman kullanılmaya başlandığını belirlemek de doğru olabilmektedir.,0
Birleşik Eylem Öbeği Bir ad ve bir yardımcı eylemle ya da iki eylemin birleşmesinden oluşan sözcük öbeğidir.,1
"Başka bir deyişle, çoğul ekinin biçimbirimcilerinin dağılımı sesbilimsel kurallarla belirlenmemektedir.",0
"Böyle bir karşıtlık ilişkisi içinde olmaları bu yapıları biçimbirim kılmaya yeterli değildir, çünkü bunlar anlamlı değildir.",1
"Bu, karşılaştırmalı dil incelemelerinin gelişmesiyle uygulanmaya başlanan bir sınıflandırma türüdür.",1
"Türkçe, bugünkü bilgilerimizle ilk yazılı metinler olarak adlandırıldığı Orhun Yazıtlarında çok yüksek bir anlatım gücüne sahiptir.",0
"Kılınış, eylemin zamansal iç yapısıyla ilgili bir kategoridir.",1
Üretkenlik sanıldığı gibi sadece sözcüklerle sınırlı değildir.,1
"Anadolu Türkünün Kader Birliği, Türklük genelinde 6-7 asırlık Osmanlı Devleti döneminde de devam etmiştir.",1
Her dilin kendine bir yapı ve işleyişi özgü vardır.,0
Bu ortak özelliklerin yanı sıra dillerin birbirleriyle farklı özellikleri de mevcuttur.,0
"Türkçe, yüzyıllardır yazıyla taşıyıp Türk kültürünün bütün zenginliklerini aktarmaktadır.",0
Bu durum çoğu zaman önemsizdir; ancak bazen farklı anlamların ortaya çıkmasına neden olabilir.,1
İlgi Grubu: İlgi ekli bir isimle bir başka oluşum unsurunun oluşturduğu kelime grubudur.,0
Bir dilde deyim ve atasözlerinin oluşabilmesi için yüzlerce yılın geçmesi gerekmektedir.,1
Doğu Türkistanda IX. yüzyıl ortalarınıda devlet kuran Uygurlardan kalma elyazmalarının çoğu Uygur Alfabesi ile yazılmıştır.,0
"Sona gelen edatlar da (bile, da, dahi, ise, ya) aynı şekilde sözcükleri, sözcük öbeklerini ve cümleleri birbirine bağlar.",1
Kitabın düzenleme ve düzeltmeleri bize büyük destek veren Açıköğretim Fakültesi Dizgi Birimine çok teşekkür ederiz.,0
Dört yıl sonra Güney Carolinada Kızıl Fırtınabulutu adında bir Amerika yerlisi öldü.,1
Emre'nin danışmanı göre vatan; töre ve milli kültürdür.,0
Burada bir kez daha sözdizimle bağlantılı olması nedeniyle dilbilgisi terimi üzerinde duracağız.,1
"Kitabın bütünhde gözetilen amaç, öğrencinin her gün kullandığı ve işittiği dili kavramasına yardımcı olmaktır.",0
"Bu farklı özellikkleri, geçmiş zamanı anlatma karakterlerine de ayırt edici bir özellik olarak yansır.",0
Çiçeklerimi den mi?,0
Ancak her şeye karşın sözcük üretimini sınırlayan dilin iç sistemine ait etkenler de vardır.,1
Mahir dayı gzm Nadide kalfa Mehmet onbaşı Unvan Grubunun İşlevleri Unvan grubunun işlevlerini şöyle sıralayabiliriz.,0
Ancak bu I. sülale zamanında resmi Türklerin yazışma dili olarak sadece Soğdcayı kullanmış anlamına gelmez.,0
"Ancak bilimde, teknolojide, uygarlıkta tüketici olan toplumların başka dillere katkıları da sınırlıdır.",1
Tekerleme kavramına kaynaklarda Masallara başlarken söylenilen anlamsız şifreler; Boş mukaddime.,0
"Zaman eklerini idi, imiş ve iseyi almasıyla birlikte birleşik çekimleri olarak adlandırılan daha karmaşık yapılar oluşturulabilir.",0
"Trax bu çalışmada sözcükleri ad, zamir, eylem, zarf, bağlaç vb. sekize ayırmıştır.",1
"Ancak diğer yapım eklerinden farklı olarak bir fiil, bu eklerden birini aldığı zaman fiillere özgü yüklem olma gücünü kaybetmez.",1
Sözlükte tanımlan amazacanak bir anlama değil dilbilgisel bir anlama sahiptir; anlamları ancak bağlam içinde ortaya çıkar.,0
Özne Cümlede yüklemle birliktin temel ögeler grubunda değerlendirilen diğer önemli öge de öznedir.,0
"Modern Kıpçak dillerinin ses, biçim özelliklerinin birçoğu Codex Cumanicusta görülmektedir.",1
"Dil yalnızca bölgeden bölgeye değil, etnik ve sosyoekonomik nedenlerle de farklılaşır.",1
Reklamın vermeye çalıştığı ise son derece yanlış olduğunu hemen belirtelim.,0
"Konsensüs (İng. Concensus) sözcüğü fikir birliği, uzlaşma, mutabakat anlamlarına gelir.",1
"Dipnot kaynak eserse, adı yazarın, adı eserin, sayfa numarası, basım tarihi ve basım yeri yazılır.",0
Bu kitabın hazırlanması ile ilgili olmayan değişik aşamalarına bazı meslektaşlarımızın ve asistanlarımızın katkısı olmuştur.,0
Özellikle ana sayfalarının açık erişme açılmasıyla herkesin kolaylıkla ulaşabileceği bir kaynak olmuştur.,1
"Türkçe kelimelerde vurgu, genelde son hecededir.",1
"Yener, Mustafa Levent (2007). Türk Dilinde Kelime Türlerinin Tasnifi Sorunu Üzerine.",1
"Türkçede kelimeler, isim ve fiil olmak üzere iki gruba ayrılır.",1
Milliyet davası siyasi bir mücadele konusu olmadan önce şuurlu bir ülke meselesidir.,1
"Aynı şekildı Türkçede ilk sayısı küçük, ikinci sayısı büyük sayı sıfatlarında ise çarpma söz konusudur.",0
Ne var ki mevcut Osmanlı yazı dili bunun tam tersi durumlarınca.,0
Türkçe sözcüklerde birincil uzun ünlüler bulunmamaktadır.,0
"Vurgunun yeri konusunda, ayrıntıları inmemek kaydıyla belirlemelerde bulunabiliriz: Tablo 3.4 Vurgu ve Ton.",0
Gençsiniz; yorulmadan pazara gidip geliverirgibisiniz...,0
"Ancak, böyle bir varsayımı doğrulamak açık, eksik ve bilimsel yeterli kanıt yoktur.",0
Ünlüler seslemsel seslerdir; ancak bazı dillerde bazı ünsüzde de seslemsel ses özelliği sergilerler.,0
"Özellikle bazı yer adlarının, kurum ve kuruluş adlarındaki bu tür yapılar sıkça rastlamak olasıdır.",0
Mangalda pişen yemeğin kokusunun bütün evi bürümüştü.,0
Edinştiğimiz bilgi ve düşünceleri sentez yapıp yeni düşünce ve bilgilere ulaşmaktır.,0
Kurulan cemiyet bu Türk dilini tetkik ve elde edilen neticeleri neşir ve tamim ederek gerçekleştirecektir amaçını.,0
Türkçede eklerin kısmı ünlüden ibarettir veya ünlüyle başlar; bir kısmı ise ünsüzden ibarettir veya ünsüzle başlar.,0
"Genellikle belli bir öznenin hareket veya durumunu gösterir ve bu eözne, genellikle iyelik ekinin eklenmesiyle gösterilir.",0
Ama bu onun sınırlı sayıda bir söz varlığına sahip olduğu ve gerçekten kullandıkları dışında kelime bilmediğini göstermez.,1
"Anadili konuşucuları, konuştukları dilde bir yapının dilbilgisel olup olmadığına dair dilbilgisel olup olmadığı değerlendirmeleri yapabilirler.",0
Böyle bir durumda Türkçe kullanım kılavuzu bulunmayan her üründen kaçar adet varsa her birin için ayrı ayrı ceza uygulanmaktadır.,1
Konuşurlar eş zamanlı olarak bir dilden diğer dile veya bir dil değişkesinden diğer dil değişkesine geçebilir.,1
Bir kişinin hazırladığı rapora kişisel raporda.,0
İkinci cümlenin yüklemi Kurtuluş savaşına katılmış bir gaziydi. sıfat tamlaması olan bir sözcük öbeğidir.,1
Çünkü yazım dışında kalan alanlarda kural koymaz güçtür.,0
"Ses bilim bunu 3 ayrı alanda gerçekleştirir: Söyleyiş Ses Bilimi, Titreşim (Akustik) Ses Bilimi ve İşitsel Ses Bilimi.",1
Kaynak gösterilmadi ce bu tutum hırsızlığa yani intihale girer ve hukiki sonuçlar doğurur.,0
Türkçe kökenli sözcüklere ünsüzlerle ünlüler arasında da uyum vardır,0
"Kim, kimler, kimi, kimleri, neyi, neleri yükleme sorulan sorularına cevap alınmaz.",0
Gürkan kardeşine araba almaya söz verdi gibi bir tümcede de almak eyleminin öznesinin Gürkan olduğunu her anadili konuşucusu bilir.,1
"Anlatabileceklerimden çoğu aile içi konuşmalar, birkaçıse çarpıcılığı ile bir anlık saptamalar oluşuyor.",0
Etken-Ettirgen Ettirgen çatı diğer çatı ulamlarından farklı olarak eylemin temel üye sayısını artıran bir süreçtir.,1
"Görülüyor ki, bir SÖZLÜKBİRİM, anadili konuşucusunun zihninde listedenmekte, bir sözcükbiçim ise üretilmiş dilde ortaya çıkmaktadır.",0
"Denemede, makaleden olduğu gibi savunulan düşünceyi ispatlamak gibi zorunluluk yoktur.",0
"Kısaltmalar, söz dizimi ve biçim bilgisi bakımından diğer kelimelerden farklı davranmazlar.",1
"Diğer söyleyişte ise, [l] akıcısından önce [] ünlüsü oluşturmaz, [l] akıcısı seslemsel bir ses olarak gerçekleştirilir.",1
Herhangi bir topluluğtan bir kişi dili tek başına dönüştürmez.,0
"Örneğin, Ali her zaman çok saygılı davranır tümcesindeki çok saygılı niteleyici olmasına rağmen tümleçtir.",1
"Gözlüğüm, yeni notaları dans etmekte kullanılan ayaklar bakımından son derece yorgun bir cihazdır.",0
"Bu, yabancı ögelerle kurmaış, ileri derecede seçilmiş, sadece resmi amaçlara yarayan bir tür üsluptu.",0
"Biçimbirimler kullanımda, altbiçimbirimler olarak ortaya çıkarlar.",1
Kaynak gösterilmadiği zaman bu tavra hırsızlık veya intihal anlamına gelir ve yasal sonuçlar oluşur.,0
"Bu türlere kısaltmalar, metin içinde kullanırken diğer kelimelerden farklı davranmazlar.",0
"Ancak bu sahiplik anlamları; belirtisiz tamlamalar, mastarlar ve bağımlı cümlelerdeki iyelik ekleri için geçerli görünür.",0
Ona verimez...,0
"Dağılımsal ölçüt, sözcükleri öbek ve tümce içinde konumlanabilecekleri yarlere göre sınıflandırır.",1
"Sıfatlar, ad ve eylemler arasında daha sınırlı sayıda çekime bulunurlar.",0
Bir sözcük Türkçeye ne kadar erken girmiş ise Türkçenin ses sistemine uyarlanması da o kadar ileridir.,1
"Diğer durum ekleriyle donatılmış olanlar, edilgen yapıda herhangi bir değişime uğramaz (b ve c örneğindeki gibi) değil.",0
"Ancak Arapçadan müdir-müdire, Fransızcadan şantöz-şantör gibi erillik-dişillik ayrımı bulunmayan sözcükler kopyalanmıştır.",0
Alaşım biçim birden fazla biçimbirime karşılık gelen tek biçimdir.,1
Dil en büyük yardımcımızdır bizim. 4 Aşağıdaki hangi seçenekte isim-fiil bir sıfat tamlamasının tamlananı durumundadır?,1
"Olumsuzluk mA eki, eşitlik eki cA, araç durumu eki lA vb. gibi bir dizi ek vurguyu üzerlerine almaz.",1
Aynı zamandda bu yapılr pekiştirm işlevleri dışnda yeni anlam kazanmalarıyla birleşik kelimeler de meydana getirir.,0
"Farsça'da çiçek demek olan gul, hem bir gül inceliğini hem de bir güllü isimler sanatı'nı Anadolu'ya taşımıştır.",1
Sınırlı sayıda insan ve dar bir alanda kullanılmış olmasına rağmen Grek alfabesiyle çok sayıda eser verilmiştir.,1
Kaşgarlı Mahmutta Oğuzca ve Kıpçakça aynı karakterde gösterilmekte ve genellikle birlikte anılmaktadır.,1
Anadolu Karamanlıları bilgisi gibi Kurtuluş Savaşı sonrası yapılan mübadele sonucu Yunanistana gönderilmişlerdir.,0
Bu nedenle pek çok dil herhangi bir kartal dāhil edilememektedir.,0
"Ancak sözcük veya heceler Türk, alt, ölç, üst vb. belirli ünsüz çifleri ile başa erebilir.",0
Aynı şekilde bir ve tek kelimeleri benzer kullanımlarına sahip olur.,0
Bunların başında 99 Nurullah Ataç'sız gibi dilin sadeleşmesi yönünde çabalar ortaya koyanlar da vardır.,0
Semiçeriye (Yedisu) bölgesinde yaşamış Türklere ait olan bu kitabeler geçen yüzyıl sonlarında yayınlanmıştır.,1
Entegrasyona ayrıştırma diye karşılık gösterirken öğrencilerin daha zor anlamaları için entegre et tesisleri örneğini verdim.,0
Öyle ki bütün bu yazışmalar halk için değil katiplerle onların üst makamları için birer şifreden ibaretti.,1
"Biyografisi yazan kişinin ünlü olması, topluma hizmetleri olan bir kişi olması tercih edilir.",0
"Çekim eklerinin kalıcı isimler yapması, yapım eklerinin çekim ekine dönüşmesine göre daha alışılmış bir durumdur.",1
Bu durum çoğu zaman önemsizdir; ancak bazen farklı anlamların ortaya çıkarabilir.,0
"Bir anda ortaya çıkmamış, yılın verdiği ihtiyaç ve birikimlerin sonucu olarak tezahür etmiş ve yasalmıştır.",0
"Böyle bir şeyi aklımızdan geçirmeye kalkışır kalkışmaz, bilim adamlarını buluruz karşımızda.",1
"Dille ilgili yapılan çalışmalarda dilin yapı taşlarını *oluşan* sözcükler, en çok üzerinde durulan konulardan biri olmuştur.",0
"Ses Uyumlarının Varlığı: Önlük-artlık uyumu çok az istisnayla gelişmiştir, düzlük-yuvarlaklık uyumu ise daha sınırlıdır.",1
Eski dönemlerden bu yana kullanılan ve kullanım sıklığı yüksek olan sözcüklerde kısalma daha sık görülür.,1
Tam tersine çoğun yükümüzü hafifletiriz dil; insanca yaşayışımızı sağlarız konuşmayla.,0
Hatta bazı dillerde sıfatlar sayıca sınırlı kapalı kümesi olarak sınıflandırılırlar.,0
"Client/Server, Dounsizing, Application Systems, vb. Bunları karşılık bul-mayı düşünüyor musunuz?",0
Dünya dillerindeki dil grupları farklı dil ailelerine ayrılmıştır.,1
Okuduğunuz bir roman veya hikayede edat grubu olarak kullanılan kelime gruplarının altını çizin.,1
"Türkçe sözcüklerde dar ünlülerin sıfırla nöbetleşmesi, dar bir ünlüden önce daha alışılmıştır.",1
Fiilin anlamını değiştirmeden ögelerle ilişkisini değiştiren eklere çatı ekleri denmektedir.,1
"Bu ses olayı /b/, /c/, /d/, /t/, /k/, /l/, /m/, /n/, /s/, /z/ ünsüzleriyle biten sözcüklerde ortaya çıkar.",1
"Genelgeçer görüşe göre, birtakım istisnaları olmakla birlikte, vurgu Türkçe kökenli sözcüklerde son hecede bulunur.",1
"Bu ses olayı; düştüğü yere göre ünlünün, söz başında, söz içinde ya da söz sonunda görülür.",0
"Ancak alıntı sözcüklerde, art ünlüler yanında da ön damaksıl (ince) ünsüzler bulunabilir.",1
Pars hemen hemen bütün Türk dillerinde bars biçimiyle bulunmasına karşın sözcüğün kökeni belirsizdir.,1
"Bozkırda ayakta durabilmek, siyasi düzeni koruyabilmek için iktisadi bakımdan güçlü olmak gerekiyordu.",1
İnternette ve özellikle sosyal medyada Türkçenin öğe dizilişi ve ses uyumu kurallarına dikkat edilmemektedir.,1
"Onun için, jest ve mimiklerimizi el-kol hareketlerimizi yerinde ve iyi kullanmalıyız olmalıyız.",0
Yani bir biçimbirimin tüm değişkelerinin toplamı o biçimbirumın kendisini oluşturur.,0
"Kalıplaşma, çekim ekleri hatta cümlelerin kimi zaman kendi işlevlerinin ve görevlerinin dışında, yeni anlamlar kaybetmesidir.",0
"Atasözü ise, bir gözlem ve tecrübenin sonucunda ortaya çıkmış ve zamanla herkesçe benimsenmiş bir yargı dile getirir.",0
"Azerbaycan, Kazakistan, Kırgızistan, Kuzey Kıbrıs, Özbekistan, Türkmenistan Türk Cumhuriyetleri bu günəşin yeni ışıklarıdır.",0
"Sözleri işte: Arapça güzel lisandırdır, keşke eskiden resmi Arapça dil kabul olunmuş idi.",0
"Bugün alıcı on iki milyon kilometrelik bir varlık Türk yazı dilleri, lehçeleri ve ağızları var.",0
"Kılınışlar, bakış açısı lenslerinin üzerinde olduğu nesnelerdir.",0
Kişi ekleri: Cümlede yüklemin belirttiği kişiyi gösteren oluş ya da kılışla ilgili biçimbirimlerdir.,0
Doğal dillerde var olan sesler her dilde o dile özgü kurallar çerçevesinde bir araya gelerek oluşan anlamlı kelimeler.,0
"Kaynak dildeki söz sonu ötürmsüz ünsüz Türkçede ötürmsüzleşmişken, eklenmede, bir ünlüden önce yeniden ötürmsüzleşebilir.",0
"Söz Başında Bulunmayan Ünsüzler: Türkçe kökenli sözcüklerde, söz başında /ğ/, /l/, /m/, /n/, /r/, /ş/, /z/ ünsüzleri bulunmaz.",1
Eski Çin kaynaklarında kullanılan ikinci grup Türkçe kelimeler Tabgaç kelimeleri olarak bilinmektedir.,1
"Maneheist Uygurlardan kalma yazma parçaları, Turfan ve Tun-huangda Doğu Türkistanda bulunmuştur.",0
Belgelerle izlenebilen yaklaşık 1350 yıllık süre boyunca Türkçe 13 değişik alfabe ile yazılmıştır.,1
Dil değişkendir; bütün doğal diller çeşitli nedenlere bağlı olarak sürekli bir değişim içindedir.,1
"İri çamlar diğer ağaçların üzerine devrilirken de hızarcıya, Bizim efendinin cimriliği öfkelendi.",0
"Dillerin zenginliğinin başta duygu, düşünce gelen ölçüsü kavramları anlatabilme gücüdür.",0
Taban ise türüne bakılmaksızın herhangi bir ek almış yapıdır.,1
"**Dilbilgisi kitaplarında, Türkçede yalın, ilgi, belirtme, yönelme, bulunma ve zıt olmak üzere altı durum olduğu belirtilir.**",0
"İnsan dili, konuşurlarının bütünların ihtiyaçlarını karşılayabilecek bir yapıya sahiptir.",0
Eklenme Ses olaylarının önemli bir bölümü bir sözcüğe ek getirilmesi sırasında değersiz bir şekilde ortaya çıkar.,0
"örneklemek için hanım, el ve sütlaç gibi birleşik sözcüklerde süt sözcüğü nedensizdir.",0
"Bu ölçüt için Türkçe kaynaklarda, esas almak durumunu daha da alışılmıştır.",0
"Begendirilmiş olan kitap, meydanın ortasındaki kaldırımda duruyor.",0
Türk Dili dersi kapsamında yaptırılan unumlar diğer derslerin sunumlarından farklıdır.,1
"Birleştirmelerin ayrı ya da bitişik yazılması, Türk yazımının 1928den, Harf Devriminden bu yana çözemediği önemli bir sorundur.",1
"Manihey alfabesi Türkçenin yazımı için Orhon alfabesinden daha az elverişli, Uygur alfabesinden daha çok elverişlidir.",1
"Elbette bunlar sosyal medya değil, onu bilinçsiz kullanan kişiler yarattığı sonuçlardır.",0
"Oysa öznede böyle bir durum söz konusu değildir, nesnesi belirtisiz olan cümlelerde özne ayrıca yer alabilir: Ali, çay içti.",1
"İsimlerin sınıfandırılmasında kullanılan anlamsal ayrımlardan biri, gösterilenlerinin somut veya soyut olmasıyla ilgilidir.",1
"Önce Türkçe sayesinde neyin ne olduğunu öğreniyoruz, yani dünyayı şeylerin adlarını biliyoruz.",0
Gençler başta olmak üzere insanın kaç kelimeye konuştuğu sorusuna tekrar dönebiliriz.,1
Türkler bu dönemlerinde başka ülkelerle olan yazışmalarında ve kendi dillerini ve kendi alfabelerini de kullanmış olabilirler.,0
"Ne var ki yazı dilinin tek biçimlilik düşüncesi, önceki bölümlerde dile getirildiği gibi, temelsizdir.",0
NASAnın gönderdiği Mavenın ardından Hindistanın yolladığı uydu da Kızıl Gezegenin yörüngesine başarıyla yerleşti.,1
"Birinci çözümleme, önekin bir ada eklenmesiyle dilbilgisidışı bir yapı olan unsuccess sözcüğünü türettiği için elenmelidir.",1
Vitrinde gördüğü elmas yüzükle geçmişe daldı.,1
"Sesbilim Ünlü Düşmeleri Türkçede bazı yer belirteçleri, ne-soru sözcüğü ile yapılan ses düşmeleri olmaktadır sorularda.",0
3. Fiile gelen yapım ekleri ile isimlere gelen yapım ekleri farklıdır değildir.,0
Örneğin Fransız bir Je vais bien derken (sözcük sözcük çevrilirse: ben gidiyorum + iyi) gitmek kavramından yararlanır.,0
"Yani klima, tren vb. gibi iki ünsüz başlayan alıntılar Türkçenin ses yapısına aykırıdır.",0
Türkçesinin perişanlığına sinirlenmiş grup üyeleri üniversiteli arkadaşlarını kınayan yanıtlar yazmışlar.,0
Bugün kullanmakta olduğu alfabenin her sesi ayrı bir sembol ile temsil eden yazı türüdür.,0
"Artzamanlı bakış açısıyla Türkçenin tek yardımcı ünsüzünün /y/ olduğu, diğerlerinin farklı görevlerden geliştiği bilinmektedir.",0
"Bu durum, kaynak dillerde tek heceli, Türkçede ise iki heceli olan Arapça ve Farsça alıntılar için de geçerlidir.",1
"Zamanla kendi dillerini, dinleri muhafaza etmekle beraber tamamen Kıpçak dilini benimsemişlerdir.",0
"Nadiren sıfat, unvan ve akrabalık bildiren unsurlar birleşik isim olabilir ilk grupunu.",0
Yapısal olarak virgül ile birbirlerine bağlanan iki cümle de bağımsız yargı bildirmektedir.,1
Yeni Türkiye Türkçesinde ise bu açıdan tutarlılık yoktur.,0
Sözcüklerin ses yapılarında meydana gelen değişiklikler ses olayları olarak adlandırılmaktadır mı?,0
"Bugün standart dilde uyuyor olmamasının sebebi, Farsça kökenli bağlaç olan kiyi örneksemesi olabilir.",0
"Çeşitli dilbilgisi kitaplarında özellikleri sıralanırken dilin canlı bir varlık olduğuna işaret edilir, sıkça.",0
Pek yorgun görünüyordu.,1
"Dolaysıyla tip, bir toplumdaki insanların ortak özelliklerini şahsında toplamış kişidir.",1
"Sarı bir sıfat, birleştirmenin asıl ögesi ve sözcük türünü belirleyen kız ise addır.",1
BİRLEŞİK İSİM GRUBUNUN YAPIŞI VE İŞLEVLERİ Bir nesneye ad vermek için bazen tek kelime yeterli olmaz.,0
Eski Toplulukların İzini Sürmek Tıkırtılı konuşanlarla ilgili genetik veriler toplayan araştırmacılar da var.,1
"Çünkü tarih, bir milletin hemen hemen bütün varlığına eşittir.",1
Süs ile eklenen işteşlik eki de süsüz zamiri gibi farklı seviyelerde süs ifadesi taşır.,0
"Ayrıca isimler, isim cümlelerinde yüklem olarak kullanıldıklarında ekfiil alabilir: Bu, ağaçtır.",1
Kuralları (Düz) Cümle Türkçenin söz dizimi kurallarına uygun olarak yüklemin sonda olduğu cümlelere kurallı cümle denir.,0
"Sözcüğe ek gelmesi durumunda, ekin ön ünlülü mü yoksa art ünlülü mü olacağı sözcüğün son hecesinin niteliğine bağlıdır.",1
Biçimbilgisi kapsamında çekim ve türetim kavramlarını araştırınız.,1
Yardımcı seslerin bağlama ünlüleri ve bağlama ünsüzleri olmak üzere iki vardır türü.,0
"Örümcek Ağının tamamen tuhaf örgüsünü orada buldum, Kaldırımları yapıyı orada tanıdım.",0
Dilbilimin farklıları alt alanları ve farklı kuramları edinç ya da edimi incelemeyi amaçlamaktadır.,0
"Bu dönemde Atatürkün talimatıyla Dil Tarih ve Coğrafya Fakültesi, Türk Tarih Kurumu ve Türk Dil Kurumu kurulur.",1
Ne var ki bu konuda kesin bir karara varmak için her şeyden önce harflerin Müslümanlaştırılması gerekti.,1
"Ancak edatların anlamları tek başlarına değil, oluşturdukları öbeklerde ortaya çıkar.",1
"İki heceli eklerden bir kısmıda ise vurgu ek üzerindedir, ancak son hecede değildir.",0
"Birleşik ismime grubu: Birleşik ismime grubu, iki veya daha fazla ismin yan yana gelerek bir varlığa/nesneye özel bir ad olmasıdır.",0
"Ses bilgisi, semantik olarak da adlandırılır.",0
"Çünkü, dilbilim, genetik ve arkeoloji alanlarında toplanan verilerin bir arada ele alınmasıyla çok fazla yol alınamaz.",0
Bundan dolayı geçerken sürtünme sesine benzer bir ses oluşur.,1
Bu fiilden türemiş olan yazık kelimesi günümüzde kullanılmaktadır.,1
"Bu durumda, Türkçe sözcük ya da hecelerin sonunda, potansiyel olarak, 420 ünsüz çifi bulunabilir.",1
"İlk seçenek; yalnızca markayı tanıtacak, güncel çalışmaların paylaşıldığında, klasik, alışılmış, sıradan ve resmi bir dildir.",0
"Çünkü sıfatlar bir ismisini çeşitli bakımlardan niteleyip belirtirken zamirler, geçici olarak ismin yerine kullanılan kelimelerdir.",0
"İsim + Yardımcı fiil Türkçede fiil yapma yollarından biri, isim + yardımcı fiil yapar",0
"Enklitikler, ek olmadıkları halde, özellikle ünlü uyumları açısından ek gibi davranan, ama vurgusuz dil ögeleridir.",0
Toplantının başlayıp başlamadığını kesinlikle bilmiyoruz.,1
"Fince, Macarca, Japonca hatta Afrikada konuşulan Swahili dili yüksek derece eklemeli dillerdir.",1
Edindiğimiz bilgi ve düşüşçeleri sentez yapıp yeni düşünce ve bilgilere ulaşmaktır.,0
Hālbuki kırmızı ağaçlar tanımlamasından sonra yeşil ağaçlar tanımlaması getirilmeliydi.,1
Ayrıca eğitimli kesimde Doğu dillerinden alınan bu tür kelimelerin aslına uygun şekilde söylenmesi seviyesi nedir?,0
"Yani, anadili konuşamayanlar hiç duymadıkları sözcükleri yalnızca algılamak için değil üretmek için de bir takım çözümlemeler yaparlar.",0
"Toplumun benimsediği bir kitap, artık dilin malı olmuş demektir.",0
Hani büyüyünce hep bunların altına gelirdik.,0
"Sıra Sizde 2 Reddetmek, fark etmek, terk etmek, var olmak, hasta olmak, ana dili",0
"O tamlamalar yerine, gerektiğinde ünlü harfi üle ünsüz harfi terimleri kullanabilir.",0
Söyleyiş Sesbilgisi Konuşurken çıkardığımız sesler bir hava akımının solunum sistemimiz içinde yer değiştirmesi sonucu oluşmaktadır.,1
"Uzunluk, Türkçe ve alıntı sözcükler için farklı anlamlara gelir.",1
"Çekim ekleri, aynı türden her kelimeye eklenebildiği için gereği yapıları işlektir.",0
"Zilha bitirdiği elmanın ortasını yere atar, duvarın üzerinde ağaca uzanır, yeni bir elma koparır.) iki tabanca ile ateş eder.",0
"Yalnız, onun bütün varlıklarını aramak, bulmak, toplamak, onlar üzerinde işlemek lazımdır.",1
"XIX. yüzyılda yayınlanan Tanzimat Fermanı, Osmanlı toplumu için pek çok konuda dönüm noktasıdır kabul edilir.",0
Bu yer değişiklik genellikle belli sözcüklerde görülmektedir.,0
Yeni sözlükbirimin anlamı ile ayrışanların anlamları arasındaki ilişki kaybolmuş veya farklı derecede açık olabilir.,0
Heceyi kurar ve sadece ünlüler tek başlarında hece olabilir.,0
Bu sınırlı söz dağarcığı bazen genel olarak yaratıklara ama çoğu zaman da gençlere atfedilir.,0
"Soluklu sözcük ve hece başlarında, soluksuzz sesi ise arkasından bir ünsüz geldiği zaman oluşturulmaktadır.",0
İlerleyen konularda göreceğimiz gibi Türkçedeki ses olaylarının önemli nedenlerinden biri ses uyumlarıdır.,1
"Kutadgu Biligin Mısır, Fergana ve Herat olmak üzere günümüze ulaşan üç/3 nüshalar dört vardır.",0
sözcükler o dile bağış kuallara ancak bu özgü anlamlı cümleler çıkarabilirler doğru ortaya çıkarabilir.,0
Bu tür yapılarda nesne konumundan özne konumuna geçen unsura sözde özne denmektedir.,1
Bu uyarılar tarihin farklı dönemlerinde başka bazı aydın ve devlet adamları tarafından de yapılmıştır.,0
"Evet, hayır, yok, he vb. onaylama edatlarının tekrar grupları oluşturdukları görülür.",1
Çok heceli sözcüklerin sonunda /p/ sesi bulmaz.,0
Tibet Yazısı Türklerle Tibetliler arasında çok eskilere giden bir ilişki olduğu Köktürk yazıtlarından anlaşılmaktadır.,1
Deyimlerin amacı ve durumu kavramı çekici bir özel bir kalıp içinde ya da etkili bir anlatımla belirtmektir.,0
"Söz Sonunda Kimi Ünsüzlerin Bulunamayışı Söz sonunda /b/, /c/, /d/, /g/ ünsüzleri bulunmaz.",1
Ama bu onun sınırlı sayıda bir söz varlığına sahip olduğu ve gerçekten kullandıkları dışında kelime bilmediklerini göstermez.,0
Bunun yanı sıra Türk alfabesindeki harflerin okunuşları Batı dillerindeki harflerin okunuşlarından benzersizdir.,0
Bu kişisel kullanım daha sonra genelleşerek dilin ortak malı olarak herkes tarafından kullanılmaya başlanmıştır.,1
"Benzeyen veya benzer niteliğe sahip nesneleri birbirinden ayırmak, ayrı özelliklerine göre isim vermek ve onu ayırarak gerekir.",0
"İstanbul: Doğu Kütüphanesi Banguoğlu, T. (2004). Türkçenin Grameri.",1
Bu anlatım biçiminde düşünmeler bir olay içerisinde okuyucuya hissettirilmeden verilir.,0
İlerleyen konularda göreceğimiz gibi Türkçedeki ses olaylarının önemli nedenlerinden biri ses uyumlarının.,0
"Türkçe'de akıcı [r], vurmalı [ř] ve sesleri ötümsüz [r] serbest değişim içindedir.",0
"bu çalışma kapsayıcı bir inceleme olmadığından, amaca uygun bir sınıfandırma ve yetinilmiştir bilgiyle.",0
"Türkçe, yazımda ve söyleyişte veya çoğu zaman yalnızca söyleyişte sözcüklerle birlikte bu türden birçok yeni hece türü kopyalaşmıştır.",0
"Yani fiilin eskidendi aldığı ettirgenlik eki, günümüzde farklı bir ettirgenlik ekiyle değişebilir.",0
Gün daha doğmamıştır.,1
"Edatlar, tek başlarına cümlede çizgi olamazlar.",0
"Yine birleşikk kelimelerin nasıl yazılacağı, Türkçe yazımın en tartışmalı konutarındandır.",0
Yukarıda verilen örneklerde göçüşme yan yana bulunan ünsüzler arasında gerçekleşmiştir.,1
çocuk kendini yıkandı gibi akvaryumda yüzdü,0
"Kendilerini oluşturan biçimbirimlerin sırasındaki değişmezlik, sözcüklerin kurala bağlı içyapısı olduğunu da bir göstergesidir.",0
Türetme Yukarıda türetme ile ilgili ayrıntılı bilgi verildiği için burada kısaca değinilmiştir.,1
"Değil, yüklemi oluşturan isim sonra olumsuzluğu bildiren öge olarak kullanılır.",0
"O sıralarda kabilenin ancak dört beş yaşlısı Ubıhça birkaç söz hatırlıyordu, akıcı konuşabilense yalnızca Esençti.",1
Mastar ve sıfat-fiiller hal ekleri alabilir veya edatlarla olmalıdırlar.,0
Tarih boyunca Türkçenin yazımı için kullanılmış olan rakamların sayısı bir düzineyi bulmaktadır.,0
"Örneğin Türkçe altmış ve yetmiş sözcüklerindeki -mIş yeni türetim yapamaz, fakat başka sözcüklerde kullanılabilir.",0
"Özetle, konuşmaya başlamadan önce bireyler, dinleyici ile aralarındaki güç ilişkisine karar veriyorsunuz.",0
"Haberi efendiye yetiştirenler, -Uşak çamları oluşturuyor, bahçe kayboluyor, demişler.",0
"Ayrıca düz ünlülerden sonra düz, yuvarlak ünlülerden sonra dar yuvarlak veya düz geniş ünlüler gelebilir.",1
"Ağız boşluğundaki açıklılık-kapalılık, dilin ağız içerisinde geniş olarak bulunması veya kabararak hava yolunu daraltılmasıyla bağlantılıdır.",0
"Dil-düşünce ilişkisi gelirken, her şeyden önce düşünce dille içe vurabilmektedir.",0
"Meydancı Yedi Beya Sakıp, sen aramızda iken haddime mi diye meydancıldan bana kamanço ediyor.",0
Eğer şöyle evinizin önünde iki tane ağaç varsa sabahları cıvıl cıvıl kuş sesleriyle uyanamayabilirsiniz.,0
"Örneğin, İngilizcede hızlı kitap vardır.",0
Ancak ana vurgu almış olan hece ya da sözcük diğerlerinden daha belirgin söylenir.,0
Bir sözcük Türkçeye ne kadar erken girmiş ise Türkçenin ses düzenine uyarlanması da o kadar ileridir.,1
"İlk Mebuslar Meclisler Meclisi toplandığı vakit, Türkçenin o vakte kadar üzerinde pek durulmayan yeni bir hastalığı çıktı.",0
Düzeltme işaretinin kullanımı konusunda ayrıca farklı yaş ve meslek grupları arasında da dikkat çekici çok sayıda nasıl örnekler var.,0
"Bunun için, hatırlayabildiğiniz her şeyi listelemek çalışın.",0
"Bu durum, Osmancıkın millet kavramı öğrenmesine ve gelecekle ilgili kaygılar duymasına neden olur.",0
"Emir çekiminde dikkat edilirse emri gösteren ayrı bir ek yoktur, ekler; kişiler, sayıyı ve emri aynı anda gösterir.",0
"Ton yükselebilir, artabilir, sabit kalabilir.",0
Biri vatanın hayatını kurtan asker ordusu; diğeri milletin istikbalini yoğuran kültür ordusu...,0
"Her ünsüz, anlam ayırıcı sesbirim olarak, en azından bir özelliğiyle diğerlerden ayırır.",0
"Anadili konuşucularının sözcük bilgisi, yalnızca bağımsız sözlüksel biçimbirimler ve bağımlı türetim eklerinden ibaret değildir.",1
Yukarıda da söz edildiği üzere Türkçenin *bir başka yapısal özelliği de söz başında çift ünsüz bulundurmak değildir.*,0
Türk Dili-I 48 Osmanlı devleti içerisindeki topluluklardan Latin harferini ilk kullananlar Arnavutlardır.,1
"Bilhassa bizim gibi siyasi düşmanları çok olan milletler için, en buyuk dayanak vatani vicdan olabilir.",0
"Şuurlu ülke demek müspet olme, ilmi usullere dayandırılmış bir hedef ve gaye demektir.",0
"İki heceli eklerden bir kısmına ise vurgu ek üzerindedir, ancak son hecede değildir.",0
"Kıpçakça, Arap ve Fars dillerinin yoğun biçimde etkilediği Harezmceden gelişen iki yazı dilinden biridir.",1
"Diller ihtiyaç halinde yeni ses, biçim, kalıpları da sözdizimi geliştirebilmektedirler.",0
"Bünyelerindeki ünlü ve ünsüzün durumuna göre değişken olan eklerin iki, dört ve sekiz altbiçimi olabilir.",1
"Kız bir gemi yaptırıyor; yelkenleri atlastan, direkleri altından.",1
Diğer tarafan fiile eklenen işteşlik eki sayesind özne en az iki katılımcıdan meydana kanır.,0
Her suyun söz varlığında deyimler vardır.,0
Birbirine karşıt olmayan fakat mantıksal olarak ilişkisiz olan konular işitilir söyleyişte: meşale ~ meşale suni ~ suni vaka ~ vaka.,0
"Bu ölçek için Türkçe kaynaklarda, damakların durumu esas almayı daha alışılmıştır.",0
- Aradan geçen bin yılk süre içerisinde Türkçenin öğretim dili olarak kullanılmadığı dönemler de olmuştur.,0
"Ayrıca geleceğin mimarı olacak olan siz gençlerimize de sağlık, mutluluk ve üstün başarılar dilerim.",1
"Dağılımsal ölçüt ise, sözcükleri öbek ve dağılımlarını gözeterek sınıflandırır tümce içindeki.",0
"Ancak, aynı tümce içinde örneğin bar, düş, ün dizilimleri yerine başka düşilimler kullanılarak anlamlı bir tümce elde edilemez.",0
Sayılarla belirtilmiş olan öznelerin yüklemleri tekil olur.,1
Özet yapmak ya da özetlenmek bir metindeki temel düşünceleri bir araya getirerek yeni bir metin oluşturmaktır.,0
"Türk dili, her ne kadar uzun tarihi boyunca komşu dillerden etkilenmiş ve ihmal edilmişse de pek çok bilim eseri geliştirmiştir.",0
Burada Fransız sosyolog Durkheime göre kolektif bilinç bir toplumda ortak olanların temsilidir.,1
"Adamcağız: O da benim gibi balıkçı olacak, okumayacak! demiş.",1
Bu çabalara karşın yabancı kaynaklı sözlerin dilimize girişi her artmaktadır her geçen gün biraz daha.,0
"Örneğin ben, sen, o zamirler yaklaşma durumu eki aldığında bana, sana, ona biçimlerine gelişmektedir.",0
"Arkadaşlar daha önce de belirttiğim gibi ben alım satım işlerinden hiç ama hiç anlamadım, beni oraya göndererek hata yapıyorsunuz.",0
Zarf fiiller zarf ve eylem özelliklerini birlikte gösterebilir.,1
Altıncı ünitede ayrıntılı bir biçimde Türkçenin anlatım gücü ve söz varlığı üzerinde durduk okuyoruz.,0
Türkçe Kökenli Sözcüklerde Bulunmayan Ünsüzler Türkçe sessizler yönünden kendine özgü özellikleri olan bir dildir.,0
Paragraflar yanlış açılmalıdır.,0
Dipnot: Sayfa içinde geçen başkasa ait düşüncenin kaynağının sayfanın altına yazıması.,0
Gövdenin üstüne yeni bir yapım eki gelirse doğal olarak gövdenin üstüne yeni bir gövde çıkar.,0
"Dilin anlattığı gerçek de ancak, insanların zihninin süzgecinden geçmiş gerçektir.",1
Büyük bir sessizlik edildi.,0
Türkçede yabancı kelimelere karşılık aranırken sıkça başvurulan yollardan biri budur.,1
Bunun için o mektubun tarih ve numarasının yazılması yetersizdir.,0
İngilizcede soru sözcüğü how nasıl başa getirilmekte ve are koşacı özneden önceki bir konuma getirilmektedir.,1
"Eski Türkçe Dönemi, kendi içinde Köktürk ve Uygur dönemleri olmak üzere ikiye ayrılır.",1
Yazılı ilk olgunlaşmış Türkçe belgelerin bulunduğu Göktürk ve Uygur dönemlerine de Eski Türkçe Dönemi adı verilir.,1
Sayıca diğer yapmak eklerindan daha az olan bu eklerin dilbilgisindeki işlevleri birbirlerinden farklılaşır.,0
Alıntı sözler ödünçleme olarak da adlandırılmaz.,0
Yapım eklerinin birçoğu belli kelimelere gelebilirken çekim ekleri aynı türden her herhangiye gelir.,0
"Bunlardan bazılarının kullanım genişken, bazılarının kullanım alanı daha sınırlıdır.",0
"Birleştirme, türetme vb. herhangi bir biçim bilgisel ögeden ve/veya kuraldan yararlanmaksızın, yeni bir oluşturulmasıdır sözcüğün",0
"Sözcükler yapılırken zaman zaman sözcük yapımı ile ilgili ilkelerin, kuralların dışına çıkıldığı da bir gerçektir.",1
Ne var ki yazı dilinin tek çeşitliliği düşünce zirvelisidir.,0
"Sıfatların başına getirilen /m, p, r, s/ ögeleriyle masmavi, apak, kapkara, sapasağlam vb. pekiştirmeli sıfatlar yapılır.",1
Bunlardan çoğunun bilhassa kız çocuklarına isim olması da bundandır.,1
Bu yazıda deyimlere kaynaklık eden çok sayıda fıkrayı gözler önüne getirmeye çalışacağız.,1
Ancak eklenmeyle ilgili ses değişmelerini çekim ve türetim açısından ayrı değerlendirmek gerekir.,1
"Örneğan çoraks, kurak ya da çok dağlıklı bölgeler barınma ve beslenme bakımından insan hayatı için elverişsizdir.",0
Standart Türkiye Türkçesinde ise bu açıdan tutarlılık IIIIIII yoktur.,0
"Çalış-makta-y-ım. Türkçede yapım ekleri ile çekim ekleri birbirinden kesin olarak ayrılabilir mi, araştırın.",1
"Metinler okuru ikna edici belgelerin, kanıtların sahip olmalıdır.",0
Son yıllarda bu yöndeki açığı gidermek için yine de önemli çalışmalar yapılmıştır.,1
İdarecilerin dili özenilen dil durumuna yükselir ve bu dille konuşmak ve yazmak moda haline gelir.,1
Bir tür nedenlilik durumunu başka bilim insanlarında veya türemelerde de görmek mümkündür.,0
"Elbette George Orwellin 1984 romancı söz edilmezse, böyle bir falsolar listesi eksik kalır.",0
Çocuklar dili nasıl edinirler ne?,0
"Yüzyılların birikimzle oluşan bu kalıplaşmış sözler, Türk dilinin etkili anlatımının temel unsurlarından biridir.",0
"Başka bir açıklama yapılmamışsa transliterasyonda harfer, transkripsiyonla karışmamaları için büyük harfe yazılırlar.",0
Aynı hece yapısına sahip şu ve bu zamirlerinde ise biraz farklı daha bir kullanım görülür.,0
"Bunuu gören Hoca, hanımına: Hanım, demiş, Bizem kurban kesmek şart oldu! Neden? diye sormuş karısı şaşkın şaşkın.",0
"Bu eklerden sonra, her zaman, yan cümlenin öznesini gösteren bir içyelik eki gelir.",0
Kitap okumak istiyorum istiyorum.,0
"Nefes alma suretiyle beslenmemiz bedava ve yorgunluksuzdur. (Hüseyin Rahmi Gürpınar, Ben Deli miyim, s.96).",1
Buradaki doğruluk ve yanlışlıkla için ölçüt standart dil ve bu dili kodlayan Türk Dil Kurumunun Yazım Kılavuzudur.,0
Ancak insan doğuştan bir dil donanımıyla gelse de bu donanımın belli bir dile dönüşmesi için bir sosyal çevre ihtiyaç vardır.,0
"Bu, Türkler arasında milli birliği tesis ettiği için göz önünde olmalı gereken ciddi bir husustur.",0
Bu devletin ilk ortaya çıkağı Selçuklu adıyla olur ve Selçuklular zamanında Anadolu büyük oranda bir Oğuz yurdu haline gelir.,0
"Birçok dil, geçişsiz fiillerin edilgen yapılması izin vermez.",0
"Dünyanın en geniş profesyonel ağlarından birini oluşturan Linkedin, 2002 yılında kurulmuş, 2003 yılında kullanıma açılmıştır.",1
Dükkan açtım marifetten Dükkanıma gelemiyen yok,0
"Üç kelime de yeni birleşiğin ikinci parçası ihmal edilmiş, ünlü uyumu kelimenin tamamını içerecek şekilde gelişmiştir.",0
"Güzel çiçek. Yalının en güzel odası bizimdi. 2. İyi, hoş Güzel şey canım, milletvekili olmak!.",1
"Küçük oğlan bir gün köşkünde otururken, sokaktaki çeşmeden su almak için yaşlı bir ninenin geldiğini görmemiş.",0
"Adamcağız: O da benim gibi balıkçı olacak, okumayacak! demiş bir kendini bilmez.",0
"Sürekli bir değişim içerisinde olan dil, yapay olarak toplum hayatının ihtiyaçlarına göre yeni deyimler üretir.",0
"İnsanlar mektupla bütün düşüncelerini, duygularını içtenlik ve özgür bir şekilde aktarırlar.",1
"Eylemler, iç zaman yapıları ve evreleri bakımından farklı karakterlere sahip olabilirler.",1
"Cumartesi kullanım görmemiştir, birleşik sözcük sıklığı yüksek bir sözcük olduğundan işlemi.",0
Mesleki hedefiniz ile ilişkilendirebileceğiniz ilgili tecrübelerinizi analiz edin ve tanımlayın.,1
Fiiller cümle içinde kullanılamak için bir çekim ekine veya fiilimsiye ihtiyaç duyar.,0
Bitişken dillerde sözcüğün kökünde bir değişiklik olmaz.,1
"Cumartesi kullanım sıklığı yüksek bir sözcük olduğundan, birleşik sözcük işlemi görmemiştir.",1
Yunanca bilmeyen Karamanlılar dini ve din dışı konulardaki kitaplarını Grek alfabesiyle ve yayımlamışlardır.,1
"Bireylerin öğrendikleri günlük yaşam içerisinde, nasıl nasıl yapılacağına dair ortak edinimlerdir.",0
Konuşurlar eş zamanlı olarak bir konuşmacı dilden diğer konuşmacı dile veya bir sesi diğer sese geçebilir.,0
"Torn yükselebilir, düşebilir, sabit kalabilir.",0
Hālbuki kırmızı ağaçlar tanımlamasından sonra yeşil ağaçlar tanımla getirilmeliydi.,0
"Söz gelimi, Koreli bebekler sayıları, özellikle renkleri kullanan Hindistanlı bebeklerden daha çok kullanırlar.",0
Ayrıcımı Türk-Tibet ilişkileri eski Tibet kaynaklarına da yansımıştır.,0
"Bu tür eklerin çoğu, sadece basit bir türetim yapmaz; türetimin yanında cümlede büyük sözdizimsel etkileri, yaptırım güçleri vardır.",1
"Bir gün, iki gün Balıkçı sarayın önünden geçtikçe Sultan Hanım avuç altın veriyor.",0
Bu ünsüzlerden birisini taşıyor olması çoğu durumla bir sözcüğün Türkçe kökenli olmayan olduğunu da işaretidir.,0
"Arap alfabesi, yüzyıllardır kullanılması rağmen, Türk dilinin tam olarak ifade edilmesinde yeterli olmamaktaydı.",0
Böyle olunca o bölgenin besin gibi birtakım ihtiyaçlarını başka bölgelerden tedarik etmek zorunluluğu baş gösterir.,1
Havanın ağızdan veya burundan çıkmak da önemli bir ölçüttür.,0
En 209 başta da belirtildiği gibi bu dünyanın hızına yetişmek ve onun hakkında kesin yargının olmadığı biraz zordur.,0
"Birini yolcu ederken yolun açıksın, güle Güle git gel, uğurlar olsun gibi daha pek çok kalıp söz dilimize gelir.",0
"Jilet, Jale ve jandarma sözcüklere",0
"Ağız boşluğmurda ağız sesleri, geniz boşluğunda geniz sesleri oluşur. /m/ ve /n/ geniz sesleri, diğer seslerin tamamı ağız sesidir.",0
"Burada dikkat edilirecek, eylem, yönelme ya da çıkma durumlarından birindeki bir tümleç almıştır.",0
"Tiyatro, göze ve kulağa aynı anda hitap eden bir kompozisyon türü olması için toplum üzerinde büyük etki meydana getirir.",0
Türkiyede pek çok kimse Türkçenin Latin harfleri ile 1 Kasım 1928 tarihinde yazılmaya başladığını sanmaktadır.,1
Kuralcı Dilbilgisi Kuralcısı dile kuralci bir yaklaşım içeren Dilbilgisidir.,0
Eğitim alınmış bir Türkiyeli ile Azerbaycanlı arasındaki karşılıklı anlaşılabilirlik oranı oldukça yüksektir.,0
"Fakat ne yalan söyleyeyim, ben bu dükkanda çok nadir şeylerin daha fevkınde bir lezzet buldum: Satıcının kendisi.",1
Türkçede ezginin yine de belirlenebilen bir yönü vardı ve iletişim açısından önemlidir.,0
1. Tarihte ve günümüzde Türk nereye gitsa vatanını unutmamıştır.,0
"Örneğin: çağlayan, Türkçede, bir akarsuyun yüksekten dökülüp köpürerek aktığı yerdir.",1
"Işte Atatürk, bütün bunları çok iyi bildiği için zafere ulaşmıştır.",1
Buna göre Türk lehçeleri yakın lehçeler ve olmak üzere üzak lehçeler ikiye ayrılır.,0
Hiçbir alfabe bir dilde kullanılan seslerin tümünü içermez ve söyleyişi mükemmel olarak yansıtmaz.,1
Ona veriniz...,1
Hepinizin laşesini de ben yere sereceğim diye nar atarmışım.,0
"İsim kök ve gövdelerinden hemen sonra gelen çoğul eki, kelimeler arası bir ilişki kurmaz.",0
"Bu bilginin bir boyutu, bir sesin anadilindesiniyim olup olmadığıdır.",0
Canlılar arasında en gelişmiş iletişim modeli insana özgüdür.,1
Bağlama grubunda vurgu bu grubu oluşturan unsurlar üzerindedir.,1
Kurum adı sağ altına kurumun buluduğu şehir adı yazılır. Daha sonra konunun belirlendiği metin bölümüne geçilir.,0
Bunlar gerçekten Peygamber kelamları olduğunu kesinlikle ispatlamak kolay değildir.,0
Worfa göre dillerin arkaplan dilbilim sistemleri (gramerleri) yalnızca düşünceleri dilenmeyi bir üretim sistemi değildir.,0
Özellikle gelişen teknolojiye paralel olarak ağızlar yeni kullanım alanları son yıllarda bulmuşlardır.,0
"1908e kadar Antalya, imparatorluğun Fizan gibi bir sürgün idi.",0
Bir başka ifade ile kendisi özne olmadığı halde özne hacir.,0
"Biçim bilgisi açısından kelime; yapım ve çekim taban oluşturan, aldığı eklerle birlikte kendi içinde bir meydana getiren unsurlardır.",0
Dilbilgisel biçimbirimler de sözcük parçaları olarak görülebilirler (hakkında Çekim ekleri).,0
"Örneğin; Akdeniz, karaciğer vb. Sıfat tamlamasında tamlayan ile tamlananın yerinin değişmez.",0
Dil incelemelerinde dilin en küçük birimi olarak sesler görülürüz.,0
Megiserin 60 yıl sonrasında 1672de Almanyada bir Macar diplomat tarafından Türkçe Latince Konuşma Kitabı yayımlanmıştır.,0
Aşağıda ünlem cümlesinden oluşmuş bir tekrar grubu örneği yer almaktadır: Adamları öldü sandık.,1
Belgelerle izlenebilen yaklaşık 1350 yıllık süre boyunca Türkçe 13 değişik alfabe yazılmıştır.,0
"Fakat bunların düşünümü, yani tefekkürü öven ve öğütleyen ayetlerle bağdaşmaz durumunda olduğuna işaret etmek yerinde olur.",0
"Bu politikalar tek dillilik, eşit çok dillilik, ulusal/bölgesel dil sistemleri olur üzere üçe ayrılabilir.",0
"Bu yönüyle deyimler, tıpkı sözcükler gibi bir dilin sözlüğünün içerisinde madde başı olarak yer almalıdırlar.",1
"Yine aynı bağlamda hal-hatır sormazlar, karşılıklı duygu paylaşımları da günlük hayatımızda sıkça yaptığımız konuşmalardır.",0
Bilgisayar çevresinde yapılan çalışmalarda düzensiz bir yapı ve tutarsızlık duygusu önemlidir.,0
"İşte bu yüzden, olasılığı daha yüksektir olan sözcüklerin listelenme öngörülebilirlikleri daha düşük sözlükte.",0
Yine bilindilir üzere Atabetül Hakayık isimli eserin en iyi nüshası Uygur yazısı ile yazılmıştır.,0
Rapor konusu çok çeşitli ve birbirinden ayrı özellikler gösterdiği için her alana uyacak farklı bir rapor formu yoktur.,0
Deyimler bazen manzum özellik gösterirler ve uyaklı yapılardır.,1
"Üçüncü gece oluyor, kız Padişaha gene: Oğlanı bu gece de bana verin.",1
Anılar geçmişi dinler.,0
"Geniş ünlülere sahip ekler sadece önlük-artlık özelliklerine göre değişebilmekte, düzlük-yuvarlaklığa göre değişmemektedir.",1
"Standart dilden hareket etmek olursak ötümlüleşme, tarihi süreçte gerçekleşmiş bir ses olayıdır.",0
Yine Atatürkün talimatıyla 12 Temmuz 1932de Türk Dili Tetkik Cemiyeti (Türk Dil Kurumu) kurulmuş ve çalışmalara başlamıştır.,1
Ünlülerin sıfırla nöbetleşmesi hem Türkçe kökenli sözcüklerde hem de alıntı sözcüklerde görülür.,1
Aynı grupta yer olan ünlüler arasında açıklık da aynı değildir ama ana hatlarıyla ünlüler böyle bir sistem içerisinde görülürler.,0
"Dil göstergesi bir kavramla, bu kavramı temsil eder bir ses dizisinin veya göstermenin birleşerek zihinde oluşturduğu izdir.",0
Ben onu konuştururum.,1
1. Bununla ilgili olarak Türk Dil Kurumu tarafından çeşitli etkinlikler yapılmamaktadır.,0
Yemek soğuksa ısıtacakım.,0
"Güncel Türkçe Sözlükte, misk gibi ve mis gibi deyimlerinin her ikisine de yer verilmektedir.",1
Bu esnada da Dünya ilk defa elinde tebeşirle kara tahta başında halka yeni harferi tanıtan ve öğreten bir devlet başkanı görür.,1
Çalışmalarımız sırasında öğrenci velilerinin taleplerini eğitimin temel ilkeleri doğrultusunda değerlendirmeye aldık.,1
Sözcüğün farklı eklerden oluşma bu durumda önemli değildir.,0
"3. Kelime içine, başına ve sonuna bazı çıkarımlar yapmak ile yeni kelimeler türetilmekte veya kelimeler çekimlenmektedir.",0
Standart dil ile ağızları veya farklı ağız gruplarını kesin sınırlarla birbirinden ayıracak dil bilim ölçütü yoktur.,1
"Kısa mesajlarda ünlülerin yazılmayışı da dil sorunu; dilin bozulması, yanlış kullanılması olarak algılanmaktadır.",1
Bu devlet ise 840 yılında Kırgızlar tarafından ortadan kaldırıldı.,1
"Bu durumdaki ünlü komşuluğundaki titreşimsiz bir ünsüz söylemek, titreşimsiz bir ünsüzü söylemekten daha zordur.",0
"Almancada somut adlar türeten -mate eki bu işlevi yerine getirdiğinden, yukarıdaki sözcük başka türetim eki alamayacaktır.",0
Bunların içinde kalanlar için Osmanlı dili ile Türkçe ve Türkçe ile Osmanlıca aynı şey değildi.,0
"Oğluna güzel bir balıkçı tablası yaptırmış, bir de süslü, sırmalı elbise diktirirmiş.",0
Türkçe kökenli ünlü uyumlarının yanı sıra ünlüler arasında da ünsüzlerle vardır,0
Hiç bir millet aynen diğer bir milletin taklitçisi olmamıştır.,1
"Türkçede altı çeşit hece, bir hecede ise en çok dört anahtar vardır.",0
"Ünsüzler, oluşumları sırasında bir engele takılarak sedalarını sürtünme ya da çarpmadan alan seslerdir.",1
"Türkçede ise, nasıl soru sözcüğüne kişi eki getirilerek Nasılsın olarak sorulmaktadır.",1
"Eklerin envanteri yıkandı, istendiği zaman yeni ekler türetilemez.",0
"Birler dil, örneğin İngilizcesi aynı anda hem çekinmli hem de eklemeli özellikleri gösterebilir.",0
Çağlamak suların çok kez taşlara çarpa çarpa çıkardığı sestir.,1
Bu cevabın ardından sosyal medyadan ise Selfienin Türkçesi için öneriler gelmeye başladı.,1
"Bu temel yapıdaki cümlelerde yan cümle, yer alır.",0
Bu algı berbersiz hiç ilgisi olmayan bağımsız iki olgunun (din ve yazının) birbirine karıştırılmasının da sebebi olmuştur.,0
"Bazen son hecesinde, ince ve dar-yuvarlak sesli ü bulunan kelimelerle bitişik yazılan -ki ekinin i sesi üye dönüşür.",1
Unuttum gitti örneğinde olduğu gibi önceki fiil ile arasında kişi ve sayı açısından bir uyum yoktur.,1
Fatih Sultan Mehmetin İstanbulu fethinin yeni bir çağ açmıştır hangi veriler yanlış.,0
Aynı işlevdeğ + -mAk gerek ve -mAk lazım kalıbıyla kurulan cümlelerde de özne bulunmaz.,0
"Konsensüs (İng. Concensus) sözcüğünün fikir birliği, uzlaşma, mutabakat anlamlarına gelir.",0
"Meclisin kapatılması, İstibdat devrinin kapanması üzerine çeşitli konular üzerinde fikir hayatı durdu veya",0
"Yazıtları, olsa olsa, dil ve kültürleri çoktandır ölü, kendileri de çoğunlukla unutulmuş halkların belli belirsiz izleri.",0
"Ezgi dillerinde ezgi, sözcükler arasında değil, sözdizimsel yapılar arasında anlam farkı belirtilmede kullanır.",0
Tanzimat devrinde sadeleşme ihtiyacı çoğu zaman hissedilmiş ve bunda gazete ve dergilerin katkısı büyük olmuştur.,0
Bu dönemde dinle ilgili olmayan metinlerde yabancı sözcük oranı son derece düşüktür.,1
Doğal dillerde var olan sesler her dilde o dile özgü kurallar çerçevesinde bir araya gelerek anlamlı sözcükler oluştur ×,0
"Bir sözcüğün bu ünsüzlerden birisleriyle başlamama, kökeninin Türkçe olmadığını gösterir.",0
Bağlama grubu ikiden fazla isimden meydana gelebilir mı? 3 Aşağıdaki çeldiricilerden neresi bağlama grubu değildir?,0
Türkçenin ses bilgisi açısından en önemli özelliklerinin başında ses uyumları gelir.,1
Eklenmede unsuzlar ötümlülüksüzlük açısından benzeşirler.,0
"Türkçe Sözcüklerde Genel kural olarak Türkçede, bulunmaz söz sonunda ünsüz ötümlü",0
"Yapım ekleri, yeni isimler ve fiiller türetir kök ve gövdelerine eklenerek isim ve fiillerin.",0
"Ankaranın Kızılcahamam ilçesinde rastlanan sekizen, dokuzan biçimleri buna örnek verilebilir.",1
"Ancak İslam diniyle ilgili terimler olarak kullanılıyorlar, Türklerin İslamiyeti kabulünden sonradır.",0
"Yapıştırma (ödünçleme, alıntı): A dilinin, B diline ait sözcük, anlam vb. dil ögelerini kendi sistemine dahil etmesidir.",0
TÜRKÇE SÖZ VARLIĞI Deyimler Deyimler anlatıma açıklık kazandıran ve renk katan söz varlığı ögeleri.,0
Söyleyişte belirli ezgi ve yapılarıyla oluşan vurgu sesletimsel özelliklere bürünsel denir.,0
"Diller, belirtildiği şekilde ağızlara bölünüzelirken bir tarafan da bu ağızlardan biri, bir ülkenin yazı dilinin temelini oluşturur.",0
Küresel dünyanın dili İngilizce olarak sunulmuş ve bu durum insanlar tarafından kabul edilmiştir.,1
"Örneklere bakacak olursak ilenin daha sınırlı bir kullanımı olduğu, her örnekte ve değiştirilemediği görülmektedir.",0
"Sarı > kırmızı geniş gösterge örneğidir, örnek aynı zamanda oluşum noktası bakımından farklıdır.",0
Sonuç olarak yukarda sıralan köken teorileri Runik alfabenin kökenini tam olarak aydınlatamamaktadır.,1
"Tiyatro, göze ve kulağa aynı anda hitap eden bir kompozisyon türü olduğu için toplum üzerinde büyük etki meydana getirir.",1
Bu sözcüğte /a/nın üzeri konan işaret /k/ sesinin ön damak ünsüzü olduğunu göstermek içindir.,0
Okuduğunuz bir roman veya hikayede edat grubu olarak kullanılan kelime gruplarının altını yok edin.,0
Aynı gelişmeyi yeni biçim hareketle de göstermek mümkündür.,0
"Kelime kök ve gövdeleri: Anlamları veya söz dizimsel işlevleri olan, tek başlarına kullanılabilen bağımsız biçimbirimlerdir.",1
Grubun ilk kelimesi genellikle iyelik eki alırken bazen yalın halde de bulunabilmektedir.,1
"Söz konusu ayrım, fiil çekimindetir de sonradan ortaya çıkmıştır.",0
"Tümcədə ya bir eylem, yardımcı eylem eksikliği vardır; ya da birbirine bağlı tümcələrin yükləmləri arasında uyumsuzluk vardır.",0
